{"basic_statistics": {"weight_avg": [0.05122559517621994, 0.15054191648960114, -0.024220485240221024, 0.052149899303913116], "bias_avg": [0.10032616555690765, -0.012916328385472298, 0.027457144111394882, 0.08029566705226898]}, "sparsity": {"nnz_weights": [56, 49, 49, 7], "total_weights": [56, 49, 49, 7], "nnz_biases": [7, 7, 5, 1], "total_biases": [7, 7, 7, 1]}, "layerwise_pca": {"explained_variance": [[0.07287395000457764, 0.020809929817914963, 0.01353986095637083, 0.0024830205366015434, 0.0022887499071657658, 0.000437019276432693, 0.00026103993877768517], [0.08260098844766617, 0.036529622972011566, 0.013248653151094913, 0.00667388504371047, 0.0011894031194970012, 0.0007144498522393405, 0.00041945220436900854], [0.23828963935375214, 0.027758058160543442, 0.005324054509401321, 0.0014162316219881177, 0.0005310511332936585, 4.757423083108087e-17, 0.0], [0.035992033779621124]]}, "linear_probes": {"mse": [0.0188558562656396, 0.018089547812868294, 0.017362126460443307, 0.01668253709260238], "mae": [0.0992046704914351, 0.09683933099770334, 0.0940919944890829, 0.0921747291843725]}}