{"loss": 0.017902420833706856, "val_loss": 0.015866147354245186}