{"sparsity": {"nnz_weights": [88, 121, 121, 121, 121, 121, 121, 11], "total_weights": [88, 121, 121, 121, 121, 121, 121, 11], "nnz_biases": [11, 10, 10, 9, 9, 10, 11, 1], "total_biases": [11, 11, 11, 11, 11, 11, 11, 1]}, "basic_statistics": {"weight_avg": [0.04570840299129486, 0.01008025836199522, -0.007209906820207834, 0.01906810700893402, 0.050857871770858765, 0.04478709027171135, 0.09723058342933655, -0.023163460195064545], "bias_avg": [0.022614695131778717, 0.01674806699156761, 0.0029685667250305414, 0.01645100861787796, 0.033862169831991196, 0.030515797436237335, 0.039465464651584625, 0.0836687758564949]}, "layerwise_pca": {"explained_variance": [[0.15401645004749298, 0.06285147368907928, 0.018091769888997078, 0.004297102801501751, 0.0024179304018616676, 0.0011521360138431191, 0.0008829058497212827, 0.0004679714620579034, 0.000203580959350802, 4.184206773061305e-05, 6.223787352155341e-08], [0.06711170077323914, 0.03778817877173424, 0.014327913522720337, 0.0036942416336387396, 0.0017251396784558892, 0.0007162149413488805, 0.0003844359307549894, 0.00027688656700775027, 3.3492942748125643e-06, 4.349556714799974e-09, 9.36320063344193e-18], [0.03207025304436684, 0.02218024805188179, 0.01145508885383606, 0.0015021440340206027, 0.0007821318577043712, 0.0005133012309670448, 0.00035927537828683853, 7.898161129560322e-05, 6.142508398378937e-18, 8.279990043715723e-20, 0.0], [0.031729791313409805, 0.014263195917010307, 0.0036255435552448034, 0.0009520939202047884, 0.0006733807967975736, 0.00024908300838433206, 0.00014292923151515424, 3.4926048101624474e-05, 1.120189957504331e-19, 4.450303185265964e-21, 0.0], [0.06555061787366867, 0.012112058699131012, 0.002696575131267309, 0.0015894359676167369, 0.0002374905307078734, 0.00013366268831305206, 7.220117549877614e-05, 2.1960535377729684e-05, 9.671801554089754e-12, 9.150341419233047e-18, 7.460560113502317e-19], [0.14465786516666412, 0.022894414141774178, 0.008165283128619194, 0.0013312606606632471, 0.0005251906113699079, 0.00011380326031940058, 9.343862620880827e-05, 5.3871528507443145e-05, 2.8994472813792527e-05, 1.0934347301372327e-05, 0.0], [0.5780704021453857, 0.04382499307394028, 0.00232867943122983, 0.0012799216201528907, 0.0004726265906356275, 0.00015675745089538395, 9.511264943284914e-05, 4.3518695747479796e-05, 1.689316559350118e-05, 6.5024682953662705e-06, 2.150905959497909e-18], [0.042055316269397736]]}, "linear_probes": {"mse": [0.01965545006638881, 0.018831832857245403, 0.01634590163478052, 0.01591865916705505, 0.015748515099390428, 0.01448164778578153, 0.014133156927507093, 0.014038340458193372], "mae": [0.10272995516528316, 0.10023476271474824, 0.0911490666308727, 0.08978189697524434, 0.08901745751738915, 0.08407294061941349, 0.08336650951692146, 0.08242170576824057]}, "cca": [[0.9999997664158452, 0.5331086871414847, 0.49986980061660025, 0.4369395825159162, 0.43136834130564755, 0.4096544851363071, 0.3813391082284945], [0.5331086871414847, 1.0000001977312793, 0.5589375509145085, 0.44091172669273376, 0.42186054614356033, 0.3904327387092766, 0.36561367032151215], [0.4998696989678189, 0.5589375509145085, 1.0000000539594576, 0.5535778381955807, 0.5386300541749786, 0.4150920247537018, 0.4720928955904924], [0.43693967755111046, 0.44091172669273376, 0.5535778381955807, 0.9999997664158452, 0.5500811706942893, 0.5944740272377089, 0.5604341235814704], [0.43136834130564755, 0.4218606395244974, 0.5386300541749786, 0.5500811706942893, 0.9999997664158452, 0.6190250793270852, 0.5631663133795438], [0.4096544851363071, 0.3904327387092766, 0.4150920247537018, 0.5944741380888611, 0.6190250793270852, 1.0000000539594576, 0.7182602222754378], [0.38133901944558024, 0.3656137572545762, 0.4720928955904924, 0.560434015950808, 0.5631662054868436, 0.7182602222754378, 1.0000000539594576]], "logs": {"loss": 0.014746444299817085, "val_loss": 0.01416855026036501}}