{"basic_statistics": {"weight_avg": [0.07098205387592316, 0.13506856560707092, 0.09307581186294556, -0.0547700934112072, -0.02219044417142868, 0.022935619577765465, 0.08945930004119873, -0.01279816497117281], "bias_avg": [0.010718496516346931, 0.020183568820357323, 0.026412060484290123, 0.002033904194831848, -0.010652401484549046, 0.06854648143053055, 0.031534381210803986, 0.17407652735710144]}, "sparsity": {"nnz_weights": [56, 49, 49, 49, 49, 49, 49, 7], "total_weights": [56, 49, 49, 49, 49, 49, 49, 7], "nnz_biases": [7, 6, 7, 4, 6, 6, 6, 1], "total_biases": [7, 7, 7, 7, 7, 7, 7, 1]}, "layerwise_pca": {"explained_variance": [[0.05797552689909935, 0.046131595969200134, 0.009847444482147694, 0.0030453847721219063, 0.0009399813716299832, 0.0004000482149422169, 0.00018744180852081627], [0.04620645195245743, 0.022375451400876045, 0.011633994057774544, 0.001243746723048389, 0.0008163992897607386, 0.00015939534932840616, 5.1772459057869734e-20], [0.06943211704492569, 0.02137984149158001, 0.0026332226116210222, 0.0016856695292517543, 0.0002760771312750876, 0.00014850379375275224, 3.337474296927212e-08], [0.1325567364692688, 0.03227321803569794, 0.0011208053911104798, 0.00040580041240900755, 2.90414609650671e-17, 9.64100675517342e-23, 0.0], [0.15318360924720764, 0.017410242930054665, 0.0007456009043380618, 0.00016708060866221786, 3.9046652091201395e-05, 1.0282398221761468e-07, 0.0], [0.29930081963539124, 0.01367258746176958, 0.004472830332815647, 0.00034766466706059873, 0.00021026443573646247, 6.788475002394989e-05, 3.564929650831529e-18], [0.6153634190559387, 0.024115202948451042, 0.0003280741802882403, 0.00010069946438306943, 1.8027108694695926e-07, 1.726970234547165e-20, 0.0], [0.03712756931781769]]}, "linear_probes": {"mse": [0.020355331486481703, 0.020375063849283045, 0.01990575455230635, 0.020253991090471695, 0.017911393364592392, 0.017113359774784582, 0.01712636413000935, 0.01685610784573656], "mae": [0.10466982649320586, 0.10508372365431938, 0.10306099451380699, 0.10467443341268956, 0.09543428750547006, 0.09152234983198859, 0.09158132933406364, 0.09059631332492879]}}