{"loss": 0.016984721645712852, "val_loss": 0.01769424043595791}