{"basic_statistics": {"weight_avg": [0.04060390591621399, 0.14664079248905182, -0.044472839683294296, 0.05734718590974808], "bias_avg": [0.09607993066310883, -0.005259545054286718, 0.015133659355342388, 0.09387625753879547]}, "sparsity": {"nnz_weights": [56, 49, 49, 7], "total_weights": [56, 49, 49, 7], "nnz_biases": [7, 7, 5, 1], "total_biases": [7, 7, 7, 1]}, "layerwise_pca": {"explained_variance": [[0.0758962407708168, 0.017680207267403603, 0.01364611741155386, 0.0032304914202541113, 0.0018054944230243564, 0.0006412863731384277, 0.00033116081613115966], [0.076234832406044, 0.03874511271715164, 0.017150305211544037, 0.008857890032231808, 0.0014155588578432798, 0.0007442482747137547, 0.0004765296762343496], [0.22815437614917755, 0.03590001165866852, 0.010020080953836441, 0.002471527550369501, 0.0010889713885262609, 1.925132346616511e-17, 0.0], [0.03911794722080231]]}, "linear_probes": {"mse": [0.01978850617940151, 0.01843662120257744, 0.01764661557438681, 0.016959715112280567], "mae": [0.10113621016423778, 0.0971586905551913, 0.09400767397705069, 0.09232027938178057]}}