{"loss": 0.016933342441916466, "val_loss": 0.015092450194060802}