{"basic_statistics": {"weight_avg": [0.019481360912322998, 0.0374331995844841, 0.027637070044875145, 0.28602492809295654], "bias_avg": [0.025364182889461517, 0.02455943264067173, 0.023844914510846138, 0.14693737030029297]}, "sparsity": {"nnz_weights": [88, 121, 121, 11], "total_weights": [88, 121, 121, 11], "nnz_biases": [11, 9, 10, 1], "total_biases": [11, 11, 11, 1]}, "layerwise_pca": {"explained_variance": [[0.08842557668685913, 0.04282244294881821, 0.014556671492755413, 0.004693539813160896, 0.0019339772406965494, 0.001643116120249033, 0.0005725156515836716, 0.00019657475058920681, 0.00011335413728374988, 3.86207693736651e-06, 2.3451357265003026e-06], [0.10028211027383804, 0.06431644409894943, 0.01617415063083172, 0.0025289792101830244, 0.0015424805460497737, 0.001058779307641089, 0.0005427636788226664, 0.0002746845129877329, 9.125487849814817e-05, 5.767692183315847e-18, 0.0], [0.32510796189308167, 0.07515401393175125, 0.01601281948387623, 0.0019198658410459757, 0.0011941652046516538, 0.0007079695933498442, 0.00015246684779413044, 0.00010163303522858769, 2.2274221927515648e-17, 3.938670944688607e-18, 1.5010212590578372e-24], [0.03969978541135788]]}, "linear_probes": {"mse": [0.02041345587523818, 0.018092180122197335, 0.017775307956955907, 0.01633163817077323], "mae": [0.10651138281815949, 0.09800481967751681, 0.09665873160015781, 0.09095841973462603]}}