{"loss": 0.016245214268565178, "val_loss": 0.014885347336530685}