{"basic_statistics": {"weight_avg": [-0.02456062100827694, 0.02893972396850586, -0.33506447076797485, -0.0006104310159571469, 0.03936632350087166, -0.11066702008247375, 0.0933682918548584, 0.0832429975271225, 0.0910060703754425, -0.26168903708457947, 0.16731375455856323, -0.21402399241924286], "bias_avg": [0.0, 0.0, 0.0, 0.0, 0.0, 0.0, 0.0, 0.0, 0.0, 0.0, 0.0, -0.41882258653640747]}, "sparsity": {"nnz_weights": [24, 9, 9, 9, 9, 9, 9, 9, 9, 9, 9, 3], "total_weights": [24, 9, 9, 9, 9, 9, 9, 9, 9, 9, 9, 3], "nnz_biases": [0, 0, 0, 0, 0, 0, 0, 0, 0, 0, 0, 1], "total_biases": [3, 3, 3, 3, 3, 3, 3, 3, 3, 3, 3, 1]}, "layerwise_pca": {"explained_variance": [[0.04050128161907196, 0.01674753613770008, 0.002006480935961008], [0.024843819439411163, 0.00038641158607788384, 0.0], [0.0, 0.0, 0.0], [0.0, 0.0, 0.0], [0.0, 0.0, 0.0], [0.0, 0.0, 0.0], [0.0, 0.0, 0.0], [0.0, 0.0, 0.0], [0.0, 0.0, 0.0], [0.0, 0.0, 0.0], [0.0, 0.0, 0.0], [8.882322062922759e-16]]}, "linear_probes": {"mse": [0.05314297051340013, 0.05522255829917805, 0.05641132336842408, 0.05641132336842408, 0.05641132336842408, 0.05641132336842408, 0.05641132336842408, 0.05641132336842408, 0.05641132336842408, 0.05641132336842408, 0.05641132336842408, 0.05641132336842408], "mae": [0.18309130680884408, 0.18700642471340412, 0.18831121624560473, 0.18831121624560473, 0.18831121624560473, 0.18831121624560473, 0.18831121624560473, 0.18831121624560473, 0.18831121624560473, 0.18831121624560473, 0.18831121624560473, 0.18831121624560473]}}