{"loss": 0.056729160249233246, "val_loss": 0.05613120272755623}