{"sparsity": {"nnz_weights": [56, 49, 49, 7], "total_weights": [56, 49, 49, 7], "nnz_biases": [5, 6, 5, 1], "total_biases": [7, 7, 7, 1]}, "basic_statistics": {"weight_avg": [-0.06255467981100082, 0.018553337082266808, 0.016943925991654396, -0.2457566261291504], "bias_avg": [0.03773697838187218, 0.0022589180152863264, 0.13771916925907135, 0.2898365259170532]}, "layerwise_pca": {"explained_variance": [[0.06195665895938873, 0.02265721745789051, 0.009936832822859287, 0.0017418295610696077, 3.855457907775417e-05, 9.551883012707113e-18, 1.357912699043478e-21], [0.060265302658081055, 0.011483168229460716, 0.00812921766191721, 0.0004292472149245441, 3.315888150422535e-17, 1.5918907620417517e-22, 0.0], [0.2333846241235733, 0.00713295629248023, 0.003380552399903536, 4.600968532031402e-05, 8.060948175625526e-07, 5.884443453501302e-19, 0.0], [0.038263749331235886]]}, "linear_probes": {"mse": [0.019689330646733182, 0.017888535790220282, 0.017336519634495097, 0.01660046630311323], "mae": [0.10128277162786663, 0.09517568609054852, 0.09356579588806427, 0.09129632798199769]}, "cca": [[0.9999997644420416, 0.729553685776807, 0.42238169483555865], [0.729553685776807, 0.9999994039871061, 0.434835509711663], [0.42238169483555865, 0.434835509711663, 0.9999999446695337]], "logs": {"loss": 0.016688091680407524, "val_loss": 0.016800109297037125}}