{"sparsity": {"nnz_weights": [88, 121, 121, 121, 121, 121, 121, 11], "total_weights": [88, 121, 121, 121, 121, 121, 121, 11], "nnz_biases": [10, 11, 11, 10, 9, 11, 10, 1], "total_biases": [11, 11, 11, 11, 11, 11, 11, 1]}, "basic_statistics": {"weight_avg": [-0.014653850346803665, 0.059732113033533096, 0.04158984497189522, 0.04364842176437378, -0.011265754699707031, 0.0032287954818457365, 0.03357962146401405, 0.07118704169988632], "bias_avg": [0.022974472492933273, 0.02674293704330921, 0.024865562096238136, 0.031796764582395554, 0.012918595224618912, 0.011777624487876892, 0.005248963367193937, -0.035693034529685974]}, "layerwise_pca": {"explained_variance": [[0.030655167996883392, 0.02451077103614807, 0.021789157763123512, 0.0032179653644561768, 0.0010756889823824167, 0.0006417235126718879, 0.0003643304808065295, 0.00020163881708867848, 8.308864926220849e-05, 3.155004378641024e-05, 9.624613488451297e-19], [0.0269729383289814, 0.020145976915955544, 0.012045357376337051, 0.0022541151847690344, 0.00046515828580595553, 0.00036168802762404084, 0.00026800300111062825, 0.00019535096362233162, 0.00015382308629341424, 7.465839007636532e-05, 3.0109080398688093e-05], [0.041980765759944916, 0.015804387629032135, 0.0048346444964408875, 0.0021034525707364082, 0.0005216667777858675, 0.00036924093728885055, 9.983209747588262e-05, 4.690020432462916e-05, 3.7744524888694286e-05, 2.8021993714675445e-20, 0.0], [0.06877169013023376, 0.01642799749970436, 0.0024996537249535322, 0.0009444311144761741, 0.0003689585719257593, 0.0001552883186377585, 3.0904113373253495e-05, 1.900537063193042e-05, 4.849134711548686e-06, 1.507962050470247e-20, 5.394999087650546e-43], [0.10292639583349228, 0.010887340642511845, 0.001373946201056242, 0.000566451286431402, 7.688657206017524e-05, 1.7276377548114397e-05, 1.0405403827462578e-07, 1.3984110758258339e-08, 2.056981210067298e-20, 2.786311160872729e-29, 0.0], [0.06672193855047226, 0.007611390668898821, 0.0016710944473743439, 0.0005764421657659113, 0.00010782566096168011, 2.267913441755809e-05, 1.947202235896839e-06, 1.0501154292796855e-06, 5.0830696096682004e-08, 1.3916453545093077e-09, 5.183635048030539e-22], [0.0392313078045845, 0.015547238290309906, 0.001033572480082512, 0.0004147114814259112, 0.00012464004976209253, 4.076525874552317e-05, 2.237479384348262e-05, 1.5740899470984004e-05, 1.648690840738709e-06, 1.1817177210105e-06, 0.0], [0.0023442108649760485]]}, "linear_probes": {"mse": [0.023984699698011588, 0.024875118941517824, 0.028711100184788663, 0.02918375124013185, 0.03180152184822821, 0.031807217038191685, 0.03210678817217398, 0.03680328453800461], "mae": [0.1162269854283275, 0.11700921083150884, 0.12560594272655473, 0.1275204646413334, 0.1347930345116799, 0.1347524797207454, 0.13556838287800468, 0.14834949207384873]}, "cca": [[0.9999999101876462, 0.678917657820834, 0.5300767431788503, 0.5508035188905079, 0.46585212261768755, 0.4451087185796299, 0.44607198295290634], [0.678917657820834, 1.0000000539594576, 0.6252870435120186, 0.6182358874929925, 0.44545726224243315, 0.42599986185119965, 0.5007498562243365], [0.5300767431788503, 0.6252870435120186, 0.9999997664158452, 0.7802576505428905, 0.6063841875338819, 0.47418805707428646, 0.5705126863286047], [0.5508036255924005, 0.6182360005378665, 0.7802576505428905, 0.9999997664158452, 0.5722224770953672, 0.49501005030412093, 0.5244755931680681], [0.46585212261768755, 0.4454573581994623, 0.6063841875338819, 0.5722224770953672, 0.9999996226440544, 0.4947756043422528, 0.538917624124472], [0.44510881449911144, 0.42599986185119965, 0.4741879580711322, 0.49501005030412093, 0.4947756043422528, 0.9999996226440544, 0.5529658165869684], [0.44607198295290634, 0.5007498562243365, 0.5705126863286047, 0.5244755931680681, 0.538917624124472, 0.5529658165869684, 1.0000000539594576]], "logs": {"loss": 0.057462144643068314, "val_loss": 0.04439093917608261}}