{"sparsity": {"nnz_weights": [56, 49, 49, 7], "total_weights": [56, 49, 49, 7], "nnz_biases": [5, 6, 5, 1], "total_biases": [7, 7, 7, 1]}, "basic_statistics": {"weight_avg": [-0.030341213569045067, 0.0015690402360633016, -0.046088721603155136, -0.23891261219978333], "bias_avg": [0.035352472215890884, 0.010325441136956215, 0.1059076189994812, 0.2058071494102478]}, "layerwise_pca": {"explained_variance": [[0.034512344747781754, 0.023297345265746117, 0.021729322150349617, 0.0022008875384926796, 8.831819807937865e-18, 1.3358966892731397e-20, 1.2798916801166197e-34], [0.07517048716545105, 0.016916099935770035, 0.0060074408538639545, 9.670772851677611e-05, 1.2181841318183217e-18, 2.556794876613843e-21, 0.0], [0.256031334400177, 0.009181859903037548, 0.0024313805624842644, 8.607203199062496e-05, 4.5582558527712536e-07, 9.779152540367282e-19, 0.0], [0.035913288593292236]]}, "linear_probes": {"mse": [0.019912387574903042, 0.018812208162485387, 0.017945666416781456, 0.01781185632837232], "mae": [0.10178054215817987, 0.09810569306924898, 0.09666828899087339, 0.09661265724938202]}, "cca": [[0.9999999446695337, 0.7275054227680552, 0.44952297784009787], [0.7275054227680552, 0.9999999446695337, 0.4237090743244494], [0.44952297784009787, 0.4237090743244494, 0.9999999446695337]], "logs": {"loss": 0.01823713816702366, "val_loss": 0.017880523577332497}}