{"sparsity": {"nnz_weights": [24, 9, 9, 3], "total_weights": [24, 9, 9, 3], "nnz_biases": [0, 0, 0, 1], "total_biases": [3, 3, 3, 1]}, "basic_statistics": {"weight_avg": [0.021435579285025597, -0.18320076167583466, 0.10233137011528015, 0.7522230744361877], "bias_avg": [0.0, 0.0, 0.0, -0.424129456281662]}, "layerwise_pca": {"explained_variance": [[0.05713276192545891, 0.010108040645718575, 0.0], [0.0, 0.0, 0.0], [0.0, 0.0, 0.0], [3.553574687791385e-15]]}, "linear_probes": {"mse": [0.05376726326304684, 0.05686820381722716, 0.05686820381722716, 0.05686820381722716], "mae": [0.18296666352194477, 0.189234664445743, 0.189234664445743, 0.189234664445743]}, "cca": [[1.0000001017545703, 0.33355947196018576, 0.33355947196018576], [0.33355947196018576, 0.9999999641035373, 0.9999999641035373], [0.33355947196018576, 0.9999999641035373, 0.9999999641035373]], "logs": {"loss": 0.05654692277312279, "val_loss": 0.05686827376484871}}