{"sparsity": {"nnz_weights": [88, 121, 121, 121, 121, 121, 121, 11], "total_weights": [88, 121, 121, 121, 121, 121, 121, 11], "nnz_biases": [10, 11, 11, 10, 10, 11, 10, 1], "total_biases": [11, 11, 11, 11, 11, 11, 11, 1]}, "basic_statistics": {"weight_avg": [0.03342730179429054, 0.10293012857437134, 0.05083253234624863, 0.06137493997812271, -0.01513618417084217, -0.0038227911572903395, 0.10102350264787674, 0.10278292000293732], "bias_avg": [0.035576995462179184, 0.024361250922083855, 0.03410980477929115, 0.049337029457092285, 0.010377157479524612, 0.018344471231102943, 0.033914659172296524, -0.040539395064115524]}, "layerwise_pca": {"explained_variance": [[0.02709328942000866, 0.02425047568976879, 0.019913330674171448, 0.0048621357418596745, 0.001989728771150112, 0.0005784498061984777, 0.00037628915742971003, 0.00016178855730686337, 0.00011710593389580026, 2.89584477286553e-05, 7.384512229911489e-19], [0.02720639295876026, 0.01567818596959114, 0.006898337975144386, 0.004136913456022739, 0.001967245014384389, 0.0006637207698076963, 0.00031904689967632294, 0.00022515364980790764, 0.0001423445501131937, 4.927558984491043e-05, 2.7188063540961593e-05], [0.045840971171855927, 0.02366497926414013, 0.01256308238953352, 0.003204322885721922, 0.0025321284774690866, 0.0005405869451351464, 0.00020708871306851506, 9.972963016480207e-05, 3.755762736545876e-05, 6.423338180894645e-19, 0.0], [0.0900273248553276, 0.03249660134315491, 0.015534800477325916, 0.0017258826410397887, 0.0006623241351917386, 0.0003765905858017504, 0.00015370988694485277, 4.140291639487259e-05, 1.1762942449422553e-05, 8.307282351039028e-19, 0.0], [0.19725726544857025, 0.020622901618480682, 0.01028759591281414, 0.0015079460572451353, 0.0006616529426537454, 0.00013974391913507134, 4.595638156500806e-19, 1.4926873526658883e-19, 1.2510673585564269e-21, 1.0374084325004684e-34, 0.0], [0.2260664850473404, 0.026026925072073936, 0.01088901236653328, 0.004043065942823887, 0.0007392115658149123, 0.0005706517258659005, 0.00032500814995728433, 0.00023441622033715248, 2.995255999849178e-05, 9.99779498782883e-19, 3.664126416509201e-20], [0.5613337755203247, 0.046591866761446, 0.019940776750445366, 0.0022478331811726093, 0.0006473342073149979, 0.0003020200238097459, 0.000172864951309748, 1.9637624063761905e-05, 1.5482912203879096e-05, 7.970322180028688e-09, 0.0], [0.03721733018755913]]}, "linear_probes": {"mse": [0.017989160175983097, 0.01611511095087266, 0.015634366540176994, 0.01524355556534197, 0.015047895169248517, 0.013975188504998617, 0.014129833723697138, 0.014047222757212102], "mae": [0.0964850683579185, 0.09151264031618178, 0.08998384926070493, 0.08847048713989704, 0.08847216437093121, 0.08264562031070605, 0.08341482160845777, 0.08288856036259457]}, "cca": [[0.9999996226440544, 0.7285969915706584, 0.5578830651593514, 0.5612943148008444, 0.3774104251204707, 0.4351103629879741, 0.44863476794262686], [0.7285969915706584, 0.9999999101876462, 0.6457168739064979, 0.6372730753032143, 0.41154260728953057, 0.46635870451361616, 0.46590472129653643], [0.5578830651593514, 0.6457168739064979, 0.9999996226440544, 0.7736835977676048, 0.5992725520337362, 0.44584520496013363, 0.5334592528452876], [0.5612943148008444, 0.6372730753032143, 0.7736835977676048, 0.9999997664158452, 0.5176721789865414, 0.45733698982539034, 0.4688034025540601], [0.37741051344487564, 0.41154260728953057, 0.5992725520337362, 0.5176720755435337, 0.9999989037852557, 0.574708195989615, 0.512984972813275], [0.43511026815192816, 0.46635870451361616, 0.4458451089613401, 0.45733698982539034, 0.574708195989615, 0.9999997664158452, 0.6835126447098994], [0.44863476794262686, 0.46590472129653643, 0.5334593578537734, 0.4688034025540601, 0.512984972813275, 0.6835126447098994, 1.0000000539594576]], "logs": {"loss": 0.015254953876137733, "val_loss": 0.014729357324540615}}