{"basic_statistics": {"weight_avg": [0.04943496361374855, 0.013011026196181774, 0.03490391746163368, -0.04069029539823532, -0.01593189127743244, 0.1233900934457779, 0.041518114507198334, 0.11144440621137619], "bias_avg": [0.03388345241546631, 0.0007481202483177185, -0.007551177870482206, 0.0016945532988756895, 0.0447952039539814, 0.027823591604828835, 0.04986455664038658, 0.06977882981300354]}, "sparsity": {"nnz_weights": [88, 121, 121, 121, 121, 121, 121, 11], "total_weights": [88, 121, 121, 121, 121, 121, 121, 11], "nnz_biases": [10, 8, 9, 9, 11, 11, 10, 1], "total_biases": [11, 11, 11, 11, 11, 11, 11, 1]}, "layerwise_pca": {"explained_variance": [[0.0960938036441803, 0.04081588611006737, 0.011130621656775475, 0.005084619391709566, 0.0025224280543625355, 0.0020744274370372295, 0.0009053490939550102, 0.0004956909106113017, 0.00019822068861685693, 9.071134263649583e-05, 0.0], [0.037463292479515076, 0.029040560126304626, 0.010961643420159817, 0.006319333333522081, 0.001211552880704403, 0.0003071186365559697, 0.00022194324992597103, 0.00014305913646239787, 3.770920787746533e-23, 0.0, 0.0], [0.07297966629266739, 0.009018040262162685, 0.004502723924815655, 0.0015531785320490599, 0.00047524162800982594, 0.00010819848830578849, 4.027776594739407e-05, 2.0357201719889417e-05, 1.3992929694720613e-17, 5.33380336725488e-22, 0.0], [0.16037464141845703, 0.005241160746663809, 0.0004956142511218786, 0.00024765354464761913, 5.4093521394344994e-20, 6.677008366876575e-21, 4.408682450955855e-36, 0.0, 0.0, 0.0, 0.0], [0.23266451060771942, 0.00334261660464108, 0.0014884102856740355, 0.00039068193291313946, 8.683540363563225e-05, 7.180834654718637e-05, 1.4065337381907739e-05, 3.3107273793575587e-06, 1.5501600501011126e-06, 2.2342099231208407e-19, 4.464510456573024e-22], [0.4364558458328247, 0.019564641639590263, 0.001064011245034635, 0.0004508255806285888, 0.00028728338656947017, 4.631635965779424e-05, 1.7233889593626373e-05, 1.9046503894060152e-06, 5.24432404961043e-19, 1.0798266940066544e-20, 0.0], [0.9627873301506042, 0.08545075356960297, 0.002878849860280752, 0.0015984066994860768, 0.0002661591279320419, 0.00015418182010762393, 4.497294867178425e-05, 2.634164775372483e-05, 4.131953573960345e-06, 8.785296795599251e-11, 0.0], [0.039895571768283844]]}, "linear_probes": {"mse": [0.019112653450087936, 0.01948895451123213, 0.017961628169389163, 0.01852694838591482, 0.016797443708795993, 0.016170309762544327, 0.015802402986369354, 0.015730716229278668], "mae": [0.1013847735280825, 0.10342595114479122, 0.09876383359107128, 0.101655621795672, 0.09449234351044883, 0.09139344899621644, 0.09010992312222132, 0.08977019145586279]}}