{"loss": 0.015794983133673668, "val_loss": 0.016759010031819344}