{"basic_statistics": {"weight_avg": [-0.02634548395872116, 0.07511784136295319, 0.009613935835659504, 0.010220748372375965, -0.043377216905355453, -0.021046467125415802, 0.05805402621626854, 0.06269514560699463, 0.0621633380651474, 0.009300010278820992, 0.049731701612472534, -0.16471947729587555], "bias_avg": [0.040056660771369934, -0.00010271505743730813, -0.001630062353797257, 0.008143560029566288, 0.008347250521183014, 0.019603684544563293, 0.013955950736999512, 0.01490195095539093, 0.017048116773366928, 0.016168763861060143, 0.038428958505392075, 1.059375524520874]}, "sparsity": {"nnz_weights": [88, 121, 121, 121, 121, 121, 121, 121, 121, 121, 121, 11], "total_weights": [88, 121, 121, 121, 121, 121, 121, 121, 121, 121, 121, 11], "nnz_biases": [11, 11, 10, 11, 10, 11, 11, 10, 11, 9, 11, 1], "total_biases": [11, 11, 11, 11, 11, 11, 11, 11, 11, 11, 11, 1]}, "layerwise_pca": {"explained_variance": [[0.05549135059118271, 0.017315633594989777, 0.005808593705296516, 0.004881428554654121, 0.0014059590175747871, 0.000865136447828263, 0.00043430179357528687, 0.0001578284427523613, 9.859897545538843e-05, 8.209103543777019e-05, 9.233007403963711e-06], [0.025636140257120132, 0.012252015061676502, 0.003945694770663977, 0.002979615004733205, 0.0013757937122136354, 0.0006580572226084769, 0.00036225878284312785, 0.00021917537378612906, 0.00012629377306438982, 5.978108674753457e-05, 3.8237318221945316e-05], [0.015247850678861141, 0.008801920339465141, 0.00391435855999589, 0.0019487347453832626, 0.0008937519160099328, 0.00040619514766149223, 0.00031676559592597187, 7.16308131814003e-05, 1.0473610927874688e-05, 3.359977275152281e-20, 1.7942211421688326e-26], [0.007244500797241926, 0.00541698606684804, 0.002222938695922494, 0.0010376212885603309, 0.0002590434451121837, 0.00022666041331831366, 0.0001201647610287182, 4.475804234971292e-05, 1.3912719623476733e-05, 3.99578487085325e-18, 2.1385862933460622e-20], [0.009717497043311596, 0.0030380424577742815, 0.0006855983519926667, 8.468367013847455e-05, 7.075619942042977e-05, 6.76987983752042e-05, 1.007790160656441e-05, 9.128773399424972e-07, 1.5772178230122336e-08, 6.135292178112601e-19, 0.0], [0.016678955405950546, 0.0005944433505646884, 0.0003617212059907615, 0.00019550065917428583, 7.368415390374139e-05, 5.364177923183888e-05, 3.2361560442950577e-05, 1.9937342585762963e-05, 1.0838042726390995e-05, 7.469867341569625e-06, 7.046283371892059e-06], [0.03483634069561958, 0.0009246638510376215, 0.0003721369430422783, 0.000216345171793364, 0.00014594178355764598, 5.721764318877831e-05, 1.7720847608870827e-05, 1.5279099898179993e-05, 6.384069365594769e-06, 2.7102503281639656e-06, 1.143670254673473e-19], [0.09631987661123276, 0.0017334482399746776, 0.00019614440680015832, 8.373775926884264e-05, 2.562567897257395e-05, 1.5083283869898878e-05, 4.575713319354691e-06, 2.983048943860922e-06, 8.623686617234561e-13, 0.0, 0.0], [0.21734370291233063, 0.0038548405282199383, 0.00014488740998785943, 3.793318319367245e-05, 1.3169058547646273e-05, 9.30219903239049e-06, 2.8251247385924216e-06, 1.0902770100074122e-06, 5.526919153453491e-07, 4.5416314209834746e-14, 5.800342774796297e-23], [0.37669408321380615, 0.016577498987317085, 0.0009799989638850093, 1.2965839232492726e-05, 9.703050636744592e-06, 3.706063353092759e-06, 2.1902178559685126e-06, 5.209066509976123e-21, 1.2971822990530236e-22, 0.0, 0.0], [0.4516928493976593, 0.08079107105731964, 0.00030656796297989786, 5.23047820024658e-05, 4.957219971402083e-06, 3.3962658108066535e-06, 1.414240728081495e-06, 2.6617493631420075e-07, 1.7891666459490807e-07, 8.914558581020224e-21, 2.0764143806866823e-21], [0.044916607439517975]]}, "linear_probes": {"mse": [0.021431200749128725, 0.01853985030976161, 0.01768219042815916, 0.01640378445194253, 0.01586579319994613, 0.014923932964746126, 0.01482265926265428, 0.014858925466004766, 0.014713153348647682, 0.014845103253828316, 0.014670422407004318, 0.014675459646419906], "mae": [0.10687679992473896, 0.09838475268646117, 0.09568093648173896, 0.08999974423719781, 0.08853040956018005, 0.08424803939017902, 0.08387300730509482, 0.08387835817422738, 0.08344774709296038, 0.084019871230009, 0.08338462097010294, 0.08354014678907513]}}