{"loss": 0.014218015596270561, "val_loss": 0.013604351319372654}