{"basic_statistics": {"weight_avg": [0.13433586061000824, -0.16804319620132446, 0.411620557308197, 0.07455064356327057, -0.5753960013389587, 0.016876591369509697, 0.47975772619247437, 0.11971348524093628], "bias_avg": [0.13959144055843353, 0.1132686659693718, -0.03721660003066063, -0.08206465095281601, -0.007223410066217184, -0.0071106539107859135, -0.16785156726837158, 1.4703394174575806]}, "sparsity": {"nnz_weights": [24, 9, 9, 9, 9, 9, 9, 3], "total_weights": [24, 9, 9, 9, 9, 9, 9, 3], "nnz_biases": [3, 2, 3, 3, 1, 1, 3, 1], "total_biases": [3, 3, 3, 3, 3, 3, 3, 1]}, "layerwise_pca": {"explained_variance": [[0.050018224865198135, 0.015534269623458385, 0.004619532264769077], [0.01845230720937252, 0.0012445959728211164, 0.0], [0.1211514100432396, 4.157880903221667e-05, 0.0], [0.21114051342010498, 0.0029794471338391304, 0.0004153999616391957], [0.19128882884979248, 3.014921079824288e-19, 0.0], [0.37674424052238464, 0.0, 0.0], [0.6783744096755981, 0.0008763598161749542, 0.0001345643977401778], [0.03300554305315018]]}, "linear_probes": {"mse": [0.021411149205160625, 0.021797796265402153, 0.02175486277082634, 0.017156876636958873, 0.018641531018050956, 0.01868575975354153, 0.016850404992435505, 0.01711285378571109], "mae": [0.10686177241085376, 0.10873809709489653, 0.10829582002190503, 0.09560541282728795, 0.10014709014742489, 0.1003292273037998, 0.09503722259694782, 0.09680968405532347]}}