{"loss": 0.01824948564171791, "val_loss": 0.018306085839867592}