{"basic_statistics": {"weight_avg": [0.0517766959965229, -0.028256196528673172, 0.11073973774909973, -0.1222168356180191], "bias_avg": [0.028476182371377945, 0.03829653188586235, 0.12373848259449005, 0.30966177582740784]}, "sparsity": {"nnz_weights": [56, 49, 49, 7], "total_weights": [56, 49, 49, 7], "nnz_biases": [6, 7, 7, 1], "total_biases": [7, 7, 7, 1]}, "layerwise_pca": {"explained_variance": [[0.053464557975530624, 0.020281106233596802, 0.008761467412114143, 0.0053712441585958, 0.0019773109816014767, 0.0005616882699541748, 3.918680057234732e-18], [0.04344595596194267, 0.015115507878363132, 0.008668113499879837, 0.0012068366631865501, 0.00046655209735035896, 0.0001692736113909632, 0.0], [0.19543980062007904, 0.010454489849507809, 0.005280963610857725, 0.00042620126623660326, 0.0001108536307583563, 6.434826354961842e-05, 9.690681308704703e-20], [0.03975402191281319]]}, "linear_probes": {"mse": [0.01934587329014667, 0.01808747373859663, 0.017624480459966115, 0.017304628142509743], "mae": [0.10161188667173651, 0.09721280692481578, 0.09638323631484996, 0.09543265647589518]}}