{"loss": 0.016940442845225334, "val_loss": 0.017546985298395157}