{"sparsity": {"nnz_weights": [56, 49, 49, 49, 49, 49, 49, 49, 49, 49, 49, 7], "total_weights": [56, 49, 49, 49, 49, 49, 49, 49, 49, 49, 49, 7], "nnz_biases": [7, 5, 6, 7, 5, 7, 6, 5, 5, 6, 6, 1], "total_biases": [7, 7, 7, 7, 7, 7, 7, 7, 7, 7, 7, 1]}, "basic_statistics": {"weight_avg": [0.08356531709432602, 0.09679285436868668, 0.02629048004746437, 0.1043773889541626, -0.05407296493649483, -0.029668325558304787, -0.049036040902137756, -0.020594239234924316, -0.062430016696453094, 0.05999390780925751, 0.019946636632084846, -0.23447057604789734], "bias_avg": [-0.0005416267667897046, 0.02108089067041874, 0.021266669034957886, -0.023582402616739273, 0.03240848705172539, -0.0026645015459507704, 0.015693819150328636, 0.002144887112081051, 0.022097190842032433, 0.011407174170017242, -0.000790124642662704, 1.2222529649734497]}, "layerwise_pca": {"explained_variance": [[0.06699429452419281, 0.02955884486436844, 0.012478906661272049, 0.00307598733343184, 0.001969072502106428, 0.00046047562500461936, 9.399337841387023e-08], [0.07278594374656677, 0.02251552976667881, 0.013745315372943878, 0.00282697519287467, 0.0005822007078677416, 1.0407033910493009e-17, 1.2313724830161912e-20], [0.0392395444214344, 0.01273359078913927, 0.002076515229418874, 0.0005171869415789843, 0.00018247282423544675, 7.736454316098074e-19, 3.384620795057826e-20], [0.05332968384027481, 0.00828551221638918, 0.0011006835848093033, 0.00016381657042074949, 5.3974366892362013e-05, 3.751217809622176e-05, 2.6590507218315906e-07], [0.039026424288749695, 0.0034171442966908216, 0.0005266908556222916, 0.000186633609700948, 3.8448521081591025e-05, 1.6501256726288717e-19, 0.0], [0.06815636903047562, 0.0014611579244956374, 0.00028590744477696717, 0.00010524503159103915, 1.898239497677423e-05, 2.980081734919589e-22, 0.0], [0.09760086238384247, 0.0028096006717532873, 0.0007401497568935156, 0.00024394760839641094, 5.6079406931530684e-05, 8.26045925350627e-06, 1.4825735833372643e-20], [0.14518354833126068, 0.00039928138721734285, 0.00017585308523848653, 3.663490497274324e-05, 1.1206750059500337e-05, 7.389665823621636e-20, 1.2997293479002523e-21], [0.16103115677833557, 0.00031516910530626774, 2.696774208743591e-05, 1.9892599084414542e-05, 2.064071795815754e-19, 7.40485298891508e-21, 7.479922240938873e-36], [0.28610360622406006, 0.00019687057647388428, 4.651279596146196e-05, 6.971572474867571e-06, 1.488350562794949e-07, 0.0, 0.0], [0.6082125902175903, 2.3237969799083658e-05, 4.54896053270204e-06, 1.8597576836831447e-21, 1.4059274690353367e-23, 3.987436819190197e-40, 0.0], [0.03319784253835678]]}, "linear_probes": {"mse": [0.02132457784545224, 0.020954992077168808, 0.020400114662035118, 0.0171050185714533, 0.01669008875921003, 0.016077027388525324, 0.01598298640291863, 0.016310437055792815, 0.016553082909283697, 0.016791195270446868, 0.016755811357203512, 0.0167613297953824], "mae": [0.10936423038274155, 0.10890067262121082, 0.107092509803407, 0.09524864427434485, 0.09317871084326598, 0.09025957164147322, 0.08994349638725357, 0.09177833073077965, 0.09306046060201721, 0.0944310651507639, 0.09429928114048941, 0.09398709939480901]}, "cca": [[1.000000124897042, 0.6546371635049013, 0.4321269088937437, 0.44625012723713553, 0.3849051918195353, 0.33751769626672967, 0.2941927676022585, 0.2764894305000638, 0.29443744926677035, 0.2996682184714895, 0.2157866107700183], [0.6546371635049013, 0.9999995842145657, 0.42664815249681404, 0.4390942646705481, 0.3773280656000537, 0.4734679809305545, 0.43200921199401826, 0.2762556406436829, 0.5791240285330527, 0.3014173920737631, 0.5013130131075242], [0.432126968131247, 0.42664815249681404, 0.9999988633048247, 0.5625644133178724, 0.5016422302008193, 0.3064142532314885, 0.27767102190411613, 0.5321665382481525, 0.38401789698287053, 0.24818542611854102, 0.35351809152618735], [0.44625012723713553, 0.4390942646705481, 0.5625644133178724, 0.9999999446695337, 0.5105957003638731, 0.4400675903308005, 0.43459773192605106, 0.3869137566893142, 0.34662163115761757, 0.3578405521795328, 0.2616311313627274], [0.3849051918195353, 0.3773280656000537, 0.5016422302008193, 0.5105957003638731, 0.9999999446695337, 0.586967056301676, 0.5198791384475824, 0.593250919082623, 0.40186418425696707, 0.39817807819516055, 0.41615776169240754], [0.33751769626672967, 0.4734679189241758, 0.3064142532314885, 0.4400675305515104, 0.586967056301676, 0.9999994039871061, 0.5241620040067626, 0.4567723570952629, 0.5229456957545173, 0.5233290709109062, 0.413826834735819], [0.2941927187249758, 0.43200921199401826, 0.27767102190411613, 0.43459779133266757, 0.5198791384475824, 0.5241619387652788, 1.000000124897042, 0.49249914914668935, 0.6370887877154863, 0.5098242578711754, 0.5065656184862247], [0.2764894778839156, 0.2762556406436829, 0.5321665382481525, 0.3869137566893142, 0.593250919082623, 0.4567723570952629, 0.49249914914668935, 0.9999995842145657, 0.5869789311639774, 0.4579071417821804, 0.49456236961272687], [0.29443744926677035, 0.5791240285330527, 0.38401789698287053, 0.34662163115761757, 0.40186418425696707, 0.5229456957545173, 0.6370887877154863, 0.5869789311639774, 0.9999992237596628, 0.5526782995442403, 0.7893532595491918], [0.2996682184714895, 0.3014174415475606, 0.24818542611854102, 0.3578406060853792, 0.3981780213321652, 0.5233291361005367, 0.5098242578711754, 0.45790720276111024, 0.5526782995442403, 0.9999999446695337, 0.38624830265718757], [0.2157866107700183, 0.5013130131075242, 0.35351809152618735, 0.2616311774558154, 0.41615776169240754, 0.413826834735819, 0.5065656184862247, 0.4945624329853412, 0.789353099425073, 0.38624830265718757, 0.9999990435322356]], "logs": {"loss": 0.017532970756292343, "val_loss": 0.017576584592461586}}