{"basic_statistics": {"weight_avg": [-0.06211752071976662, 0.03656827658414841, 0.06876812875270844, 0.1900305598974228], "bias_avg": [0.04397350922226906, 0.026539688929915428, 0.03830953687429428, 0.06189936771988869]}, "sparsity": {"nnz_weights": [88, 121, 121, 11], "total_weights": [88, 121, 121, 11], "nnz_biases": [7, 9, 10, 1], "total_biases": [11, 11, 11, 1]}, "layerwise_pca": {"explained_variance": [[0.04187127202749252, 0.028453204780817032, 0.014374115504324436, 0.003882764372974634, 0.0006172771099954844, 0.0005795792676508427, 8.382937085116282e-05, 4.64352086335163e-20, 0.0, 0.0, 0.0], [0.07465056329965591, 0.028734207153320312, 0.01427733525633812, 0.0025257382076233625, 0.000799260102212429, 0.00030418788082897663, 0.0002639640588313341, 0.0001756820420268923, 0.0, 0.0, 0.0], [0.38904044032096863, 0.046288590878248215, 0.015458237379789352, 0.012419227510690689, 0.0021700970828533173, 0.0008784233941696584, 0.00036180976894684136, 0.00028233780176378787, 7.235062366817147e-05, 4.656356031773612e-05, 1.3721767178486161e-21], [0.038933683186769485]]}, "linear_probes": {"mse": [0.021008384527742067, 0.01928426652872899, 0.017888163426946053, 0.016924615984714723], "mae": [0.10723171913704296, 0.10075105834189563, 0.09583687203871594, 0.09158654552006411]}}