{"loss": 0.016392061486840248, "val_loss": 0.017917132005095482}