{"basic_statistics": {"weight_avg": [0.015113105066120625, 0.0489395447075367, 0.13607938587665558, -0.219879150390625, 0.3039460778236389, 0.08449045568704605, 0.2687482535839081, 0.09829971194267273, -0.11601773649454117, 0.13100463151931763, 0.1970861256122589, 0.7942593693733215], "bias_avg": [0.0, 0.0, 0.0, 0.0, 0.0, 0.0, 0.0, 0.0, 0.0, 0.0, 0.0, -0.4228804409503937]}, "sparsity": {"nnz_weights": [24, 9, 9, 9, 9, 9, 9, 9, 9, 9, 9, 3], "total_weights": [24, 9, 9, 9, 9, 9, 9, 9, 9, 9, 9, 3], "nnz_biases": [0, 0, 0, 0, 0, 0, 0, 0, 0, 0, 0, 1], "total_biases": [3, 3, 3, 3, 3, 3, 3, 3, 3, 3, 3, 1]}, "layerwise_pca": {"explained_variance": [[0.016178548336029053, 0.006255602929741144, 0.0], [0.0009091426618397236, 9.505046182312071e-05, 0.0], [8.596882253186777e-05, 8.091735253401566e-06, 0.0], [5.948434773017652e-05, 1.4514640724883066e-06, 7.167005501430977e-18], [4.958397039445117e-05, 5.146203534422966e-07, 2.6246393190704285e-16], [2.393910472164862e-05, 1.4639102430269446e-11, 0.0], [1.672610414971132e-05, 1.1321063010660826e-11, 8.670165720623974e-17], [0.0, 0.0, 0.0], [0.0, 0.0, 0.0], [0.0, 0.0, 0.0], [0.0, 0.0, 0.0], [8.882322062922759e-16]]}, "linear_probes": {"mse": [0.043919919539880836, 0.04496424621412929, 0.04511195652125726, 0.04511195710122186, 0.04511190190351864, 0.04511192382892207, 0.04511200745181128, 0.05409533931434158, 0.05409533931434158, 0.05409533931434158, 0.05409533931434158, 0.05409533931434158], "mae": [0.16198789003582556, 0.16417298479529935, 0.1647298980633671, 0.16473949029776963, 0.16475220073197377, 0.16473548266873017, 0.16477529621909895, 0.18226957798055263, 0.18226957798055263, 0.18226957798055263, 0.18226957798055263, 0.18226957798055263]}}