{"loss": 0.05640376731753349, "val_loss": 0.0574263259768486}