{"sparsity": {"nnz_weights": [88, 121, 121, 121, 121, 121, 121, 121, 121, 121, 121, 11], "total_weights": [88, 121, 121, 121, 121, 121, 121, 121, 121, 121, 121, 11], "nnz_biases": [11, 11, 10, 9, 10, 9, 9, 11, 9, 10, 9, 1], "total_biases": [11, 11, 11, 11, 11, 11, 11, 11, 11, 11, 11, 1]}, "basic_statistics": {"weight_avg": [0.09422013908624649, 0.03334646299481392, 0.022284911945462227, 0.04290340095758438, 0.021736565977334976, 0.020946567878127098, 0.016395995393395424, 0.03992992267012596, 0.0072919572703540325, 0.0018478963756933808, -0.04574840888381004, 0.10989906638860703], "bias_avg": [0.03910570964217186, 0.025091838091611862, 0.026100479066371918, 0.01856362447142601, 0.023588061332702637, 0.011063523590564728, 0.010952633805572987, 0.012082585133612156, 0.030175358057022095, 0.005904523655772209, 0.028246315196156502, 0.024067817255854607]}, "layerwise_pca": {"explained_variance": [[0.09557771682739258, 0.06546811014413834, 0.016035152599215508, 0.00860860850661993, 0.0028423042967915535, 0.0014315040316432714, 0.0007541796076111495, 0.00047445984091609716, 0.0004230992344673723, 0.0002895420475397259, 8.96392302820459e-05], [0.08240301162004471, 0.03387673944234848, 0.013311535120010376, 0.005611991509795189, 0.0021084316540509462, 0.0012143031926825643, 0.0003746159200090915, 0.00020403749658726156, 0.0001335788838332519, 4.479604831431061e-05, 4.0179840720487e-19], [0.05806891247630119, 0.020726768299937248, 0.016613954678177834, 0.002386113628745079, 0.0018460201099514961, 0.0004917702754028141, 0.00025289703626185656, 0.0001413499121554196, 0.0001318930007982999, 1.7618222557524134e-22, 0.0], [0.033540718257427216, 0.02243645302951336, 0.012399629689753056, 0.0017100858967751265, 0.0016592626925557852, 0.0004973112954758108, 0.00024972681421786547, 0.00013562774984166026, 1.9036060621147044e-05, 2.0195321006364714e-18, 5.613449908294009e-20], [0.05365316942334175, 0.017684727907180786, 0.00686953729018569, 0.0012645722599700093, 0.0007759773288853467, 0.00044509361032396555, 8.37122424854897e-05, 7.010129775153473e-05, 0.0, 0.0, 0.0], [0.0816660076379776, 0.01317253801971674, 0.0035122379194945097, 0.0007150989258661866, 0.0003156514430884272, 0.00017234253755304962, 3.9444774301955476e-05, 1.7582918161823977e-19, 0.0, 0.0, 0.0], [0.14728540182113647, 0.022692451253533363, 0.0031711249612271786, 0.0005173604586161673, 9.216101170750335e-05, 3.1347793992608786e-05, 2.5271214326494373e-05, 1.3615001989819575e-05, 1.7185856222567963e-06, 3.3273350479703195e-19, 6.186911834055823e-24], [0.20158959925174713, 0.021394122391939163, 0.0055128405801951885, 0.0007356996065936983, 0.0003067207580897957, 8.02088325144723e-05, 4.232751962263137e-05, 2.516524909879081e-05, 1.2973166121810209e-05, 0.0, 0.0], [0.22603441774845123, 0.04903685674071312, 0.0019335420802235603, 0.0003437851555645466, 0.00012734135088976473, 4.4070908188587055e-05, 1.519893339718692e-05, 7.060902589728357e-06, 9.706148939924591e-20, 2.0773849446573683e-21, 1.9017021459352092e-41], [0.3488803207874298, 0.056813906878232956, 0.0014495255891233683, 8.69375144247897e-05, 4.5347627747105435e-05, 1.3326683074410539e-05, 6.178896001074463e-06, 3.632361065400031e-20, 1.0849601615400807e-23, 7.328286626527979e-35, 1.496359749547684e-39], [0.7031258940696716, 0.035309065133333206, 0.0014696309808641672, 0.0002440922980895266, 5.456493090605363e-05, 1.6414744095527567e-05, 9.89428485809185e-07, 5.220540409801028e-20, 0.0, 0.0, 0.0], [0.04157644882798195]]}, "linear_probes": {"mse": [0.019865618476292913, 0.019414553448488414, 0.018866339618111978, 0.01904138931434219, 0.018078447366797184, 0.016362172541963833, 0.01592994536700411, 0.015655848696408806, 0.015617745446485556, 0.015323845677885512, 0.015254234633284664, 0.015069254048011661], "mae": [0.10350640965920169, 0.10095855377401397, 0.10012240153062053, 0.10126093683221343, 0.09859565552763233, 0.09122952631513735, 0.08924796609850318, 0.08810227224726357, 0.08747639815127822, 0.08644441042475814, 0.08654390120371279, 0.08583346954828347]}, "cca": [[1.0000000539594576, 0.6570048859250878, 0.5788295973220143, 0.5220913457617578, 0.46454331416986283, 0.3848747888955224, 0.4188545717943736, 0.38803970175172253, 0.3775420399486558, 0.3567949373833182, 0.34140225337831703], [0.6570048859250878, 0.9999997664158452, 0.6446069923032951, 0.5287222771471999, 0.45649256478877864, 0.37003795791952143, 0.37815899192542124, 0.3504151797575345, 0.33679404506727906, 0.4024865586545316, 0.3014630024084591], [0.5788295973220143, 0.6446068768726202, 0.9999997664158452, 0.5864302400216481, 0.5044560941898495, 0.5013609806209935, 0.4234572806536479, 0.4743038978447461, 0.4712279425587243, 0.4260265122437142, 0.42035882548726083], [0.5220913457617578, 0.5287222771471999, 0.5864302400216481, 1.0000001977312793, 0.6079264662958767, 0.546582932680911, 0.4800486264221087, 0.4359911713620735, 0.5027614057739398, 0.4651325256896154, 0.46311570170589467], [0.46454331416986283, 0.45649256478877864, 0.5044560941898495, 0.6079264662958767, 0.9999997664158452, 0.6824807085387089, 0.522652260015279, 0.5543295593730074, 0.4153124178675088, 0.48673376310332306, 0.5602762405133035], [0.3848747888955224, 0.37003795791952143, 0.5013609806209935, 0.5465830389732105, 0.6824807085387089, 0.9999996226440544, 0.6158489924892117, 0.5875835391851442, 0.6439035189109383, 0.6105923913413459, 0.7562487929115543], [0.4188545717943736, 0.37815899192542124, 0.42345737421114066, 0.4800487260351929, 0.522652260015279, 0.615849105315652, 0.9999999101876462, 0.637895981153654, 0.6446494714933961, 0.5186458282367684, 0.4452652729284523], [0.38803970175172253, 0.3504151797575345, 0.4743038978447461, 0.43599126629407114, 0.5543295593730074, 0.5875835391851442, 0.637895981153654, 0.9999997664158452, 0.688279849779478, 0.5299746899300896, 0.5299875637983912], [0.3775420399486558, 0.3367940867855181, 0.4712279425587243, 0.5027614057739398, 0.41531251052088114, 0.6439035189109383, 0.6446493560589178, 0.688279849779478, 0.9999996226440544, 0.6368316233028601, 0.6643930277377876], [0.356794980322435, 0.4024866498660034, 0.4260264184028415, 0.4651325256896154, 0.48673376310332306, 0.6105923913413459, 0.5186458282367684, 0.529974794595055, 0.6368316233028601, 0.9999996226440544, 0.679677928407066], [0.34140225337831703, 0.30146304187788203, 0.42035882548726083, 0.46311570170589467, 0.5602762405133035, 0.7562487929115543, 0.4452652729284523, 0.5299876684646279, 0.6643930277377876, 0.679677928407066, 0.9999996226440544]], "logs": {"loss": 0.015032395720481873, "val_loss": 0.01508050411939621}}