{"basic_statistics": {"weight_avg": [0.027828169986605644, 0.05152697116136551, 0.018523715436458588, 0.01170294638723135, 0.003829789813607931, 0.03703649342060089, 0.0819682776927948, 0.0824558436870575, 0.024058841168880463, -0.019949404522776604, 0.01934519037604332, 0.07327652722597122], "bias_avg": [0.05997534841299057, 0.003487992100417614, -0.001784921740181744, 0.03143562749028206, 0.014259264804422855, 0.018811501562595367, 0.030337510630488396, 0.022696303203701973, 0.014252769760787487, 0.027369320392608643, 0.012106635607779026, -0.05390101298689842]}, "sparsity": {"nnz_weights": [88, 121, 121, 121, 121, 121, 121, 121, 121, 121, 121, 11], "total_weights": [88, 121, 121, 121, 121, 121, 121, 121, 121, 121, 121, 11], "nnz_biases": [10, 11, 11, 9, 9, 9, 10, 11, 10, 9, 11, 1], "total_biases": [11, 11, 11, 11, 11, 11, 11, 11, 11, 11, 11, 1]}, "layerwise_pca": {"explained_variance": [[0.060787785798311234, 0.0271757859736681, 0.00817299447953701, 0.0072078160010278225, 0.001757072051987052, 0.0011870836606249213, 0.0008555821259506047, 0.0006177691393531859, 0.000274469843134284, 3.827513137366623e-05, 6.783882428463899e-19], [0.0453624464571476, 0.023028681054711342, 0.00853797234594822, 0.004798797890543938, 0.0020114565268158913, 0.00038308376679196954, 0.00027438680990599096, 0.00012229441199451685, 3.403536538826302e-05, 3.330756796896419e-20, 5.240928078923219e-26], [0.03122304379940033, 0.01436343789100647, 0.008511888794600964, 0.0030397498048841953, 0.000992018380202353, 0.00037443835753947496, 0.00020213836978655308, 5.701734698959626e-05, 2.8943757115484914e-06, 6.879585674372636e-19, 0.0], [0.049324728548526764, 0.011107586324214935, 0.008077329024672508, 0.002221051137894392, 0.00033345475094392896, 0.00023690398666076362, 5.541409336728975e-05, 1.7179478163598105e-05, 5.9518329180718865e-06, 2.1802669469823932e-21, 0.0], [0.028704287484288216, 0.011367768980562687, 0.00313865696080029, 0.0007621405529789627, 0.0003890839871019125, 0.00012631040590349585, 5.416040221462026e-05, 2.2934041332689503e-09, 8.677561642000978e-21, 7.27872490916565e-24, 0.0], [0.03674246743321419, 0.00822857953608036, 0.0012599043548107147, 0.0003918952716048807, 7.399525929940864e-05, 6.206901889527217e-05, 7.217632173706079e-06, 2.8500024104856225e-18, 1.283071591187008e-18, 7.506339002787387e-20, 0.0], [0.06410133093595505, 0.005909459199756384, 0.0010644118301570415, 0.00027326555573381484, 6.118281453382224e-05, 3.999087857664563e-05, 9.363789104099851e-06, 1.0994706372002838e-06, 2.0259799993607164e-19, 0.0, 0.0], [0.09874623268842697, 0.005757218226790428, 0.0008383125532418489, 0.00020500971004366875, 6.690844020340592e-05, 2.5705414373078384e-05, 1.9882392734871246e-05, 3.882079454342602e-06, 5.670746645591862e-07, 3.581867181999924e-20, 0.0], [0.3166642487049103, 0.0065871658734977245, 0.002283954992890358, 0.0002746804675552994, 2.9049577278783545e-05, 1.1210377124371007e-05, 7.122874649212463e-06, 1.7552026747580385e-06, 1.7949454815943294e-19, 6.3484124841270186e-21, 0.0], [0.5184629559516907, 0.01316738873720169, 0.002774409484118223, 0.00012536547728814185, 8.333854930242524e-05, 2.1553176338784397e-05, 1.5466066543012857e-06, 1.1727444415143615e-20, 0.0, 0.0, 0.0], [0.7234712839126587, 0.10573835670948029, 0.009640736505389214, 0.0019016392761841416, 0.0007565321284346282, 0.0002272862329846248, 1.7487056538811885e-05, 4.05416631110711e-06, 8.300849003717303e-07, 5.945850602984137e-07, 1.8821650016320746e-08], [0.0437752828001976]]}, "linear_probes": {"mse": [0.020202405201792988, 0.01817578352272335, 0.017509037837565026, 0.016648237651763226, 0.01636475414404428, 0.016413836723583458, 0.016135134843075067, 0.015570555411132279, 0.015660371494102338, 0.015275333850813401, 0.015352389824266283, 0.015237816041542906], "mae": [0.10396119684788664, 0.09680799024228756, 0.09468594511151823, 0.09125264268557898, 0.0907344820775647, 0.09086881896055134, 0.09011028773572773, 0.08702719367526267, 0.08688109879310009, 0.0857577289731473, 0.08612395052092657, 0.08579824913630266]}}