{"loss": 0.014813415706157684, "val_loss": 0.014415687881410122}