{"basic_statistics": {"weight_avg": [0.0842769667506218, 0.04525876045227051, 0.024736398831009865, 0.2091558575630188, 0.030391067266464233, 0.08359888941049576, 0.04256458207964897, -0.139556422829628], "bias_avg": [0.11576198041439056, 0.04320630803704262, 0.05866227671504021, 0.016683336347341537, 0.08538184314966202, 0.08555829524993896, 0.05186419561505318, 0.12859664857387543]}, "sparsity": {"nnz_weights": [56, 49, 49, 49, 49, 49, 49, 7], "total_weights": [56, 49, 49, 49, 49, 49, 49, 7], "nnz_biases": [7, 7, 7, 7, 5, 5, 6, 1], "total_biases": [7, 7, 7, 7, 7, 7, 7, 1]}, "layerwise_pca": {"explained_variance": [[0.04938138276338577, 0.028481271117925644, 0.01671789214015007, 0.008806301280856133, 0.0005213349359109998, 0.0001364758936688304, 1.2914938452013303e-07], [0.024664562195539474, 0.020331932231783867, 0.009746321476995945, 0.005845862906426191, 0.001197000383399427, 0.00019283095025457442, 2.6739994692399583e-17], [0.04668188467621803, 0.036089133471250534, 0.01744093932211399, 0.0007618116796948016, 0.0003090679529123008, 0.00020477290672715753, 8.820858784019947e-05], [0.1726159006357193, 0.027943262830376625, 0.023697493597865105, 0.001468199654482305, 0.0004601457912940532, 0.00035370801924727857, 7.535418262705207e-05], [0.309367835521698, 0.023260226473212242, 0.011940513737499714, 0.006081661209464073, 0.0007156956125982106, 4.882495190549881e-18, 1.5887566259956797e-19], [0.45189017057418823, 0.06321237981319427, 0.007499225903302431, 0.0034049181267619133, 3.446285700192675e-05, 3.8572199690353706e-19, 2.7207806057749966e-21], [0.8344074487686157, 0.11272862553596497, 0.0019180714152753353, 0.0003034628462046385, 7.427747058014227e-17, 0.0, 0.0], [0.03848063573241234]]}, "linear_probes": {"mse": [0.021518100644272106, 0.020904786609940194, 0.01994277098797567, 0.01995501198966836, 0.017687706564814488, 0.017928184603010267, 0.017902701914916698, 0.016848010355747817], "mae": [0.10657977019028507, 0.1016573727596044, 0.10203705552487315, 0.10158226616405712, 0.09325993525996816, 0.09366091570409135, 0.09372689979548984, 0.09030923126334696]}}