{"loss": 0.016074657440185547, "val_loss": 0.016165031120181084}