{"sparsity": {"nnz_weights": [24, 9, 9, 3], "total_weights": [24, 9, 9, 3], "nnz_biases": [1, 2, 2, 1], "total_biases": [3, 3, 3, 1]}, "basic_statistics": {"weight_avg": [-0.10431072860956192, 0.31788745522499084, 0.32217714190483093, -0.01323997974395752], "bias_avg": [-0.030071383342146873, -0.056255172938108444, -0.18303529918193817, 1.6860077381134033]}, "layerwise_pca": {"explained_variance": [[0.02580326423048973, 0.0, 0.0], [0.1291390359401703, 2.02165301743662e-05, 0.0], [0.4348427951335907, 0.005618680268526077, 0.0], [0.0357929989695549]]}, "linear_probes": {"mse": [0.02046528698187447, 0.019972195993907236, 0.017292245649778874, 0.01752736243350294], "mae": [0.10861643022814758, 0.10538325260315529, 0.09658402144286006, 0.09830807106540779]}, "cca": [[0.9999999641035373, 0.6668037686429263, 0.6663277138883407], [0.6668037686429263, 0.9999998264525137, 0.5407839240888469], [0.6663277138883407, 0.5407839240888469, 1.0000005147077264]], "logs": {"loss": 0.018510056659579277, "val_loss": 0.017594095319509506}}