{"sparsity": {"nnz_weights": [88, 121, 121, 11], "total_weights": [88, 121, 121, 11], "nnz_biases": [11, 10, 9, 1], "total_biases": [11, 11, 11, 1]}, "basic_statistics": {"weight_avg": [0.1072806790471077, 0.044589996337890625, -0.01009930856525898, 0.20252656936645508], "bias_avg": [0.05041131749749184, 0.022911272943019867, 0.05789749696850777, 0.10269390791654587]}, "layerwise_pca": {"explained_variance": [[0.0448143444955349, 0.033602118492126465, 0.030751340091228485, 0.009085370227694511, 0.002397195901721716, 0.0015731439925730228, 0.0006594544975087047, 0.0004334954428486526, 0.000286745373159647, 6.891957309562713e-05, 2.6267543944413774e-05], [0.11327043175697327, 0.0470067597925663, 0.015690311789512634, 0.004377789329737425, 0.0016519747441634536, 0.0007118649664334953, 0.00031463082996197045, 1.1775457096518949e-05, 4.563433430314702e-19, 4.396965787730849e-20, 5.441246172058884e-21], [0.2193017154932022, 0.042961008846759796, 0.011357814073562622, 0.007383090443909168, 0.001851072651334107, 0.0010663437424227595, 0.00038849154952913523, 1.2805827081214125e-17, 4.135497873511958e-20, 0.0, 0.0], [0.0414714589715004]]}, "linear_probes": {"mse": [0.019602328364926085, 0.018325985595425805, 0.01667491741873816, 0.016130324832456785], "mae": [0.10130765788761226, 0.09834336545866385, 0.09102481084551618, 0.089695758965371]}, "cca": [[1.0000000539594576, 0.5730028551165147, 0.4601101407982045], [0.5730028551165147, 1.0000000539594576, 0.5390524126714861], [0.4601101407982045, 0.5390523071139548, 0.9999996226440544]], "logs": {"loss": 0.016261396929621696, "val_loss": 0.0161940548568964}}