{"basic_statistics": {"weight_avg": [0.037970300763845444, 0.04891052469611168, 0.021911129355430603, 0.01384307723492384, 0.006866190116852522, 0.0332975834608078, 0.07763459533452988, 0.081568643450737, 0.022019173949956894, -0.022310679778456688, 0.025135992094874382, 0.06310972571372986], "bias_avg": [0.04706817492842674, 0.005952741019427776, 0.005497780162841082, 0.03261189162731171, 0.019931577146053314, 0.02057729847729206, 0.0325436033308506, 0.022653408348560333, 0.01609690673649311, 0.02392142452299595, 0.016379814594984055, -0.04475351423025131]}, "sparsity": {"nnz_weights": [88, 121, 121, 121, 121, 121, 121, 121, 121, 121, 121, 11], "total_weights": [88, 121, 121, 121, 121, 121, 121, 121, 121, 121, 121, 11], "nnz_biases": [10, 11, 11, 9, 9, 9, 10, 11, 10, 9, 11, 1], "total_biases": [11, 11, 11, 11, 11, 11, 11, 11, 11, 11, 11, 1]}, "layerwise_pca": {"explained_variance": [[0.04677647352218628, 0.028035752475261688, 0.00880410522222519, 0.007066658698022366, 0.0019756813999265432, 0.0011140890419483185, 0.0007221598643809557, 0.0004567606083583087, 0.00016015415894798934, 6.913656397955492e-05, 2.6528431877005724e-19], [0.04157312959432602, 0.024766596034169197, 0.007826640270650387, 0.003544891718775034, 0.0013136835768818855, 0.00026488269213587046, 0.00023011020675767213, 0.0001305993355344981, 2.22982453124132e-05, 2.760748898608115e-19, 9.078674753065221e-25], [0.039844200015068054, 0.014359097927808762, 0.008252830244600773, 0.0021328788716346025, 0.000488842895720154, 0.00030451040947809815, 0.00016148440772667527, 4.083624298800714e-05, 3.145746813970618e-05, 9.661275167175413e-18, 0.0], [0.06290490925312042, 0.012611393816769123, 0.007612707559019327, 0.0010281138820573688, 0.00029577509849332273, 0.00010149701847694814, 2.2657477529719472e-05, 2.2940500912227435e-06, 0.0, 0.0, 0.0], [0.028444992378354073, 0.01815078780055046, 0.0029690596275031567, 0.000824454880785197, 0.00024689052952453494, 0.00013766845222562551, 5.210412200540304e-05, 2.835700209540397e-17, 2.1099563121876375e-20, 1.5680162969529085e-23, 0.0], [0.03675347566604614, 0.013034217990934849, 0.001217822078615427, 0.0003922340110875666, 0.00013989653962198645, 5.403861359809525e-05, 1.1313718459859956e-06, 3.817930699396692e-18, 5.634168843933902e-20, 1.3610515425065614e-20, 0.0], [0.059723928570747375, 0.010455870069563389, 0.0008728474495001137, 0.00019322067964822054, 6.585643859580159e-05, 5.2994397265138105e-05, 8.425583473581355e-06, 8.821415917736886e-07, 6.228521120014039e-19, 2.0888160384465205e-34, 0.0], [0.08877434581518173, 0.00963029358536005, 0.0005575585528276861, 0.00019056248129345477, 5.3027644753456116e-05, 2.4022760044317693e-05, 1.2507885912782513e-05, 2.8074332476535346e-06, 3.143998128507519e-07, 3.75922601444123e-20, 0.0], [0.26986339688301086, 0.010762648656964302, 0.0019487537210807204, 0.00015346477448474616, 1.9129460270050913e-05, 7.2308434937440325e-06, 2.719091298786225e-06, 2.640329910263972e-07, 2.5180760788700775e-20, 6.380390936227859e-23, 0.0], [0.44799837470054626, 0.01399329211562872, 0.002860346110537648, 0.00016691609926056117, 5.898197923670523e-05, 1.1912279660464264e-05, 1.1494030331959948e-06, 1.3059604655272844e-21, 0.0, 0.0, 0.0], [0.6439788937568665, 0.09611082822084427, 0.014112507924437523, 0.0015179620822891593, 0.000546960043720901, 0.00024294239119626582, 5.0106555136153474e-05, 7.882478712417651e-06, 2.3440788936568424e-06, 7.345721542151296e-07, 8.954330610322359e-09], [0.04132918640971184]]}, "linear_probes": {"mse": [0.01917400339043416, 0.017491741408493397, 0.016494662219348664, 0.016605124464449558, 0.015994627252000494, 0.016265069290971667, 0.016032047297476988, 0.015515808915354905, 0.015577023056403818, 0.015193103916973552, 0.015048624531473959, 0.015087747552386755], "mae": [0.10217306231884468, 0.09533201969118832, 0.09275330475150213, 0.09211890983595351, 0.0907062686504643, 0.09207203681960782, 0.09145759160154346, 0.08873165422687333, 0.08881524750160769, 0.0872100934728209, 0.0863330833016192, 0.08683114995466984]}}