{"loss": 0.016282375901937485, "val_loss": 0.015457476489245892}