{"sparsity": {"nnz_weights": [88, 121, 121, 11], "total_weights": [88, 121, 121, 11], "nnz_biases": [10, 10, 9, 1], "total_biases": [11, 11, 11, 1]}, "basic_statistics": {"weight_avg": [0.04520344361662865, 0.06202441826462746, -0.017854297533631325, 0.3502417802810669], "bias_avg": [0.12262176722288132, 0.06725863367319107, 0.023846041411161423, -0.09122040867805481]}, "layerwise_pca": {"explained_variance": [[0.13344573974609375, 0.06214311346411705, 0.023782629519701004, 0.005625206511467695, 0.0009868027409538627, 0.0007450647535733879, 0.000471680163173005, 0.0003008479834534228, 0.0001485695829614997, 1.923985473695211e-05, 0.0], [0.24514228105545044, 0.09153370559215546, 0.06237960234284401, 0.0014496338553726673, 0.0012896752450615168, 0.0008357963524758816, 0.0002947562315966934, 0.00017133017536252737, 3.331660991534591e-05, 5.691213028433149e-19, 0.0], [0.43712669610977173, 0.3037944734096527, 0.03050205111503601, 0.00429727416485548, 0.0011602673912420869, 0.0008147996268235147, 0.00024183969071600586, 3.066895867259988e-17, 0.0, 0.0, 0.0], [0.04094073548913002]]}, "linear_probes": {"mse": [0.019344785358243265, 0.01874315787786263, 0.018463805148356615, 0.016930549202480733], "mae": [0.10047276183821116, 0.09981047219025604, 0.0963859533688655, 0.09280451765017703]}, "cca": [[0.9999999101876462, 0.8204583028725924, 0.5405807008018748], [0.8204583028725924, 1.0000000539594576, 0.519627854182731], [0.5405807008018748, 0.519627854182731, 0.9999999101876462]], "logs": {"loss": 0.01639828085899353, "val_loss": 0.0172880832105875}}