{"sparsity": {"nnz_weights": [56, 49, 49, 7], "total_weights": [56, 49, 49, 7], "nnz_biases": [6, 6, 6, 1], "total_biases": [7, 7, 7, 1]}, "basic_statistics": {"weight_avg": [0.059536777436733246, -0.048116449266672134, 0.04228321462869644, -0.16662366688251495], "bias_avg": [0.07811038941144943, 0.028920317068696022, -0.0309658944606781, 0.19333556294441223]}, "layerwise_pca": {"explained_variance": [[0.03621114417910576, 0.023942625150084496, 0.010230164974927902, 0.005177181679755449, 0.0014468986773863435, 1.9664781575556844e-05, 4.782936145613305e-18], [0.09447203576564789, 0.026225799694657326, 0.008451731875538826, 0.0006528873927891254, 4.477592696616739e-08, 2.5363354850470103e-21, 0.0], [0.18437008559703827, 0.019226983189582825, 0.00519503653049469, 0.0019303957233205438, 2.5101555365836248e-05, 6.03227200269795e-19, 7.503445506425424e-23], [0.0385829322040081]]}, "linear_probes": {"mse": [0.01987090076474267, 0.01922523920986526, 0.01686190707058687, 0.01691357802903437], "mae": [0.10211163054379861, 0.10132522890905672, 0.09325873631005434, 0.09381676378770128]}, "cca": [[0.9999999446695337, 0.6253307111069992, 0.5756227333836981], [0.6253307111069992, 0.9999999446695337, 0.6305114543934077], [0.5756228701219632, 0.6305114543934077, 0.9999997644420416]], "logs": {"loss": 0.016496427357196808, "val_loss": 0.016923096030950546}}