{"basic_statistics": {"weight_avg": [0.024243999272584915, -0.0060978545807302, 0.038459766656160355, -0.08422818779945374, -0.010426894761621952, 0.11975656449794769, 0.0064176879823207855, 0.04748907685279846, 0.16037766635417938, 0.13023237884044647, 0.05474791303277016, -0.11883310228586197], "bias_avg": [-0.017960786819458008, -0.027440017089247704, 0.051771990954875946, 0.002452047308906913, 0.029140029102563858, -0.0003617320617195219, 0.00759656960144639, 0.029708046466112137, 0.012377569451928139, 0.005162660498172045, 0.07607042789459229, -0.08602750301361084]}, "sparsity": {"nnz_weights": [56, 49, 49, 49, 49, 49, 49, 49, 49, 49, 49, 7], "total_weights": [56, 49, 49, 49, 49, 49, 49, 49, 49, 49, 49, 7], "nnz_biases": [6, 5, 6, 6, 7, 6, 6, 7, 7, 7, 6, 1], "total_biases": [7, 7, 7, 7, 7, 7, 7, 7, 7, 7, 7, 1]}, "layerwise_pca": {"explained_variance": [[0.05365543067455292, 0.03305072709918022, 0.014441373758018017, 0.0025401541497558355, 0.001693316618911922, 9.088998922379687e-06, 0.0], [0.07047022134065628, 0.02889103814959526, 0.004863112233579159, 0.0007256902754306793, 1.927883745789258e-19, 0.0, 0.0], [0.05359068140387535, 0.010037856176495552, 0.001539656426757574, 0.0007917907787486911, 0.00033766604610718787, 0.00011616480333032086, 7.091790588716989e-19], [0.011758255772292614, 0.0033019501715898514, 0.0009063574252650142, 0.00014632583770435303, 4.422826087086285e-21, 7.035578345172874e-36, 0.0], [0.010496162809431553, 0.0009216577163897455, 0.00029276945861056447, 2.4171707991627045e-05, 2.66574306806433e-06, 6.909559210103348e-21, 1.3773642865541492e-40], [0.02323765680193901, 0.0014217776479199529, 9.275534102926031e-05, 2.0829429558943957e-06, 3.442396491561905e-18, 1.4055850639594255e-24, 1.861358570328629e-35], [0.035404905676841736, 0.0012790560722351074, 2.55360328083043e-06, 2.9686138935464355e-20, 4.006200524880963e-24, 1.6935392590597577e-38, 0.0], [0.04184502363204956, 0.0009613821748644114, 0.0009136343724094331, 2.737958675425034e-05, 1.0493337185835117e-06, 5.136917113901518e-09, 0.0], [0.0871661901473999, 0.002701344434171915, 0.0014466324355453253, 5.809661161038093e-06, 1.1627428193605738e-06, 3.435041653919481e-20, 0.0], [0.2794753611087799, 0.0069020893424749374, 0.002152778906747699, 6.292144098551944e-05, 6.342053438856965e-06, 1.0512644621485379e-06, 0.0], [1.1489510536193848, 0.047727540135383606, 0.0027281029615551233, 0.0006151851266622543, 6.21282888459973e-05, 4.252571879845628e-21, 0.0], [0.04057319462299347]]}, "linear_probes": {"mse": [0.02117296358361082, 0.020863414100797714, 0.019386099862162862, 0.018922512336941515, 0.018376210154343403, 0.018480146589718128, 0.018522136399540264, 0.01774936391608694, 0.01748961988175315, 0.016575680654886665, 0.016638538659623666, 0.016519747749635005], "mae": [0.10708292368407397, 0.1068337924401073, 0.10148277636697751, 0.1006331771008816, 0.09728210082843292, 0.09777937641987997, 0.09815590989297719, 0.09563830661089275, 0.09496578647880971, 0.09157876718998595, 0.09128780842495185, 0.09095261648952782]}}