{"loss": 0.01682227849960327, "val_loss": 0.015670374035835266}