{"basic_statistics": {"weight_avg": [0.0300978422164917, 0.1366478055715561, -0.0673706904053688, 0.10068739205598831], "bias_avg": [0.0910537987947464, 0.0067167761735618114, 0.004402361810207367, 0.07666360586881638]}, "sparsity": {"nnz_weights": [56, 49, 49, 7], "total_weights": [56, 49, 49, 7], "nnz_biases": [7, 7, 5, 1], "total_biases": [7, 7, 7, 1]}, "layerwise_pca": {"explained_variance": [[0.07667642086744308, 0.01926053687930107, 0.012070221826434135, 0.0031514510046690702, 0.0017146915197372437, 0.0010508907726034522, 0.0004487491096369922], [0.0720675140619278, 0.04218044877052307, 0.023504110053181648, 0.008778000250458717, 0.002134793670848012, 0.0005960956332273781, 0.0004290758224669844], [0.21142646670341492, 0.04587799310684204, 0.015006587840616703, 0.003937676548957825, 0.0019376614363864064, 2.9808581647703875e-17, 0.0], [0.039209380745887756]]}, "linear_probes": {"mse": [0.019248704688929592, 0.018137322596638687, 0.01720378027870497, 0.01582563260200175], "mae": [0.09970203533787773, 0.09702432624546023, 0.09341493090304596, 0.08956712134282765]}}