{"loss": 0.016377856954932213, "val_loss": 0.014544771052896976}