{"sparsity": {"nnz_weights": [88, 121, 121, 11], "total_weights": [88, 121, 121, 11], "nnz_biases": [10, 10, 9, 1], "total_biases": [11, 11, 11, 1]}, "basic_statistics": {"weight_avg": [0.032119669020175934, 0.06014018505811691, -0.02482648566365242, 0.3775516450405121], "bias_avg": [0.12526074051856995, 0.06614264845848083, 0.020121119916439056, -0.09585077315568924]}, "layerwise_pca": {"explained_variance": [[0.14228679239749908, 0.07052133977413177, 0.022380778566002846, 0.0067160287871956825, 0.0009611923596821725, 0.0006361117702908814, 0.0003005207108799368, 0.00028984673554077744, 5.8120127505389974e-05, 1.3058503100182861e-05, 0.0], [0.26331818103790283, 0.10282640159130096, 0.06465736031532288, 0.0023838537745177746, 0.0011365440441295505, 0.0009105767821893096, 0.0002686568768694997, 0.0001451969874324277, 2.092327304126229e-05, 2.6962259777353807e-17, 0.0], [0.3659859597682953, 0.3180324137210846, 0.04020826891064644, 0.004322701599448919, 0.0018749135779216886, 0.0013304862659424543, 0.0004052408039569855, 6.170449070545876e-17, 0.0, 0.0, 0.0], [0.03820250183343887]]}, "linear_probes": {"mse": [0.019393152755323904, 0.018699402170824136, 0.018229026637474194, 0.01656494091447749], "mae": [0.10090265708119098, 0.0996153359583506, 0.09570417428141963, 0.09063259993674093]}, "cca": [[0.9999999101876462, 0.786294008497035, 0.5161847040938234], [0.7862941359841371, 1.0000000539594576, 0.4974095801757905], [0.5161847040938234, 0.4974094787774613, 0.9999997664158452]], "logs": {"loss": 0.01584829017519951, "val_loss": 0.01671813428401947}}