{"sparsity": {"nnz_weights": [56, 49, 49, 49, 49, 49, 49, 49, 49, 49, 49, 7], "total_weights": [56, 49, 49, 49, 49, 49, 49, 49, 49, 49, 49, 7], "nnz_biases": [7, 7, 7, 6, 7, 7, 6, 7, 4, 6, 6, 1], "total_biases": [7, 7, 7, 7, 7, 7, 7, 7, 7, 7, 7, 1]}, "basic_statistics": {"weight_avg": [0.05666271969676018, 0.02542317472398281, 0.01652582548558712, -0.11044124513864517, 0.04471015930175781, 0.12838155031204224, 0.03612909093499184, 0.007672030013054609, -0.09343019127845764, 0.06210238113999367, 0.049980342388153076, 0.18233944475650787], "bias_avg": [0.049252431839704514, -0.016160331666469574, 0.03465229645371437, 0.017509309574961662, 0.03473975881934166, 0.03319694846868515, 0.03426569327712059, -0.011135667562484741, 0.04363834857940674, 0.13560660183429718, 0.005792493466287851, 0.12854351103305817]}, "layerwise_pca": {"explained_variance": [[0.09913558512926102, 0.017807742580771446, 0.010055330581963062, 0.003985545132309198, 0.0016480358317494392, 0.0006540815229527652, 0.00021675057359971106], [0.04143588989973068, 0.014503917656838894, 0.006194706540554762, 0.0016052332939580083, 0.000736223824787885, 0.00019478111062198877, 3.688851211336441e-05], [0.023313038051128387, 0.014469687826931477, 0.004517839290201664, 0.0004911285359412432, 0.00018160295439884067, 0.0, 0.0], [0.02482590265572071, 0.005036387592554092, 0.001916579669341445, 6.544254574691877e-05, 3.32801546864763e-20, 0.0, 0.0], [0.02099544368684292, 0.00551796518266201, 0.002169489162042737, 1.2778491509379819e-05, 7.726708304289787e-07, 0.0, 0.0], [0.046563345938920975, 0.00581613602116704, 0.0013371326494961977, 0.0008469197200611234, 1.4684489542560186e-05, 4.384124167700065e-06, 0.0], [0.12477533519268036, 0.003150335745885968, 0.0014990706695243716, 0.00014890929742250592, 4.223951691528782e-05, 1.4903505351236833e-20, 0.0], [0.4120221734046936, 0.003638572758063674, 0.00043734264909289777, 5.9424088249215856e-05, 1.9561624867492355e-05, 3.7161777852287207e-25, 0.0], [0.40672916173934937, 0.0007920622592791915, 2.73894675046904e-05, 1.0225861090418888e-18, 3.507823369625204e-23, 0.0, 0.0], [0.5817736387252808, 0.0004983682883903384, 2.9545873985625803e-05, 2.4782644914012053e-07, 3.4183251784725144e-08, 1.5631081498601596e-11, 1.3056313300384322e-20], [1.0429357290267944, 0.00028622429817914963, 3.421672590775415e-05, 6.226969730960263e-07, 7.030579496358769e-08, 1.764258106766442e-21, 7.843314261406041e-26], [0.043565306812524796]]}, "linear_probes": {"mse": [0.020879605877895377, 0.019047732021362142, 0.01802087399485535, 0.017341751445846355, 0.016849427206539636, 0.01627642301626052, 0.015608018756851196, 0.015577721739099895, 0.01562454999477893, 0.015564109548917978, 0.015349232224283634, 0.015387822755033857], "mae": [0.10700312380020917, 0.10176570072309492, 0.09626610485306206, 0.094426107319433, 0.09304906281279447, 0.09026183078314116, 0.08730404201466602, 0.08688788263177968, 0.08707155947209522, 0.08682818247210994, 0.0858982956195533, 0.0867747627567662]}, "cca": [[0.9999999446695337, 0.7441378708845475, 0.529035335445414, 0.4371467945872435, 0.5510985370418686, 0.5861464630795338, 0.5144184211537534, 0.4227949771618325, 0.3578492310730975, 0.3838566958802484, 0.377574764254423], [0.7441378708845475, 0.9999999446695337, 0.559476726934806, 0.468724281293575, 0.571263325241692, 0.5752680889863849, 0.514398902396871, 0.4206896716211129, 0.37144702639904736, 0.40451603031086086, 0.3978290727642409], [0.529035335445414, 0.559476726934806, 0.9999995842145657, 0.621862320348563, 0.6728465444257462, 0.5646908145344176, 0.6537862803966813, 0.42038188066080046, 0.6467698162851191, 0.39309272840091786, 0.38909689339854886], [0.4371467945872435, 0.468724281293575, 0.621862320348563, 0.9999997644420416, 0.6755051802657184, 0.6165559676641692, 0.587810884553822, 0.48780807869301107, 0.4412323824455809, 0.32649517491739133, 0.45767307359808945], [0.5510984701450151, 0.571263325241692, 0.6728463965901353, 0.6755051802657184, 0.9999997644420416, 0.7563766649637144, 0.7144019601821908, 0.6206549928965615, 0.5264060328617168, 0.40547476924725095, 0.39921547918740835], [0.5861464630795338, 0.5752680889863849, 0.5646908145344176, 0.6165559676641692, 0.7563766649637144, 0.9999995842145657, 0.6722000667882071, 0.7043600982615642, 0.4025296299189632, 0.4358869784988611, 0.429629402208978], [0.5144184211537534, 0.514398902396871, 0.6537861346700424, 0.587810884553822, 0.7144019601821908, 0.6722000667882071, 0.9999999446695337, 0.5470913676164031, 0.5196598729755176, 0.4410432503214728, 0.5698445277722206], [0.42279503575621746, 0.4206896716211129, 0.4203819390877328, 0.48780814163139447, 0.6206549928965615, 0.7043600982615642, 0.5470913676164031, 0.9999999446695337, 0.4048165248553427, 0.4583411096248905, 0.43919548428676436], [0.3578492310730975, 0.37144702639904736, 0.6467698162851191, 0.4412323225872297, 0.5264060328617168, 0.4025296299189632, 0.5196598729755176, 0.40481646752029526, 0.9999995842145657, 0.5714819784381169, 0.5691886144197582], [0.3838566958802484, 0.40451603031086086, 0.39309272840091786, 0.32649517491739133, 0.40547476924725095, 0.43588703799352807, 0.4410432503214728, 0.4583411096248905, 0.5714819784381169, 1.0000003051245667, 0.6527325187835556], [0.377574819626724, 0.3978290727642409, 0.38909689339854886, 0.45767307359808945, 0.39921547918740835, 0.429629402208978, 0.5698445277722206, 0.43919548428676436, 0.5691886144197582, 0.6527325187835556, 1.000000124897042]], "logs": {"loss": 0.01470613107085228, "val_loss": 0.0156793724745512}}