{"basic_statistics": {"weight_avg": [0.022909490391612053, 0.0034919758327305317, 0.04136345162987709, -0.08119218051433563, -0.013747834600508213, 0.11949200183153152, 0.006856562104076147, 0.04924735426902771, 0.15866561233997345, 0.12641751766204834, 0.0491919070482254, -0.12161946296691895], "bias_avg": [-0.015962934121489525, -0.02596014179289341, 0.04970628768205643, 0.002090314170345664, 0.03152882680296898, 0.0022388696670532227, 0.008452917449176311, 0.031599387526512146, 0.011146118864417076, 0.007149890996515751, 0.07288263738155365, -0.08314388990402222]}, "sparsity": {"nnz_weights": [56, 49, 49, 49, 49, 49, 49, 49, 49, 49, 49, 7], "total_weights": [56, 49, 49, 49, 49, 49, 49, 49, 49, 49, 49, 7], "nnz_biases": [6, 5, 6, 6, 7, 6, 6, 7, 7, 7, 6, 1], "total_biases": [7, 7, 7, 7, 7, 7, 7, 7, 7, 7, 7, 1]}, "layerwise_pca": {"explained_variance": [[0.05089789628982544, 0.03251642361283302, 0.01382279209792614, 0.0026287019718438387, 0.0018914311658591032, 1.4149316484690644e-05, 0.0], [0.07015930861234665, 0.02662334218621254, 0.004519792273640633, 0.0006711425958201289, 7.897743678800375e-19, 0.0, 0.0], [0.050128281116485596, 0.00720165716484189, 0.0014739595353603363, 0.0007196692749857903, 0.00026213942328467965, 0.0001048988924594596, 3.1962618175627567e-19], [0.011603740975260735, 0.002769225975498557, 0.0008080753032118082, 0.00010622983245411888, 5.499899904627317e-18, 0.0, 0.0], [0.010703716427087784, 0.000737251655664295, 0.00027013529324904084, 1.201202849188121e-05, 2.4214907625719206e-06, 1.6152031411426486e-19, 3.1529215447308384e-43], [0.02371608465909958, 0.0010514807654544711, 8.554034866392612e-05, 6.795527269787272e-07, 2.1936579622770997e-18, 4.0725590111900884e-25, 4.330936284871941e-34], [0.03500524163246155, 0.0009587566019035876, 1.9023107142857043e-06, 9.947690848668903e-20, 1.3615277772039546e-21, 0.0, 0.0], [0.04159907251596451, 0.0009237905032932758, 0.0006872928934171796, 1.9519842680892907e-05, 7.869063551879663e-07, 5.228837363091543e-09, 0.0], [0.08830919861793518, 0.002451258711516857, 0.0011360186617821455, 5.772745225840481e-06, 1.0304418083251221e-06, 1.3430767824262225e-17, 0.0], [0.27120158076286316, 0.005951497238129377, 0.001769339432939887, 2.3567852622363716e-05, 6.157348252600059e-06, 8.73020610470121e-07, 0.0], [1.0759949684143066, 0.03768927976489067, 0.003759128274396062, 0.0008718080352991819, 5.3235518862493336e-05, 1.0053000634169707e-20, 0.0], [0.038280025124549866]]}, "linear_probes": {"mse": [0.02183376843132245, 0.021569375490737005, 0.019921152838922998, 0.019640570296119354, 0.019310261789261506, 0.01935285098058105, 0.019401554161821998, 0.018515843917945675, 0.017950354964863656, 0.017180962035163037, 0.017025400008930977, 0.01688106997631658], "mae": [0.10664535401292356, 0.10626488011227657, 0.10015506478775121, 0.09956140158653909, 0.09768178744393954, 0.09793348462059566, 0.0981034292781691, 0.09612235224114547, 0.09463510586606723, 0.09229880180630963, 0.09100533518243106, 0.09078113054579161]}}