{"loss": 0.016610026359558105, "val_loss": 0.01611839234828949}