{"basic_statistics": {"weight_avg": [0.10140865296125412, 0.018491346389055252, 0.05519379302859306, -0.04679211229085922, -0.03778115287423134, 0.07734130322933197, 0.04147753864526749, 0.062115807086229324, 0.03551261126995087, 0.10968383401632309, 0.005187801085412502, -0.04581429436802864], "bias_avg": [0.02234978787600994, -0.004034081939607859, 0.001178321777842939, 0.017321210354566574, 0.010290922597050667, 0.02282297983765602, 0.016769105568528175, 0.011686176992952824, 0.012404813431203365, 0.0198065135627985, 0.0004473541339393705, -0.028571583330631256]}, "sparsity": {"nnz_weights": [56, 49, 49, 49, 49, 49, 49, 49, 49, 49, 49, 7], "total_weights": [56, 49, 49, 49, 49, 49, 49, 49, 49, 49, 49, 7], "nnz_biases": [7, 6, 7, 7, 4, 7, 6, 7, 7, 6, 5, 1], "total_biases": [7, 7, 7, 7, 7, 7, 7, 7, 7, 7, 7, 1]}, "layerwise_pca": {"explained_variance": [[0.09305146336555481, 0.02981443889439106, 0.017382817342877388, 0.009086616337299347, 0.0021827169694006443, 0.00027762114768847823, 0.00016247529129032046], [0.10953488945960999, 0.009685679338872433, 0.0023775044828653336, 0.00038348071393556893, 1.8152726624975912e-05, 2.4701563461348996e-07, 3.75577717535007e-18], [0.047811031341552734, 0.009448203258216381, 0.001783220563083887, 0.0002799479407258332, 3.044343611691147e-05, 7.344904133788077e-06, 5.659735791141429e-09], [0.026558931916952133, 0.006052346900105476, 0.0009105929057113826, 4.554183396976441e-05, 3.2403440854977816e-06, 8.8150065865059e-20, 3.5563525936786807e-26], [0.00530853308737278, 0.0013875210424885154, 0.0, 0.0, 0.0, 0.0, 0.0], [0.005715967155992985, 0.0015650552231818438, 3.925395867554471e-05, 1.4653564955413936e-14, 1.45666783803274e-16, 3.1242942608372876e-19, 0.0], [0.01119449082762003, 0.000545868300832808, 4.067512054461986e-05, 1.1492614248709287e-05, 2.0480003968259552e-06, 4.1094230596172565e-07, 9.274972770795974e-23], [0.0170399509370327, 0.00028385865152813494, 4.2940442654071376e-05, 1.544103361084126e-05, 1.7093396991185728e-06, 3.741307068594324e-07, 9.541525258782713e-08], [0.023106293752789497, 0.00024289710563607514, 0.00012639869237318635, 2.427877734589856e-05, 7.595353963552043e-06, 5.689566933142487e-07, 7.010543257024437e-10], [0.03877517208456993, 0.0002933205687440932, 6.603093788726255e-05, 1.3922805010224693e-05, 1.3626107602249249e-06, 5.903517603655928e-07, 3.805915755596517e-21], [0.0649489313364029, 0.00010025840310845524, 4.5937253162264824e-05, 2.8138972538727103e-06, 1.0248422700120213e-19, 0.0, 0.0], [0.0029324148781597614]]}, "linear_probes": {"mse": [0.021570777928633062, 0.024106320432651738, 0.02457084490857766, 0.024160208764376512, 0.02747550663702219, 0.025750366487982793, 0.02370545354301493, 0.023606684145479364, 0.023393997785462927, 0.02370425774821059, 0.023673036880299977, 0.029078696876825506], "mae": [0.1080363402822141, 0.11676664727048425, 0.11885542858561052, 0.11732226409467883, 0.12798711912920566, 0.12220601021375367, 0.11444799995745192, 0.11438123593142627, 0.11381448086214263, 0.11553161846852708, 0.11524094967405321, 0.12969639258907129]}}