{"loss": 0.05423412472009659, "val_loss": 0.04240008071064949}