{"sparsity": {"nnz_weights": [56, 49, 49, 7], "total_weights": [56, 49, 49, 7], "nnz_biases": [6, 6, 6, 1], "total_biases": [7, 7, 7, 1]}, "basic_statistics": {"weight_avg": [0.05512970685958862, -0.034606095403432846, 0.052513424307107925, -0.10612107068300247], "bias_avg": [0.08462859690189362, 0.02912592887878418, -0.0004180159012321383, 0.10150068253278732]}, "layerwise_pca": {"explained_variance": [[0.03711448609828949, 0.022921934723854065, 0.010378842242062092, 0.007009844295680523, 0.0012136987643316388, 6.825946456956444e-07, 6.281968154523234e-18], [0.10323572158813477, 0.02885064110159874, 0.008750135079026222, 0.0005679868627339602, 0.0, 0.0, 0.0], [0.21238930523395538, 0.017461685463786125, 0.006563032977283001, 0.0012564766220748425, 1.4063264643482398e-05, 2.8912727259925776e-18, 4.9986199658322e-23], [0.03705006465315819]]}, "linear_probes": {"mse": [0.019955926482112092, 0.019674145749969653, 0.01778269256444214, 0.017691041752906506], "mae": [0.10205489934177184, 0.10281640252631916, 0.09617009486330604, 0.09616117383898941]}, "cca": [[0.9999999446695337, 0.622362556150912, 0.6078782125784983], [0.6223626983323243, 0.99999868307743, 0.6710595129125149], [0.6078782125784983, 0.6710595129125149, 0.9999997644420416]], "logs": {"loss": 0.017265943810343742, "val_loss": 0.01772291399538517}}