{"basic_statistics": {"weight_avg": [0.015143397264182568, 0.019829848781228065, 0.011817649938166142, 0.1658449023962021, -0.050765931606292725, -0.020202841609716415, 0.002746678190305829, -0.20916417241096497], "bias_avg": [0.010465877130627632, 0.01399792917072773, 0.02178872562944889, 0.004365690518170595, 0.010422146879136562, 0.009688345715403557, 0.009440473280847073, -0.034675683826208115]}, "sparsity": {"nnz_weights": [56, 49, 49, 49, 49, 49, 49, 7], "total_weights": [56, 49, 49, 49, 49, 49, 49, 7], "nnz_biases": [7, 7, 7, 7, 2, 4, 4, 1], "total_biases": [7, 7, 7, 7, 7, 7, 7, 1]}, "layerwise_pca": {"explained_variance": [[0.03940397500991821, 0.0025976060424000025, 0.0016194804338738322, 0.001143781584687531, 0.000846430950332433, 2.464462158968672e-05, 7.750766599201597e-06], [0.010229900479316711, 0.0044936612248420715, 0.0008119100821204484, 0.0003213576565030962, 0.0002212296094512567, 2.476446024957113e-05, 1.2533860171970446e-06], [0.010408347472548485, 0.003323319600895047, 0.00036906954483129084, 0.0002763376396615058, 2.0113124264753424e-05, 1.2228332707309164e-05, 4.1100342815772495e-20], [0.01653274893760681, 0.001330808736383915, 6.473220128100365e-05, 2.2065200028009713e-05, 1.254191101907054e-05, 8.667741894896608e-06, 1.2058209986065549e-09], [0.009525110013782978, 0.00033096823608502746, 0.0, 0.0, 0.0, 0.0, 0.0], [0.004967318382114172, 1.8033641026704572e-05, 4.350415110820904e-06, 6.343895135769995e-13, 5.702157202227964e-24, 1.2411205841239634e-32, 0.0], [0.0030697351321578026, 1.3308263078215532e-05, 4.248730874678586e-06, 1.9693169761580975e-08, 0.0, 0.0, 0.0], [7.754703983664513e-05]]}, "linear_probes": {"mse": [0.042891069158870115, 0.042637465138888636, 0.04907081457277613, 0.04917467376227658, 0.05727894581432493, 0.0571583720463683, 0.05711024705940126, 0.05849996059544718], "mae": [0.16051444828528816, 0.16081813034405468, 0.1713027607791239, 0.17194989130087993, 0.18794088462262346, 0.18796486635351783, 0.187856910292256, 0.19129564693206202]}}