{"loss": 0.05982661992311478, "val_loss": 0.05470642074942589}