{"sparsity": {"nnz_weights": [24, 9, 9, 9, 9, 9, 9, 3], "total_weights": [24, 9, 9, 9, 9, 9, 9, 3], "nnz_biases": [2, 3, 2, 2, 2, 1, 1, 1], "total_biases": [3, 3, 3, 3, 3, 3, 3, 1]}, "basic_statistics": {"weight_avg": [-0.07345891743898392, 0.19688647985458374, -0.16306281089782715, -0.02633904665708542, -0.08472449332475662, 0.12307899445295334, -0.15968778729438782, -0.8810067176818848], "bias_avg": [-0.024126866832375526, 0.05793559551239014, 0.12299171835184097, 0.023815549910068512, 0.00802362710237503, -0.013536720536649227, -0.008642653003334999, 0.7112932801246643]}, "layerwise_pca": {"explained_variance": [[0.016608700156211853, 0.01237710565328598, 0.0], [0.03660561516880989, 0.0005093429354019463, 1.5185260053840466e-05], [0.03502707928419113, 0.0006364615983329713, 0.0], [0.09258144348859787, 0.002306595677509904, 0.0], [0.11361725628376007, 0.00023716194846201688, 0.0], [0.24437262117862701, 0.0, 0.0], [0.26969507336616516, 0.0, 0.0], [0.0265458133071661]]}, "linear_probes": {"mse": [0.021153606480523654, 0.019796049200457074, 0.01855420973557335, 0.01806682329737877, 0.020693967343718023, 0.021089703731351755, 0.02129854667945894, 0.0205579305658903], "mae": [0.10915289960848504, 0.10476108592406747, 0.09980834308676712, 0.09820519578334581, 0.10700069606684409, 0.10830767998848696, 0.10881829183673171, 0.10633361795408659]}, "cca": [[0.9999999641035373, 0.4587085200171259, 0.4183663965017151, 0.40285032436488183, 0.3230991293586006, 0.31725760200269804, 0.6491228418099553], [0.4587085200171259, 0.9999998264525137, 0.6561640945560802, 0.63517107204918, 0.34678588233056945, 0.3298917104459065, 0.3295426671413111], [0.4183663965017151, 0.6561640945560802, 0.9999995511504949, 0.989494506809649, 0.36065440189592834, 0.6625395131011421, 0.3289772474670383], [0.40285032436488183, 0.63517107204918, 0.989494506809649, 0.999999275848514, 0.3833738258408677, 0.6652921295171126, 0.3317322928819711], [0.3230991293586006, 0.34678588233056945, 0.36065440189592834, 0.3833738258408677, 0.9999994134994997, 0.6666066280871566, 0.6664287320724611], [0.31725760200269804, 0.3298917104459065, 0.6625395131011421, 0.6652921295171126, 0.6666066280871566, 0.9999978993391778, 0.6666516958494147], [0.6491228418099553, 0.3295426671413111, 0.3289772474670383, 0.3317322928819711, 0.6664287320724611, 0.6666516958494147, 0.9999983122918792]], "logs": {"loss": 0.02208259329199791, "val_loss": 0.021043147891759872}}