{"basic_statistics": {"weight_avg": [0.06014183908700943, 0.002722602803260088, -0.011800356209278107, 0.02647649310529232, -0.008901177905499935, -3.939103407901712e-05, 0.011370671913027763, 0.12845173478126526], "bias_avg": [0.02372027561068535, 0.024134906008839607, 0.06684473901987076, 0.018775291740894318, 0.03422662243247032, 0.02114006131887436, 0.05747775733470917, -0.02328609488904476]}, "sparsity": {"nnz_weights": [88, 121, 121, 121, 121, 121, 121, 11], "total_weights": [88, 121, 121, 121, 121, 121, 121, 11], "nnz_biases": [10, 10, 9, 9, 7, 10, 11, 1], "total_biases": [11, 11, 11, 11, 11, 11, 11, 1]}, "layerwise_pca": {"explained_variance": [[0.07742489874362946, 0.05510033294558525, 0.009632871486246586, 0.007234370335936546, 0.002521385671570897, 0.0008120113634504378, 0.0006654918543063104, 0.00028410422964952886, 6.317461520666257e-05, 1.962107262443169e-06, 7.418378684400029e-20], [0.06873064488172531, 0.009619833901524544, 0.0076367477886378765, 0.004425121936947107, 0.001328801503404975, 0.0007373160333372653, 0.00035308534279465675, 0.00031905449577607214, 0.00013144986587576568, 2.1362394268518844e-17, 0.0], [0.029479309916496277, 0.014179758727550507, 0.003179152263328433, 0.001131721306592226, 0.0007385073113255203, 0.0004439326876308769, 0.0002145340695278719, 0.0001677754189586267, 4.5544529712060466e-05, 1.148571713393156e-18, 4.78430874844226e-19], [0.02294176071882248, 0.011827374808490276, 0.000859882915392518, 0.0007350999512709677, 0.0005695121362805367, 3.451446900726296e-05, 2.071535709546879e-05, 2.8351168817724245e-18, 7.429822064774234e-23, 2.6964138417830584e-25, 3.556484561117976e-36], [0.03732399642467499, 0.006055045872926712, 0.0004081800580024719, 0.00019943360530305654, 6.40912403468974e-05, 4.158400315645849e-06, 3.585695477272396e-21, 6.643784019416465e-23, 0.0, 0.0, 0.0], [0.12440574169158936, 0.008473730646073818, 0.001171798794530332, 0.00018955953419208527, 0.00012210696877446026, 3.726673821802251e-05, 1.3580186532635707e-05, 4.854553480981849e-06, 1.417678504367359e-06, 4.154577634445803e-21, 0.0], [0.4295405149459839, 0.02101348526775837, 0.005060295574367046, 0.003031466854736209, 0.0003742566332221031, 0.00012844052980653942, 3.8478156056953594e-05, 8.16025749372784e-06, 5.591432454821188e-06, 1.589753651387582e-06, 2.7502274197103817e-19], [0.0392441526055336]]}, "linear_probes": {"mse": [0.019848470194271828, 0.019129942077703858, 0.018666797150975807, 0.018514809656396323, 0.017150764227311606, 0.015625101975575505, 0.015462817484709434, 0.015409004439910102], "mae": [0.10384963247028625, 0.10095952512313912, 0.0995064282386253, 0.09997768201188482, 0.09426965112520021, 0.08837199373802507, 0.08777392557959687, 0.08754441274864239]}}