{"loss": 0.015603028237819672, "val_loss": 0.015928328037261963}