{"basic_statistics": {"weight_avg": [0.04939392954111099, 0.015728957951068878, 0.030612073838710785, -0.047330476343631744, -0.06191132217645645, 0.1472800076007843, 0.04220680147409439, 0.12171025574207306], "bias_avg": [0.04114329442381859, 0.0056614442728459835, -0.014251559041440487, 0.0005283281207084656, 0.044296469539403915, 0.026485858485102654, 0.043935682624578476, 0.06790478527545929]}, "sparsity": {"nnz_weights": [88, 121, 121, 121, 121, 121, 121, 11], "total_weights": [88, 121, 121, 121, 121, 121, 121, 11], "nnz_biases": [10, 8, 9, 9, 11, 11, 10, 1], "total_biases": [11, 11, 11, 11, 11, 11, 11, 1]}, "layerwise_pca": {"explained_variance": [[0.09943918883800507, 0.04166043549776077, 0.012221202254295349, 0.0036393275950104, 0.0027912340592592955, 0.0019284525187686086, 0.001034860615618527, 0.0007495373138226569, 0.00023856371990405023, 4.662494393414818e-05, 0.0], [0.038889989256858826, 0.02627737820148468, 0.015279144048690796, 0.005688288249075413, 0.0014626565389335155, 0.00046053543337620795, 0.0004063159867655486, 0.00021311438467819244, 5.80580235869012e-20, 0.0, 0.0], [0.06647033989429474, 0.018734734505414963, 0.007950453087687492, 0.001353152678348124, 0.0006841082940809429, 0.00012364619760774076, 0.00011996929242741317, 1.4075360013521276e-05, 6.493042623162957e-19, 1.5423878091076372e-21, 0.0], [0.13369175791740417, 0.012114843353629112, 0.0012231023283675313, 0.0007622525445185602, 0.0003805044980254024, 4.0641800296725705e-05, 2.078523561355487e-17, 3.18962938001373e-19, 9.259461392505726e-21, 1.4318143378501932e-34, 7.621475178829397e-36], [0.16848696768283844, 0.009397834539413452, 0.00272354856133461, 0.0009795065270736814, 0.0005183069733902812, 0.0002247142547275871, 0.00011105331941507757, 1.6576184862060472e-05, 9.545610737404786e-06, 1.2681265054697061e-18, 1.7874185580727517e-21], [0.34195294976234436, 0.03189783915877342, 0.004787015728652477, 0.0005709524848498404, 0.00037398163112811744, 0.00033721962245181203, 6.658508209511638e-05, 4.536474989436101e-06, 1.4544138866688187e-18, 7.96604979809256e-21, 0.0], [0.8497486114501953, 0.08700001984834671, 0.006758779287338257, 0.000818855594843626, 0.00044057515333406627, 0.00028290628688409925, 0.00011670019739540294, 6.727564323227853e-05, 1.2567722478706855e-05, 1.5277156081741533e-19, 0.0], [0.04128842055797577]]}, "linear_probes": {"mse": [0.01990538783365549, 0.0204953112793521, 0.018432426599128394, 0.018708791613036912, 0.015954684818602686, 0.015424792100592414, 0.015168219912156566, 0.014726213488949617], "mae": [0.10121883131198818, 0.10407518533256561, 0.09730497282688788, 0.09945642129187499, 0.08889372412162592, 0.08727741597429084, 0.08620157151936193, 0.08518716228182871]}}