{"loss": 0.014434167183935642, "val_loss": 0.015544497407972813}