{"basic_statistics": {"weight_avg": [0.07919342815876007, 0.132610484957695, 0.0621790885925293, -0.05603548139333725, -0.01614304818212986, 0.040128037333488464, 0.09152966737747192, -0.009943255223333836], "bias_avg": [0.003174447687342763, 0.039912354201078415, 0.020760569721460342, 0.003790787188336253, -0.02020782046020031, 0.06551586836576462, 0.03264724835753441, 0.1871485412120819]}, "sparsity": {"nnz_weights": [56, 49, 49, 49, 49, 49, 49, 7], "total_weights": [56, 49, 49, 49, 49, 49, 49, 7], "nnz_biases": [7, 7, 7, 4, 6, 6, 6, 1], "total_biases": [7, 7, 7, 7, 7, 7, 7, 1]}, "layerwise_pca": {"explained_variance": [[0.062198422849178314, 0.04821469634771347, 0.007968960329890251, 0.0035907996352761984, 0.0021636842284351587, 0.0006134083378128707, 8.578642155043781e-05], [0.04541952908039093, 0.02464209869503975, 0.010798005387187004, 0.0050536566413939, 0.001165753579698503, 0.0002719636831898242, 0.00012481072917580605], [0.05343599617481232, 0.02264193259179592, 0.01068196166306734, 0.0014375997707247734, 0.0006482485914602876, 0.00031495909206569195, 2.1301748631685768e-07], [0.10337819904088974, 0.034006137400865555, 0.005819073412567377, 0.00033500665449537337, 2.424611462872366e-17, 9.306796681890038e-22, 0.0], [0.12455637753009796, 0.01811373420059681, 0.0022327140904963017, 0.0007393119158223271, 0.0003505393979139626, 1.995730235648807e-05, 0.0], [0.26014822721481323, 0.013385840691626072, 0.003390287747606635, 0.0016795746050775051, 0.00030694203451275826, 9.988029341911897e-05, 7.003956932360929e-19], [0.5952258706092834, 0.023054350167512894, 0.0005004408303648233, 0.00017293608107138425, 1.298552099182615e-10, 9.94136275542416e-21, 0.0], [0.038386180996894836]]}, "linear_probes": {"mse": [0.020326688911610668, 0.02010717427911195, 0.019198093463618945, 0.019148915973443557, 0.01676460996712126, 0.016445564886754693, 0.016317508947115703, 0.015988876968646572], "mae": [0.1043242334100386, 0.10406334978000693, 0.1017420235373251, 0.10131331080922741, 0.09204186435529227, 0.09021908172714244, 0.08985393919064555, 0.08796451297286767]}}