{"loss": 0.015674153342843056, "val_loss": 0.016961518675088882}