{"basic_statistics": {"weight_avg": [0.0512247309088707, 0.015480522066354752, 0.0356282964348793, -0.04320685565471649, -0.03734072297811508, 0.1377948522567749, 0.04053584858775139, 0.11607549339532852], "bias_avg": [0.03566419333219528, 0.0040352195501327515, -0.01071399636566639, 0.0025948702823370695, 0.04612034186720848, 0.028408950194716454, 0.045032840222120285, 0.06889984756708145]}, "sparsity": {"nnz_weights": [88, 121, 121, 121, 121, 121, 121, 11], "total_weights": [88, 121, 121, 121, 121, 121, 121, 11], "nnz_biases": [10, 8, 9, 9, 11, 11, 10, 1], "total_biases": [11, 11, 11, 11, 11, 11, 11, 1]}, "layerwise_pca": {"explained_variance": [[0.09837577491998672, 0.04172642156481743, 0.01160749327391386, 0.003959014546126127, 0.0027125172782689333, 0.0021123101469129324, 0.0009612197754904628, 0.0005310113192535937, 0.00019868162053171545, 7.841426122467965e-05, 0.0], [0.04072701185941696, 0.02651463821530342, 0.01361415721476078, 0.0065968879498541355, 0.000985512975603342, 0.00044659318518824875, 0.0002761822543106973, 0.00015787525626365095, 2.1679229323168515e-20, 0.0, 0.0], [0.06926905363798141, 0.013338875956833363, 0.006660787388682365, 0.001832637470215559, 0.0006860953872092068, 0.00017566350288689137, 0.00010520071373321116, 2.430155291222036e-05, 4.707720741760829e-20, 6.492921502595529e-22, 0.0], [0.147042378783226, 0.00864647701382637, 0.0008864984265528619, 0.0007082372321747243, 0.0003909540537279099, 5.5917826102813706e-05, 6.903482301883833e-18, 3.726883446360863e-19, 2.8359667581530344e-20, 4.0535214547878046e-33, 7.965950842382836e-36], [0.2029649317264557, 0.004532185383141041, 0.002408422064036131, 0.0006751782493665814, 0.0005066019366495311, 0.00023202576267067343, 9.432704246137291e-05, 1.9284989321022294e-05, 8.221969437727239e-06, 2.713096509859098e-20, 2.010647059640181e-21], [0.40036875009536743, 0.027060329914093018, 0.002088489942252636, 0.0004729774664156139, 0.00037187046837061644, 0.0001888326514745131, 7.493999873986468e-05, 4.898883616988314e-06, 2.0829900885090895e-18, 1.5512484765486322e-20, 0.0], [0.9244334697723389, 0.08798153698444366, 0.006304651033133268, 0.0014893681509420276, 0.000440762669313699, 0.00011337367322994396, 7.790064410073683e-05, 4.644928776542656e-05, 1.2966735084773973e-05, 6.268540118049354e-19, 0.0], [0.04210745543241501]]}, "linear_probes": {"mse": [0.02025750054749346, 0.02054480126229318, 0.018619675129802355, 0.01861726824280606, 0.016237469020301994, 0.01610769498564126, 0.015932317388365792, 0.015820933139548802], "mae": [0.10357897776498926, 0.10555369712427162, 0.09942325999598241, 0.09955052947357218, 0.08995334533537867, 0.08905108243000583, 0.08838955502204057, 0.08815481689865036]}}