{"loss": 0.015089411288499832, "val_loss": 0.016053294762969017}