{"basic_statistics": {"weight_avg": [0.02780795469880104, -0.011277695186436176, 0.032775238156318665, -0.09021308273077011, -0.00663172360509634, 0.11840849369764328, 0.005897743161767721, 0.046803489327430725, 0.16162946820259094, 0.13383923470973969, 0.05829625204205513, -0.11774604767560959], "bias_avg": [-0.018301023170351982, -0.02973756194114685, 0.05433091148734093, 0.002386558335274458, 0.02708538994193077, -0.006193297449499369, 0.0067879194393754005, 0.03162476047873497, 0.013239765539765358, 0.0028863996267318726, 0.07788683474063873, -0.08934283256530762]}, "sparsity": {"nnz_weights": [56, 49, 49, 49, 49, 49, 49, 49, 49, 49, 49, 7], "total_weights": [56, 49, 49, 49, 49, 49, 49, 49, 49, 49, 49, 7], "nnz_biases": [6, 5, 6, 6, 7, 6, 6, 7, 7, 7, 6, 1], "total_biases": [7, 7, 7, 7, 7, 7, 7, 7, 7, 7, 7, 1]}, "layerwise_pca": {"explained_variance": [[0.05469457805156708, 0.03365694358944893, 0.014867951162159443, 0.0025035873986780643, 0.0016089978162199259, 1.808021988836117e-05, 0.0], [0.06926826387643814, 0.030013924464583397, 0.005279322154819965, 0.0008188996580429375, 5.127228362097423e-19, 0.0, 0.0], [0.053611788898706436, 0.011665234342217445, 0.0015970284584909678, 0.0008111275965347886, 0.00033764768159016967, 0.00011393820750527084, 1.5022045567517996e-18], [0.01175022404640913, 0.003622214775532484, 0.0009741668472997844, 0.00016739597776904702, 5.946356500634218e-20, 0.0, 0.0], [0.0100527573376894, 0.0010868585668504238, 0.0003196182078681886, 3.3554184483364224e-05, 9.017734328153892e-07, 4.811236579308158e-20, 6.773456387006868e-41], [0.022585850208997726, 0.0017333109863102436, 9.889920329442248e-05, 2.4742921596043743e-06, 3.8651314346065575e-19, 1.2508090160762978e-23, 8.337213198250008e-35], [0.03461745008826256, 0.0015669007552787662, 2.756168896667077e-06, 3.644742602076757e-20, 1.3913315228048306e-22, 0.0, 0.0], [0.04103769361972809, 0.001176348072476685, 0.0009542549960315228, 3.4695181966526434e-05, 1.0997050594596658e-06, 6.3065219713109855e-09, 0.0], [0.0873401015996933, 0.002860765205696225, 0.001745471148751676, 7.147618816816248e-06, 1.0337960247852607e-06, 1.9312886926091647e-20, 0.0], [0.28975051641464233, 0.007405218668282032, 0.0025303163565695286, 9.187055547954515e-05, 1.0671315976651385e-05, 1.0335467095501372e-06, 0.0], [1.2051012516021729, 0.05205994099378586, 0.002907747635617852, 0.0006409838679246604, 7.494832971133292e-05, 1.2756920366770225e-21, 0.0], [0.04194776713848114]]}, "linear_probes": {"mse": [0.02060444829628577, 0.020653026253663487, 0.019414583005892428, 0.019193046114878966, 0.018323587160263305, 0.018520223938096356, 0.01866356893799717, 0.01802212707289129, 0.017695964873169847, 0.016758205796992564, 0.01670988340666709, 0.016629905686387482], "mae": [0.10565596133597858, 0.10575600247775818, 0.10140071728683035, 0.10124893513732786, 0.09634744371135981, 0.09738545590180996, 0.09805903439218518, 0.09573548980452251, 0.0947421460827524, 0.09117141678315623, 0.09049140323652548, 0.09118312926838648]}}