{"loss": 0.016137205064296722, "val_loss": 0.01574687287211418}