{"sparsity": {"nnz_weights": [24, 9, 9, 9, 9, 9, 9, 9, 9, 9, 9, 3], "total_weights": [24, 9, 9, 9, 9, 9, 9, 9, 9, 9, 9, 3], "nnz_biases": [0, 0, 0, 0, 0, 0, 0, 0, 0, 0, 0, 1], "total_biases": [3, 3, 3, 3, 3, 3, 3, 3, 3, 3, 3, 1]}, "basic_statistics": {"weight_avg": [-0.17685478925704956, -0.1402520388364792, 0.23902525007724762, -0.056104209274053574, -0.16166284680366516, -0.014983256347477436, -0.22522756457328796, 0.1581716239452362, 0.10411448031663895, 0.013268868438899517, 0.08261124044656754, -0.01877981424331665], "bias_avg": [0.0, 0.0, 0.0, 0.0, 0.0, 0.0, 0.0, 0.0, 0.0, 0.0, 0.0, -0.42270657420158386]}, "layerwise_pca": {"explained_variance": [[0.0077230255119502544, 0.00017797421605791897, 0.0], [0.0, 0.0, 0.0], [0.0, 0.0, 0.0], [0.0, 0.0, 0.0], [0.0, 0.0, 0.0], [0.0, 0.0, 0.0], [0.0, 0.0, 0.0], [0.0, 0.0, 0.0], [0.0, 0.0, 0.0], [0.0, 0.0, 0.0], [0.0, 0.0, 0.0], [0.0]]}, "linear_probes": {"mse": [0.05397505419487161, 0.055113755907303635, 0.055113755907303635, 0.055113755907303635, 0.055113755907303635, 0.055113755907303635, 0.055113755907303635, 0.055113755907303635, 0.055113755907303635, 0.055113755907303635, 0.055113755907303635, 0.055113755907303635], "mae": [0.18117341999361575, 0.18368024920875975, 0.18368024920875975, 0.18368024920875975, 0.18368024920875975, 0.18368024920875975, 0.18368024920875975, 0.18368024920875975, 0.18368024920875975, 0.18368024920875975, 0.18368024920875975, 0.18368024920875975]}, "cca": [[0.9999999641035373, 0.3338980680473516, 0.3338980680473516, 0.3338980680473516, 0.3338980680473516, 0.3338980680473516, 0.3338980680473516, 0.3338980680473516, 0.3338980680473516, 0.3338980680473516, 0.3338980680473516], [0.3338980680473516, 0.9999999641035373, 0.9999999641035373, 0.9999999641035373, 0.9999999641035373, 0.9999999641035373, 0.9999999641035373, 0.9999999641035373, 0.9999999641035373, 0.9999999641035373, 0.9999999641035373], [0.3338980680473516, 0.9999999641035373, 0.9999999641035373, 0.9999999641035373, 0.9999999641035373, 0.9999999641035373, 0.9999999641035373, 0.9999999641035373, 0.9999999641035373, 0.9999999641035373, 0.9999999641035373], [0.3338980680473516, 0.9999999641035373, 0.9999999641035373, 0.9999999641035373, 0.9999999641035373, 0.9999999641035373, 0.9999999641035373, 0.9999999641035373, 0.9999999641035373, 0.9999999641035373, 0.9999999641035373], [0.3338980680473516, 0.9999999641035373, 0.9999999641035373, 0.9999999641035373, 0.9999999641035373, 0.9999999641035373, 0.9999999641035373, 0.9999999641035373, 0.9999999641035373, 0.9999999641035373, 0.9999999641035373], [0.3338980680473516, 0.9999999641035373, 0.9999999641035373, 0.9999999641035373, 0.9999999641035373, 0.9999999641035373, 0.9999999641035373, 0.9999999641035373, 0.9999999641035373, 0.9999999641035373, 0.9999999641035373], [0.3338980680473516, 0.9999999641035373, 0.9999999641035373, 0.9999999641035373, 0.9999999641035373, 0.9999999641035373, 0.9999999641035373, 0.9999999641035373, 0.9999999641035373, 0.9999999641035373, 0.9999999641035373], [0.3338980680473516, 0.9999999641035373, 0.9999999641035373, 0.9999999641035373, 0.9999999641035373, 0.9999999641035373, 0.9999999641035373, 0.9999999641035373, 0.9999999641035373, 0.9999999641035373, 0.9999999641035373], [0.3338980680473516, 0.9999999641035373, 0.9999999641035373, 0.9999999641035373, 0.9999999641035373, 0.9999999641035373, 0.9999999641035373, 0.9999999641035373, 0.9999999641035373, 0.9999999641035373, 0.9999999641035373], [0.3338980680473516, 0.9999999641035373, 0.9999999641035373, 0.9999999641035373, 0.9999999641035373, 0.9999999641035373, 0.9999999641035373, 0.9999999641035373, 0.9999999641035373, 0.9999999641035373, 0.9999999641035373], [0.3338980680473516, 0.9999999641035373, 0.9999999641035373, 0.9999999641035373, 0.9999999641035373, 0.9999999641035373, 0.9999999641035373, 0.9999999641035373, 0.9999999641035373, 0.9999999641035373, 0.9999999641035373]], "logs": {"loss": 0.05698368325829506, "val_loss": 0.05511409789323807}}