{"basic_statistics": {"weight_avg": [0.05955220386385918, 0.009207879193127155, 0.004469684325158596, 0.02772420458495617, -0.008794371038675308, 0.0006943958578631282, 0.011177686043083668, 0.11585881561040878], "bias_avg": [0.01944781094789505, 0.030881471931934357, 0.0653376504778862, 0.022368239238858223, 0.03125211223959923, 0.02100064605474472, 0.055232152342796326, -0.020608965307474136]}, "sparsity": {"nnz_weights": [88, 121, 121, 121, 121, 121, 121, 11], "total_weights": [88, 121, 121, 121, 121, 121, 121, 11], "nnz_biases": [10, 10, 9, 9, 6, 10, 11, 1], "total_biases": [11, 11, 11, 11, 11, 11, 11, 1]}, "layerwise_pca": {"explained_variance": [[0.06160502880811691, 0.05291910469532013, 0.010974112898111343, 0.006179912481456995, 0.002493274863809347, 0.0008224419434554875, 0.0006232945015653968, 0.00023791819694451988, 4.694618473877199e-05, 6.745443442923715e-06, 7.13230279319254e-20], [0.055018190294504166, 0.011813806369900703, 0.00881162192672491, 0.003634290536865592, 0.001761552062816918, 0.0006250470760278404, 0.0005126253818161786, 0.00028083258075639606, 0.00010010496771428734, 2.1433728256593886e-18, 0.0], [0.022886846214532852, 0.011692517437040806, 0.005237140227109194, 0.001934074447490275, 0.0008485674625262618, 0.00034337834222242236, 0.00018803997954819351, 0.00014111853670328856, 4.7914949391270056e-05, 3.812749653629966e-18, 2.6605246582873783e-20], [0.033714063465595245, 0.009756729938089848, 0.003264580387622118, 0.0005150720244273543, 0.0003110982070211321, 2.305678754055407e-05, 5.498368977896462e-07, 2.0657879577723755e-17, 1.977683124631215e-22, 1.1469759488444421e-24, 3.482778252859349e-35], [0.04556265100836754, 0.008706435561180115, 0.00025311013450846076, 0.00017341079364996403, 8.502126729581505e-05, 1.2167824387274336e-20, 1.709918994721216e-22, 0.0, 0.0, 0.0, 0.0], [0.1478709876537323, 0.012569393031299114, 0.000725621881429106, 0.0002654329873621464, 0.00014479379751719534, 2.33802438742714e-05, 8.492896085954271e-06, 2.8043921247444814e-06, 6.276260933191224e-07, 2.9658124654562656e-21, 0.0], [0.4690127670764923, 0.020763415843248367, 0.005465885158628225, 0.0019970836583524942, 0.00016972300363704562, 0.00012316511129029095, 0.00010649405157892033, 2.2859016098664142e-05, 6.667711204499938e-06, 1.6330549215126666e-06, 6.4021246978771965e-21], [0.03693881258368492]]}, "linear_probes": {"mse": [0.02044693521020922, 0.020154264805880152, 0.019008132079353632, 0.019201370440672907, 0.01780378312525916, 0.01633574354481841, 0.016288984594809354, 0.016083248594247933], "mae": [0.10455389686599387, 0.1031757510981445, 0.10088059396771405, 0.10150856566347144, 0.09597168933108559, 0.09057115709222091, 0.09022599297074507, 0.08932082797562317]}}