{"loss": 0.016689259558916092, "val_loss": 0.01746227592229843}