{"sparsity": {"nnz_weights": [24, 9, 9, 9, 9, 9, 9, 3], "total_weights": [24, 9, 9, 9, 9, 9, 9, 3], "nnz_biases": [2, 3, 2, 2, 2, 1, 1, 1], "total_biases": [3, 3, 3, 3, 3, 3, 3, 1]}, "basic_statistics": {"weight_avg": [-0.06927939504384995, 0.19761419296264648, -0.17736665904521942, -0.029189778491854668, -0.10505755990743637, 0.13698193430900574, -0.1521914005279541, -0.9037408232688904], "bias_avg": [-0.03511854633688927, 0.06326591223478317, 0.11764675378799438, 0.019239632412791252, 0.0172561164945364, -0.008784077130258083, -0.003909243270754814, 1.5287752151489258]}, "layerwise_pca": {"explained_variance": [[0.015088465996086597, 0.0055937860161066055, 0.0], [0.0328032448887825, 0.0004766594502143562, 6.200943971634842e-07], [0.030841467902064323, 0.0013295215321704745, 5.469559197740833e-24], [0.07942832261323929, 0.0032632367219775915, 0.0], [0.11081737279891968, 0.0003607346152421087, 0.0], [0.2663463056087494, 0.0, 0.0], [0.3360769748687744, 0.0, 0.0], [0.034456901252269745]]}, "linear_probes": {"mse": [0.020924311222828732, 0.0196532456343709, 0.017865710701548316, 0.01758953992395949, 0.017492889745929885, 0.017793976876095886, 0.0178155469208707, 0.01752113686733157], "mae": [0.10873028237516737, 0.10485454414804156, 0.0977230876935015, 0.09653591209831254, 0.09690148543608364, 0.098731564330608, 0.09882736784153857, 0.09750428965518726]}, "cca": [[0.9999999641035373, 0.43316637752925163, 0.3745676641065832, 0.3542717590971923, 0.37617999312307876, 0.3280387458365415, 0.6609174498652285], [0.43316637752925163, 0.9999999641035373, 0.6166897524532828, 0.5259347092976867, 0.4826339708373979, 0.33118222632334, 0.3311283220202779], [0.3745676641065832, 0.6166897524532828, 0.9999995511504949, 0.9440507494074003, 0.39060508060235577, 0.6653976728338241, 0.33217749037178734], [0.3542717590971923, 0.5259347092976867, 0.9440507494074003, 0.9999995511504949, 0.3356032738247639, 0.6663258037183558, 0.3330652061091269], [0.37617999312307876, 0.4826339708373979, 0.39060508060235577, 0.3356032738247639, 0.9999995511504949, 0.6668317573215367, 0.6668451336444576], [0.3280387458365415, 0.33118222632334, 0.6653976728338241, 0.6663258037183558, 0.6668317573215367, 0.9999991381975377, 0.6667162094618865], [0.6609174498652285, 0.3311283220202779, 0.33217749037178734, 0.3330652061091269, 0.6668451336444576, 0.6667162094618865, 0.9999999641035373]], "logs": {"loss": 0.01835494488477707, "val_loss": 0.017633477225899696}}