{"sparsity": {"nnz_weights": [88, 121, 121, 11], "total_weights": [88, 121, 121, 11], "nnz_biases": [11, 10, 10, 1], "total_biases": [11, 11, 11, 1]}, "basic_statistics": {"weight_avg": [0.10547821968793869, 0.03495022654533386, 0.007339571602642536, 0.2933090925216675], "bias_avg": [0.049852970987558365, 0.027417300269007683, 0.05441659688949585, 0.10248544067144394]}, "layerwise_pca": {"explained_variance": [[0.04958502575755119, 0.041058510541915894, 0.028707431629300117, 0.009984499774873257, 0.0027818975504487753, 0.002117373049259186, 0.0010956553742289543, 0.0005149624194018543, 0.00031885423231869936, 0.00011304341023787856, 5.110803249408491e-05], [0.12588587403297424, 0.0529710054397583, 0.015069771558046341, 0.005683584604412317, 0.0025064474903047085, 0.0010402797488495708, 0.0006029661162756383, 0.0002435245260130614, 2.810152519186786e-19, 1.6784595812891393e-19, 6.451469171810896e-20], [0.22558078169822693, 0.04708489030599594, 0.010188302956521511, 0.009008923545479774, 0.002996710827574134, 0.0023513920605182648, 0.0006923823384568095, 2.199198624815133e-17, 4.392587546598e-18, 0.0, 0.0], [0.0395580492913723]]}, "linear_probes": {"mse": [0.019576057473546984, 0.01889481798071662, 0.01622240409508, 0.015419817793274032], "mae": [0.10117769557793732, 0.10040684030540675, 0.08913787344820671, 0.08619974858303756]}, "cca": [[1.0000000539594576, 0.6268414369970298, 0.4619486141494814], [0.6268413231681197, 0.9999997664158452, 0.5293651918754769], [0.4619486141494814, 0.5293652964802401, 0.9999996226440544]], "logs": {"loss": 0.01557372510433197, "val_loss": 0.01564565673470497}}