{"sparsity": {"nnz_weights": [88, 121, 121, 11], "total_weights": [88, 121, 121, 11], "nnz_biases": [11, 10, 10, 1], "total_biases": [11, 11, 11, 1]}, "basic_statistics": {"weight_avg": [0.10610408335924149, 0.028965098783373833, 0.01656532846391201, 0.3030182123184204], "bias_avg": [0.04827892407774925, 0.024688588455319405, 0.04510657489299774, 0.10166770964860916]}, "layerwise_pca": {"explained_variance": [[0.06285592168569565, 0.04262856766581535, 0.027076588943600655, 0.010821607895195484, 0.002830327255651355, 0.002194227185100317, 0.0013819877058267593, 0.0006149039254523814, 0.00033561777672730386, 0.00013770790246780962, 6.207336991792545e-05], [0.13404396176338196, 0.05752676725387573, 0.016329774633049965, 0.007650942075997591, 0.0029454664327204227, 0.0012780354591086507, 0.0007762644090689719, 0.0002737051108852029, 5.336533388009319e-18, 1.3650851013555687e-18, 7.254308702369843e-20], [0.23572145402431488, 0.051938191056251526, 0.01251657959073782, 0.00902884267270565, 0.0036685296799987555, 0.0032523097470402718, 0.0009093944681808352, 2.435454007354565e-05, 5.288738065035393e-18, 0.0, 0.0], [0.04174874722957611]]}, "linear_probes": {"mse": [0.019577485231261824, 0.019020747445730603, 0.015958850046231404, 0.015221930148069399], "mae": [0.10142380695116211, 0.10059131101423435, 0.08814030250087297, 0.08579028769236396]}, "cca": [[1.0000000539594576, 0.6266326921478935, 0.46495094874879067], [0.6266326921478935, 0.9999997664158452, 0.5395103129067345], [0.46495104678293003, 0.5395104185090996, 0.9999997664158452]], "logs": {"loss": 0.015259266830980778, "val_loss": 0.015415767207741737}}