{"basic_statistics": {"weight_avg": [0.13694241642951965, -0.6266518831253052, -0.23997460305690765, 0.056682005524635315, -0.036411866545677185, -0.15264470875263214, -0.11407335847616196, -0.17571984231472015], "bias_avg": [0.0, 0.0, 0.0, 0.0, 0.0, 0.0, 0.0, -0.06309643387794495]}, "sparsity": {"nnz_weights": [24, 9, 9, 9, 9, 9, 9, 3], "total_weights": [24, 9, 9, 9, 9, 9, 9, 3], "nnz_biases": [0, 0, 0, 0, 0, 0, 0, 1], "total_biases": [3, 3, 3, 3, 3, 3, 3, 1]}, "layerwise_pca": {"explained_variance": [[0.03904085233807564, 0.001207711175084114, 0.0007573069306090474], [0.0, 0.0, 0.0], [0.0, 0.0, 0.0], [0.0, 0.0, 0.0], [0.0, 0.0, 0.0], [0.0, 0.0, 0.0], [0.0, 0.0, 0.0], [7.99408943311401e-15]]}, "linear_probes": {"mse": [0.04260519394489482, 0.05680441771024738, 0.05680441771024738, 0.05680441771024738, 0.05680441771024738, 0.05680441771024738, 0.05680441771024738, 0.05680441771024738], "mae": [0.15696067585525852, 0.1879245421341963, 0.1879245421341963, 0.1879245421341963, 0.1879245421341963, 0.1879245421341963, 0.1879245421341963, 0.1879245421341963]}}