{"loss": 0.06580294668674469, "val_loss": 0.0651027262210846}