{"sparsity": {"nnz_weights": [88, 121, 121, 121, 121, 121, 121, 11], "total_weights": [88, 121, 121, 121, 121, 121, 121, 11], "nnz_biases": [10, 11, 11, 10, 10, 11, 10, 1], "total_biases": [11, 11, 11, 11, 11, 11, 11, 1]}, "basic_statistics": {"weight_avg": [0.03098507970571518, 0.09796898066997528, 0.05232814699411392, 0.06143598258495331, -0.013158613815903664, -0.003825313877314329, 0.09703407436609268, 0.10710377246141434], "bias_avg": [0.035707179456949234, 0.029452519491314888, 0.03523220121860504, 0.050888266414403915, 0.011172505095601082, 0.018936026841402054, 0.034848716109991074, -0.03536594659090042]}, "layerwise_pca": {"explained_variance": [[0.02785136178135872, 0.02414117380976677, 0.01956641487777233, 0.004358361009508371, 0.0019301227293908596, 0.0006025056354701519, 0.0003403681912459433, 0.00015295695629902184, 0.0001043578376993537, 3.230911897844635e-05, 3.069187695224158e-18], [0.02954685501754284, 0.014123857021331787, 0.006939372047781944, 0.004087679088115692, 0.0017099367687478662, 0.000733198772650212, 0.0003159459156449884, 0.00020885662524960935, 0.0001318022550549358, 4.559997978503816e-05, 2.037215199379716e-05], [0.045107897371053696, 0.025275662541389465, 0.011765881441533566, 0.0033913671504706144, 0.0023023243993520737, 0.000572234217543155, 0.00022713311773259193, 8.26097748358734e-05, 3.9259528421098366e-05, 3.034974057522893e-18, 0.0], [0.08860348165035248, 0.036668743938207626, 0.014180111698806286, 0.0016554160974919796, 0.0005630457308143377, 0.0004339850274845958, 0.00015951319073792547, 3.674962499644607e-05, 6.849009423604002e-06, 1.4253213241398693e-18, 4.061803728691915e-41], [0.19416557252407074, 0.021591395139694214, 0.009762343019247055, 0.0013350741937756538, 0.0007118054782040417, 0.00011313834693282843, 1.6847745598624897e-07, 6.362333326848102e-09, 6.139429218548709e-18, 7.703263815945726e-24, 0.0], [0.22850094735622406, 0.027141306549310684, 0.01078853290528059, 0.00383175490424037, 0.0007085324614308774, 0.0004674042575061321, 0.0002912257332354784, 0.00024426926393061876, 2.367417255300097e-05, 3.464509304082132e-18, 2.972186085946443e-19], [0.5795108079910278, 0.04769120365381241, 0.017999693751335144, 0.0018361741676926613, 0.0005543298902921379, 0.0002640902530401945, 0.00012387795140966773, 1.9886110749212094e-05, 1.4251847460400313e-05, 2.1652543054890877e-22, 0.0], [0.03973958641290665]]}, "linear_probes": {"mse": [0.017870452399697624, 0.01639168261135713, 0.015691799743069407, 0.015474229642358643, 0.015255150795675921, 0.014251009249986922, 0.014320805845204997, 0.014305455691935547], "mae": [0.09612642931321104, 0.09249263139802877, 0.09010415606484658, 0.08944066093783351, 0.08900643424917319, 0.08329176502574609, 0.08378867338617019, 0.08407935791275102]}, "cca": [[0.9999996226440544, 0.7278797436061278, 0.5657523345499736, 0.5742991101873155, 0.3932626281589416, 0.4396966122218528, 0.45579392206863384], [0.7278797436061278, 1.0000000539594576, 0.6525507845190129, 0.6563388216696405, 0.4229784017823642, 0.47344255951431724, 0.47479365462692674], [0.5657523345499736, 0.6525507845190129, 0.9999997664158452, 0.7965116776920861, 0.6209645164497654, 0.45683183482738987, 0.5459776594312354], [0.5742992191412306, 0.6563388216696405, 0.7965116776920861, 0.9999997664158452, 0.5374301601250874, 0.4649715361448598, 0.47266997155384677], [0.3932626281589416, 0.4229784017823642, 0.6209646297438305, 0.5374301601250874, 0.9999991913287442, 0.5791897415659729, 0.538795938372175], [0.4396966122218528, 0.4734426584396271, 0.45683183482738987, 0.4649715361448598, 0.5791897415659729, 0.9999999101876462, 0.7122555351816945], [0.45579392206863384, 0.47479365462692674, 0.5459775531978153, 0.4726700703984079, 0.538795938372175, 0.7122555351816945, 0.9999997664158452]], "logs": {"loss": 0.015393435955047607, "val_loss": 0.014413646422326565}}