{"sparsity": {"nnz_weights": [56, 49, 49, 49, 49, 49, 49, 7], "total_weights": [56, 49, 49, 49, 49, 49, 49, 7], "nnz_biases": [6, 6, 7, 7, 4, 4, 3, 1], "total_biases": [7, 7, 7, 7, 7, 7, 7, 1]}, "basic_statistics": {"weight_avg": [-0.0789533481001854, -0.02344377711415291, 0.002076370408758521, 0.01864723488688469, -0.025050323456525803, -0.11229126155376434, -0.09909418970346451, 0.12017030268907547], "bias_avg": [0.00107531005050987, -0.0013179874513298273, -0.0037929730024188757, -0.002930849092081189, -0.00010971246229019016, -0.0017707739025354385, -0.0030370336025953293, -0.41734036803245544]}, "layerwise_pca": {"explained_variance": [[0.043816596269607544, 0.020733444020152092, 0.0070519354194402695, 0.0020960564725100994, 0.0003101003239862621, 2.8178412776469486e-06, 0.0], [0.015807176008820534, 0.005439132917672396, 0.0019371487433090806, 0.0006193601293489337, 0.00031993442098610103, 0.00021720259974244982, 1.633877815265805e-07], [0.004820900969207287, 0.0019991109147667885, 0.00014791946159675717, 2.3366486857412383e-05, 4.426914529176429e-06, 1.976848125195829e-06, 5.604721309282468e-07], [0.0025589645374566317, 0.00046711464528925717, 0.00010319718421669677, 5.236155993770808e-05, 1.06824036265607e-05, 2.7240434974373784e-06, 9.54804306729784e-08], [0.0002069932670565322, 6.078742808313109e-05, 2.9724922569585033e-05, 4.10998973165988e-06, 1.9469723611109657e-08, 2.1879281719705546e-10, 1.6647671572119724e-19], [3.0053386126382975e-06, 4.050051529702614e-07, 6.558083498475753e-08, 1.755195633279527e-08, 4.945786795565928e-21, 0.0, 0.0], [0.0, 0.0, 0.0, 0.0, 0.0, 0.0, 0.0], [8.883936719478462e-16]]}, "linear_probes": {"mse": [0.04699118031935348, 0.045391360912660106, 0.04967348640403884, 0.0470845141460676, 0.050838929109224294, 0.0549223639897414, 0.05536188121671925, 0.05536188121671925], "mae": [0.16881010880207847, 0.16725466891964053, 0.17487363254783295, 0.16899392731899948, 0.1772801872812264, 0.18467005628858257, 0.18553941809162303, 0.18553941809162303]}, "cca": [[0.9999999446695337, 0.5723512829172576, 0.4996595671015212, 0.49640861270303965, 0.3583081763342782, 0.33088692158409977, 0.14416895642500752], [0.5723512829172576, 0.9999999446695337, 0.535900989189843, 0.55560129269111, 0.4820386218935795, 0.13815495412281312, 0.0014363111582532198], [0.4996595671015212, 0.5359009232218394, 0.9999999446695337, 0.6279735388693634, 0.3525616525794431, 0.16235769857531426, 0.01337953623631297], [0.49640861270303965, 0.5556012255215218, 0.6279733960484789, 0.9999999446695337, 0.4921907113435558, 0.1873499660042788, 0.0024413159527381417], [0.3583081763342782, 0.4820386218935795, 0.3525616525794431, 0.4921907113435558, 0.9999999446695337, 0.30545123718595285, 0.1434714572225358], [0.3308869734200296, 0.13815495412281312, 0.16235769857531426, 0.1873499660042788, 0.30545123718595285, 1.000000124897042, 0.42872746466287026], [0.14416895642500752, 0.0014363111582532198, 0.01337953623631297, 0.0024413159527381417, 0.1434714572225358, 0.42872746466287026, 0.9999999446695337]], "logs": {"loss": 0.05691041797399521, "val_loss": 0.05541053041815758}}