{"basic_statistics": {"weight_avg": [0.014971164055168629, 0.01014413870871067, 0.03355469927191734, 0.10472162067890167], "bias_avg": [0.019726769998669624, 0.012414337135851383, 0.012699997052550316, -0.03365648165345192]}, "sparsity": {"nnz_weights": [88, 121, 121, 11], "total_weights": [88, 121, 121, 11], "nnz_biases": [11, 9, 8, 1], "total_biases": [11, 11, 11, 1]}, "layerwise_pca": {"explained_variance": [[0.07583407312631607, 0.0638904720544815, 0.011418195441365242, 0.001489995513111353, 0.0010400691535323858, 0.0001437214232282713, 0.0001197300516651012, 1.9913293726858683e-05, 1.6938457747528446e-06, 2.6147168341594806e-07, 2.5226496447317004e-09], [0.05388764292001724, 0.030090315267443657, 0.01055559515953064, 0.00025333446683362126, 8.238420559791848e-05, 4.508290294324979e-05, 1.6843432604218833e-05, 2.3618405009528942e-07, 2.0606253769983596e-07, 1.057033506045557e-20, 0.0], [0.04324454441666603, 0.010195670649409294, 0.002125052036717534, 0.0001254720555152744, 3.633402593550272e-05, 2.1816689695697278e-05, 1.3495497114490718e-05, 5.307445007929346e-06, 3.90783418136521e-20, 1.0629296114855373e-22, 0.0], [0.0009099914459511638]]}, "linear_probes": {"mse": [0.021598629387812256, 0.02153979380512428, 0.021456783258844037, 0.03735424177520968], "mae": [0.10929441792199776, 0.1093336359957831, 0.10950732662382519, 0.14748707639444306]}}