{"loss": 0.0540161058306694, "val_loss": 0.04846023768186569}