{"basic_statistics": {"weight_avg": [0.00011652211105683818, -0.14155501127243042, 0.20450972020626068, 0.021475426852703094, -0.44135013222694397, -0.04065781831741333, 0.46873605251312256, 0.003018100978806615], "bias_avg": [-0.013285842724144459, 0.026412228122353554, 0.004944879561662674, -0.006122471299022436, 0.011326485313475132, 0.011158623732626438, -0.014539542607963085, -0.059013985097408295]}, "sparsity": {"nnz_weights": [24, 9, 9, 9, 9, 9, 9, 3], "total_weights": [24, 9, 9, 9, 9, 9, 9, 3], "nnz_biases": [3, 2, 3, 2, 1, 1, 3, 1], "total_biases": [3, 3, 3, 3, 3, 3, 3, 1]}, "layerwise_pca": {"explained_variance": [[0.03791298717260361, 0.008556714281439781, 0.0008802122320048511], [0.032937537878751755, 0.00013536654296331108, 0.0], [0.08247306942939758, 1.880656441244355e-06, 0.0], [0.0644480437040329, 3.62388675512193e-07, 0.0], [0.009099642746150494, 0.0, 0.0], [0.007203506305813789, 0.0, 0.0], [0.010124187916517258, 8.387400157516822e-06, 1.1183392536681658e-12], [1.4506030311167706e-05]]}, "linear_probes": {"mse": [0.05331106736565294, 0.05348475117938849, 0.05348475534366836, 0.05366546351867172, 0.05615833200587518, 0.05615833186782403, 0.05600566227767926, 0.05622084232424017], "mae": [0.18184756503234983, 0.18203867422035389, 0.1820420157768734, 0.18261676063514848, 0.1891510973260687, 0.18915096797330458, 0.18886379892949046, 0.1892430489841697]}}