{"loss": 0.06382223963737488, "val_loss": 0.06102071329951286}