{"sparsity": {"nnz_weights": [24, 9, 9, 3], "total_weights": [24, 9, 9, 3], "nnz_biases": [1, 2, 2, 1], "total_biases": [3, 3, 3, 1]}, "basic_statistics": {"weight_avg": [-0.0997253879904747, 0.32963359355926514, 0.34248778223991394, 0.09144075959920883], "bias_avg": [-0.028153277933597565, -0.05189952626824379, -0.20729047060012817, 1.8567798137664795]}, "layerwise_pca": {"explained_variance": [[0.025055449455976486, 7.055197927875233e-20, 0.0], [0.13419263064861298, 1.2964997949893586e-05, 0.0], [0.4817862808704376, 0.007247672416269779, 0.0], [0.036063745617866516]]}, "linear_probes": {"mse": [0.020486081491528002, 0.020035149941481856, 0.0172172197794194, 0.017218475668090392], "mae": [0.10871078585834838, 0.10572239412860845, 0.09609588237459209, 0.09717751872727069]}, "cca": [[1.0000001017545703, 0.6668145593891998, 0.6664331145696423], [0.6668145593891998, 1.0000001017545703, 0.5438658716202601], [0.6664331145696423, 0.5438658716202601, 1.000000377056665]], "logs": {"loss": 0.01824023574590683, "val_loss": 0.017300697043538094}}