{"basic_statistics": {"weight_avg": [0.015113105066120625, 0.0489395447075367, 0.13607938587665558, -0.219879150390625, 0.3039460778236389, 0.08449045568704605, 0.2687482535839081, 0.09829971194267273, -0.11601773649454117, 0.13100463151931763, 0.1970861256122589, 0.7942593693733215], "bias_avg": [0.0, 0.0, 0.0, 0.0, 0.0, 0.0, 0.0, 0.0, 0.0, 0.0, 0.0, -0.4229515492916107]}, "sparsity": {"nnz_weights": [24, 9, 9, 9, 9, 9, 9, 9, 9, 9, 9, 3], "total_weights": [24, 9, 9, 9, 9, 9, 9, 9, 9, 9, 9, 3], "nnz_biases": [0, 0, 0, 0, 0, 0, 0, 0, 0, 0, 0, 1], "total_biases": [3, 3, 3, 3, 3, 3, 3, 3, 3, 3, 3, 1]}, "layerwise_pca": {"explained_variance": [[0.016376204788684845, 0.0062945131212472916, 0.0], [0.0009043870377354324, 9.560774924466386e-05, 0.0], [8.641540625831112e-05, 8.097284080577083e-06, 0.0], [5.929947292315774e-05, 1.4644898556070984e-06, 1.3020030364656733e-15], [4.941063161822967e-05, 5.1944033430118e-07, 4.494283761539617e-16], [2.3829676138120703e-05, 1.4792072081104557e-11, 0.0], [1.6649697499815375e-05, 1.1439401509383273e-11, 3.4381445846900355e-16], [0.0, 0.0, 0.0], [0.0, 0.0, 0.0], [0.0, 0.0, 0.0], [0.0, 0.0, 0.0], [3.5529288251691035e-15]]}, "linear_probes": {"mse": [0.04625228596167265, 0.04750205374245905, 0.047300892275736015, 0.04730089152196057, 0.04730096373359123, 0.047300896910763286, 0.047300892367517576, 0.05545574975348095, 0.05545574975348095, 0.05545574975348095, 0.05545574975348095, 0.05545574975348095], "mae": [0.1679358678296553, 0.1705943787238823, 0.17060990977911225, 0.17058981024214573, 0.17063009263005413, 0.17061777211209886, 0.17061234240450648, 0.18625579241055307, 0.18625579241055307, 0.18625579241055307, 0.18625579241055307, 0.18625579241055307]}}