{"loss": 0.056404486298561096, "val_loss": 0.05742628127336502}