{"sparsity": {"nnz_weights": [24, 9, 9, 3], "total_weights": [24, 9, 9, 3], "nnz_biases": [1, 2, 2, 1], "total_biases": [3, 3, 3, 1]}, "basic_statistics": {"weight_avg": [-0.1265975683927536, 0.12122718244791031, 0.09513138979673386, -0.0009682774543762207], "bias_avg": [0.021256223320961, 0.0021815896034240723, 0.00043449425720609725, -0.0509498231112957]}, "layerwise_pca": {"explained_variance": [[0.040416039526462555, 0.0, 0.0], [0.04210153594613075, 8.42899833047514e-14, 0.0], [0.02544560842216015, 2.4699409184592014e-09, 0.0], [0.00012733685434795916]]}, "linear_probes": {"mse": [0.053163658946389, 0.053163651626390536, 0.053135469118085164, 0.053185872122077156], "mae": [0.18168918795854205, 0.18169775823072876, 0.18158808418622865, 0.1817319951124031]}, "cca": [[0.9999999641035373, 0.6667205929042032, 0.6666674305890297], [0.6667205929042032, 0.9999999641035373, 0.666723627603479], [0.6666674305890297, 0.666723627603479, 1.0000001017545703]], "logs": {"loss": 0.0610746331512928, "val_loss": 0.057748325169086456}}