{"sparsity": {"nnz_weights": [24, 9, 9, 9, 9, 9, 9, 9, 9, 9, 9, 3], "total_weights": [24, 9, 9, 9, 9, 9, 9, 9, 9, 9, 9, 3], "nnz_biases": [0, 0, 0, 0, 0, 0, 0, 0, 0, 0, 0, 1], "total_biases": [3, 3, 3, 3, 3, 3, 3, 3, 3, 3, 3, 1]}, "basic_statistics": {"weight_avg": [-0.005060965660959482, -0.12706629931926727, -0.16266115009784698, -0.12314528971910477, 0.3148931860923767, -0.1373414248228073, -0.10762394964694977, 0.1701628565788269, 0.010219520889222622, -0.054767899215221405, 0.3338465392589569, 0.1578388661146164], "bias_avg": [0.0, 0.0, 0.0, 0.0, 0.0, 0.0, 0.0, 0.0, 0.0, 0.0, 0.0, -0.41746050119400024]}, "layerwise_pca": {"explained_variance": [[0.0311488825827837, 0.005648202728480101, 0.0], [0.020480263978242874, 0.003252791939303279, 0.0], [0.0013054474256932735, 1.515918211225653e-05, 1.4339370864036027e-06], [6.265188858378679e-05, 6.250260753404291e-08, 0.0], [3.1817933631828055e-05, 1.7688343234567583e-08, 0.0], [1.3987464342335443e-07, 9.141680301638644e-09, 9.559383027009389e-21], [5.894179366805474e-08, 1.2547952676911223e-09, 4.262566709649455e-21], [4.664747166316374e-08, 5.471483821573031e-10, 0.0], [4.859608893070799e-08, 5.308468074838313e-12, 5.6732303453400343e-33], [0.0, 0.0, 0.0], [0.0, 0.0, 0.0], [0.0]]}, "linear_probes": {"mse": [0.046762553609397045, 0.05033040960027876, 0.04991971723536764, 0.050634757744458365, 0.05063475748930924, 0.05063113370538204, 0.05063364621356619, 0.05063475763317658, 0.05063475796539074, 0.056213616848513503, 0.056213616848513503, 0.056213616848513503], "mae": [0.16951034644483468, 0.17613135904532046, 0.17476123159701792, 0.17642895718861032, 0.1764288514510101, 0.1764704233599084, 0.17635209866066168, 0.17642889081924265, 0.17642897046537165, 0.18798074252759348, 0.18798074252759348, 0.18798074252759348]}, "cca": [[0.9999995511504949, 0.4885927072609822, 0.41803009212799697, 0.2968676355006939, 0.29683137413884353, 0.29699387381090975, 0.29699698697812593, 0.6300680318091357, 0.29683137413884353, 0.33343379459620337, 0.33343379459620337], [0.4885927072609822, 0.9999999641035373, 0.43572466629826084, 0.6689525095226448, 0.3356858926554385, 0.3356268781673748, 0.3356260009641166, 0.33566364198919035, 0.3356852546332334, 0.33340422689320803, 0.33340422689320803], [0.41803009212799697, 0.43572466629826084, 0.9999999641035373, 0.5619295007895934, 0.5618559316462827, 0.5618659400685715, 0.5618603683585661, 0.5618537648861851, 0.5618560348254391, 0.0002085919859645726, 0.0002085919859645726], [0.2968676355006939, 0.6689525095226448, 0.5619295007895934, 0.9999999641035373, 0.6667294722289512, 0.6666682173308848, 0.6666678801557472, 0.6667075550155204, 0.6667286854509532, 0.3334372124528547, 0.3334372124528547], [0.29683137413884353, 0.3356858926554385, 0.5618559316462827, 0.6667294722289512, 0.9999991381975377, 0.6668236641492816, 0.6667929779839644, 0.6666667562392377, 0.999999000546571, 0.3333912715654653, 0.3333912715654653], [0.29699387381090975, 0.3356268781673748, 0.5618659400685715, 0.6666682173308848, 0.6668236641492816, 0.9999999641035373, 0.991800040230847, 0.6667049699320463, 0.6668236641492816, 0.00031644705805600654, 0.00031644705805600654], [0.29699698697812593, 0.3356260009641166, 0.5618603683585661, 0.6666678801557472, 0.6667929779839644, 0.991800040230847, 0.9999999641035373, 0.6667302590074135, 0.6667929779839644, 0.00031065428506949047, 0.00031065428506949047], [0.6300680318091357, 0.33566364198919035, 0.5618537648861851, 0.6667075550155204, 0.6666667562392377, 0.6667049699320463, 0.6667302590074135, 0.9999991381975377, 0.6666667562392377, 0.3334128109299854, 0.3334128109299854], [0.29683137413884353, 0.3356852546332334, 0.5618560348254391, 0.6667286854509532, 0.999999000546571, 0.6668236641492816, 0.6667929779839644, 0.6666667562392377, 0.999999000546571, 0.3333912715654653, 0.3333912715654653], [0.33343379459620337, 0.33340422689320803, 0.0002085919859645726, 0.3334372124528547, 0.3333912715654653, 0.00031644705805600654, 0.00031065428506949047, 0.3334128109299854, 0.3333912715654653, 0.9999999641035373, 0.9999999641035373], [0.33343379459620337, 0.33340422689320803, 0.0002085919859645726, 0.3334372124528547, 0.3333912715654653, 0.00031644705805600654, 0.00031065428506949047, 0.3334128109299854, 0.3333912715654653, 0.9999999641035373, 0.9999999641035373]], "logs": {"loss": 0.056693822145462036, "val_loss": 0.05627405270934105}}