{"basic_statistics": {"weight_avg": [0.12438693642616272, -0.1746475100517273, 0.39468494057655334, 0.07234600186347961, -0.46768543124198914, 0.010032415390014648, 0.4758697748184204, -0.14196763932704926], "bias_avg": [0.14377032220363617, 0.10633266717195511, -0.0420016348361969, -0.04626329615712166, -0.01473983097821474, -0.014691132120788097, -0.08725481480360031, 0.6588900089263916]}, "sparsity": {"nnz_weights": [24, 9, 9, 9, 9, 9, 9, 3], "total_weights": [24, 9, 9, 9, 9, 9, 9, 3], "nnz_biases": [3, 2, 3, 3, 1, 1, 3, 1], "total_biases": [3, 3, 3, 3, 3, 3, 3, 1]}, "layerwise_pca": {"explained_variance": [[0.05514540895819664, 0.016890589147806168, 0.00457810191437602], [0.01792766898870468, 0.0011858511716127396, 0.0], [0.10883825272321701, 5.031569526181556e-05, 0.0], [0.17795538902282715, 0.0018370094476267695, 2.0683857655967586e-05], [0.21829856932163239, 0.0, 0.0], [0.38807088136672974, 0.0, 0.0], [0.6644411087036133, 0.0006434219540096819, 0.0001952780585270375], [0.025971833616495132]]}, "linear_probes": {"mse": [0.02018654102417531, 0.020580217204388757, 0.020263277855912976, 0.018164890485594117, 0.021538873731479294, 0.021881280414945067, 0.018825259562107247, 0.0203696767549827], "mae": [0.10432039368701093, 0.10730353684674211, 0.10516000031878225, 0.09865081582125065, 0.10959911238588682, 0.1104722589265766, 0.10012746744497543, 0.10512869177800678]}}