{"loss": 0.021457714959979057, "val_loss": 0.021691758185625076}