{"basic_statistics": {"weight_avg": [0.03146597743034363, 0.050574891269207, 0.01943340338766575, 0.010360782034695148, 0.006317912135273218, 0.03519214689731598, 0.07963188737630844, 0.08228955417871475, 0.023038428276777267, -0.01998172327876091, 0.021852659061551094, 0.06774693727493286], "bias_avg": [0.05575473606586456, 0.00547603378072381, 0.0005048347520641983, 0.03157345950603485, 0.017274335026741028, 0.02050369791686535, 0.03138308227062225, 0.02256976254284382, 0.015153774991631508, 0.025681281462311745, 0.013576636090874672, -0.047902271151542664]}, "sparsity": {"nnz_weights": [88, 121, 121, 121, 121, 120, 121, 121, 121, 121, 121, 11], "total_weights": [88, 121, 121, 121, 121, 121, 121, 121, 121, 121, 121, 11], "nnz_biases": [10, 11, 11, 9, 9, 9, 10, 11, 10, 9, 11, 1], "total_biases": [11, 11, 11, 11, 11, 11, 11, 11, 11, 11, 11, 1]}, "layerwise_pca": {"explained_variance": [[0.05633272975683212, 0.02765546552836895, 0.008022491820156574, 0.006559583358466625, 0.0017814959865063429, 0.0008946778834797442, 0.0007847595843486488, 0.0005620591109618545, 0.00022697358508594334, 4.587441435432993e-05, 2.4629375117069997e-19], [0.044391851872205734, 0.02478673681616783, 0.007605877239257097, 0.0041175587102770805, 0.0015273385215550661, 0.0003362659481354058, 0.0002241686888737604, 0.00011408793943701312, 2.7600421162787825e-05, 3.69816709591426e-19, 9.330042203956366e-23], [0.0340135358273983, 0.016003143042325974, 0.008155901916325092, 0.0023795580491423607, 0.0005376298795454204, 0.0003573941357899457, 0.00017447103164158762, 4.683141378336586e-05, 9.777444347491837e-07, 7.958521808283474e-19, 0.0], [0.05349082872271538, 0.011940537951886654, 0.008555022068321705, 0.0013504850212484598, 0.00029628531774505973, 0.00012081659224350005, 3.6390578316058964e-05, 4.813917712453986e-06, 0.0, 0.0, 0.0], [0.02758694812655449, 0.01405646838247776, 0.0035194181837141514, 0.0007542686071246862, 0.0003280476084910333, 6.264682451728731e-05, 5.45747134310659e-05, 2.533634984300682e-18, 1.1108064791248324e-23, 4.183723810839636e-24, 0.0], [0.035789407789707184, 0.009925281628966331, 0.0013577238423749804, 0.0003863292222376913, 9.673055319581181e-05, 4.7197685489663854e-05, 2.4948349164333194e-06, 2.7032788505102528e-17, 1.7219889270489767e-18, 1.125091778115532e-19, 0.0], [0.06022127345204353, 0.007341574877500534, 0.0009021388832479715, 0.0002919775142800063, 5.48312600585632e-05, 3.232872404623777e-05, 1.0346143426431809e-05, 1.2213741911182296e-06, 3.9889802763392353e-19, 0.0, 0.0], [0.09006211161613464, 0.006777792237699032, 0.0006309012533165514, 0.0002166675985790789, 6.557904271176085e-05, 1.9492066712700762e-05, 1.7387526895618066e-05, 2.310193167431862e-06, 2.8112830818827206e-07, 1.9284971196005116e-20, 0.0], [0.28348153829574585, 0.007428845390677452, 0.001985106384381652, 0.00018673003069125116, 3.14234675897751e-05, 1.3109630344843026e-05, 4.5525189307227265e-06, 1.6086625009847921e-06, 3.810569454335695e-21, 1.0004398371062738e-22, 0.0], [0.4725375771522522, 0.011994701810181141, 0.0025926188100129366, 0.000149225234054029, 7.436286978190765e-05, 1.5773424820508808e-05, 9.507448908152583e-07, 2.1592790564743858e-20, 2.834266273943375e-40, 0.0, 0.0], [0.6783685684204102, 0.09948566555976868, 0.010515054687857628, 0.0018345346907153726, 0.000762659648898989, 0.00028524038498289883, 2.5731696950970218e-05, 6.135374405857874e-06, 3.318147946629324e-06, 2.1255652882246068e-06, 1.198134071955792e-07], [0.04215352237224579]]}, "linear_probes": {"mse": [0.01930794750973627, 0.01687214767547066, 0.016353105310424748, 0.015573281820365431, 0.015156678223435336, 0.015307537031428835, 0.015135636506253387, 0.014610918196043304, 0.014749422107477872, 0.014204719982472032, 0.014176179526448451, 0.014211249657245108], "mae": [0.10143137750867856, 0.09230785293951892, 0.09116798682891583, 0.08799995635306809, 0.08756782630239955, 0.08851793946277023, 0.08754444380208928, 0.08506651973392755, 0.08505405699817274, 0.08301774443847823, 0.08286087672470778, 0.08347979172694386]}}