{"loss": 0.015378490090370178, "val_loss": 0.014539944007992744}