{"sparsity": {"nnz_weights": [88, 121, 121, 11], "total_weights": [88, 121, 121, 11], "nnz_biases": [11, 10, 9, 1], "total_biases": [11, 11, 11, 1]}, "basic_statistics": {"weight_avg": [0.10786275565624237, 0.046163078397512436, -0.014748713001608849, 0.13937903940677643], "bias_avg": [0.05279875919222832, 0.02222742885351181, 0.05243085324764252, 0.09000290930271149]}, "layerwise_pca": {"explained_variance": [[0.04502334073185921, 0.03692442551255226, 0.02851424552500248, 0.008441269397735596, 0.0020672944374382496, 0.0012339652748778462, 0.000812447746284306, 0.00048516146489419043, 0.0002590834046714008, 5.678656089003198e-05, 2.1355865101213567e-05], [0.10346611589193344, 0.04167911410331726, 0.014227863401174545, 0.0027190863620489836, 0.001393114565871656, 0.0005635122652165592, 0.00042137864511460066, 2.4516236862837104e-06, 6.743182970977182e-18, 5.203027768387059e-20, 7.929146657754381e-22], [0.198564812541008, 0.03521597385406494, 0.011391314677894115, 0.003651389619335532, 0.0009929999941959977, 0.0003118314198218286, 1.619773164100518e-17, 2.1643467655724948e-19, 6.120191592924566e-34, 0.0, 0.0], [0.03577612340450287]]}, "linear_probes": {"mse": [0.01951651192091722, 0.01851455968803338, 0.017247207003750306, 0.016728468653448327], "mae": [0.10074869541866516, 0.09855831657341253, 0.09288040724020116, 0.09127308469568945]}, "cca": [[0.9999999101876462, 0.5704995465129834, 0.40596793437800277], [0.5704995465129834, 1.0000001977312793, 0.4960582510370479], [0.40596793437800277, 0.4960582510370479, 0.9999996226440544]], "logs": {"loss": 0.01723438873887062, "val_loss": 0.01713036373257637}}