{"basic_statistics": {"weight_avg": [0.14749188721179962, 0.43867936730384827, 0.36312681436538696, 0.9828662872314453], "bias_avg": [-0.05264661833643913, 0.011551913805305958, -0.10400416702032089, 1.1818698644638062]}, "sparsity": {"nnz_weights": [24, 9, 9, 3], "total_weights": [24, 9, 9, 3], "nnz_biases": [3, 3, 3, 1], "total_biases": [3, 3, 3, 1]}, "layerwise_pca": {"explained_variance": [[0.02792324125766754, 0.004372979514300823, 0.0018497894052416086], [0.05077285319566727, 0.010391962714493275, 0.0003356527886353433], [0.22541356086730957, 0.016523033380508423, 0.00413886271417141], [0.039143238216638565]]}, "linear_probes": {"mse": [0.02037562731017181, 0.018923258291126028, 0.01677147812835844, 0.016544299627663663], "mae": [0.10381462537631204, 0.09978825045581208, 0.09258135857361377, 0.09277488923352106]}}