{"loss": 0.01679973304271698, "val_loss": 0.01707535795867443}