{"sparsity": {"nnz_weights": [88, 121, 121, 121, 121, 121, 121, 121, 121, 121, 121, 11], "total_weights": [88, 121, 121, 121, 121, 121, 121, 121, 121, 121, 121, 11], "nnz_biases": [10, 9, 8, 10, 11, 10, 11, 9, 11, 9, 10, 1], "total_biases": [11, 11, 11, 11, 11, 11, 11, 11, 11, 11, 11, 1]}, "basic_statistics": {"weight_avg": [0.005194482393562794, 0.0351182222366333, -0.003657330060377717, 0.009265154600143433, 0.036890290677547455, 0.045225657522678375, -0.0032150365877896547, -0.025851255282759666, -0.021932268515229225, -0.014377373270690441, 0.04034637287259102, -0.05694819614291191], "bias_avg": [0.01359350886195898, -0.0004317449638620019, 0.0075682383030653, -0.003024752950295806, 0.006736342329531908, 0.0027072953525930643, 0.016008896753191948, 0.00732598640024662, 0.011179635301232338, 0.004576179198920727, 0.013873031362891197, -0.046967700123786926]}, "layerwise_pca": {"explained_variance": [[0.0551440492272377, 0.017453748732805252, 0.01258688885718584, 0.004017273895442486, 0.002745082601904869, 0.0008662178879603744, 0.0006304277339950204, 0.00026174684171564877, 3.397864929866046e-05, 1.9721112494153203e-06, 1.2413068491484146e-17], [0.04978402704000473, 0.00960402749478817, 0.004328996874392033, 0.0037235605996102095, 0.0007097400957718492, 0.0004272207443136722, 0.00022861719480715692, 2.9673603876290144e-06, 3.029055761771815e-08, 3.006530366485703e-19, 0.0], [0.0228768028318882, 0.005397185683250427, 0.0014964741421863437, 0.0007533050957135856, 0.00024046713951975107, 0.0001361325557809323, 4.831913975067437e-05, 2.2279704353422858e-05, 1.1327467853850847e-20, 0.0, 0.0], [0.01185296569019556, 0.0014369061682373285, 0.0009385784505866468, 5.6006705563049763e-05, 9.973743544833269e-06, 3.687197249746532e-06, 3.774460708427796e-07, 2.0819302374998618e-19, 5.400946562694283e-21, 4.274551538905454e-21, 3.169926791559543e-23], [0.008206644095480442, 0.0007204335415735841, 0.00023449963191524148, 4.548025026451796e-05, 7.763126632198691e-06, 2.696304818528006e-06, 1.9390156467125053e-06, 1.2215969036333263e-07, 1.4677698167986364e-08, 0.0, 0.0], [0.00544691551476717, 0.00033092082594521344, 0.00017346584354527295, 1.6300638890243135e-05, 7.495187219319632e-06, 3.0594858344556997e-06, 4.3946806727035437e-07, 2.806416148359858e-07, 4.462537450677928e-09, 1.5312186494058622e-22, 1.2601511802324682e-23], [0.005897176451981068, 0.00023050385061651468, 7.956951594678685e-05, 6.908897921675816e-05, 1.8064487449009903e-05, 3.988384378317278e-06, 6.875930580463319e-07, 3.790216851484729e-07, 2.370306644006658e-21, 4.402607784033862e-23, 0.0], [0.003496566554531455, 0.00022789690410718322, 8.114926458802074e-05, 2.874960409826599e-05, 4.365015229268465e-06, 2.9566680836978776e-07, 1.6864960628026893e-07, 1.0112895295984509e-20, 4.71434555205831e-26, 0.0, 0.0], [0.003542631631717086, 6.787982420064509e-05, 2.8687551093753427e-05, 1.9955530660809018e-05, 4.294437076168833e-06, 4.044810282266553e-07, 1.373432780837902e-07, 2.6999094515645083e-08, 1.4215546142411477e-21, 0.0, 0.0], [0.0015566613292321563, 2.1462914446601644e-05, 8.034750862861983e-06, 1.7395805116393603e-06, 4.6737562797716237e-07, 2.9546428008835113e-22, 8.918242631656227e-26, 1.0082468567678848e-39, 0.0, 0.0, 0.0], [0.0020140146370977163, 2.160058829758782e-05, 3.5529690194380237e-06, 1.5354158904301585e-06, 5.52841413536953e-07, 1.51397813397125e-07, 2.5623636545901718e-09, 1.1037468682084661e-11, 1.2302918083709376e-14, 2.902612110417128e-21, 2.2929614828223793e-24], [0.00012510368833318353]]}, "linear_probes": {"mse": [0.025026844039365864, 0.027340903310306162, 0.03677709636800149, 0.040856898839993244, 0.04001879997512674, 0.039913354453607955, 0.03968747595055297, 0.03778126006429663, 0.03850970214657101, 0.039052958805903405, 0.03874734295709192, 0.04748800354263357], "mae": [0.11854115083237815, 0.1244415070219181, 0.14642583400915107, 0.15402298185527705, 0.15231834772159605, 0.15224275466382522, 0.15255585549495146, 0.14848512865860367, 0.15046642920320794, 0.15128825831572865, 0.15108368458893862, 0.17247960925675127]}, "cca": [[0.9999999101876462, 0.5934002540889196, 0.47946228376556826, 0.46892882278557513, 0.4694482055615946, 0.46770015253849806, 0.49857766415882243, 0.31742057731323503, 0.3512872597480106, 0.27861565930539905, 0.44675420043778435], [0.5934002540889196, 0.9999997664158452, 0.5730999363732653, 0.47422102569941094, 0.47505889230255993, 0.450183911191578, 0.38640839130411303, 0.2996105179521361, 0.34264780058824, 0.3606949189605873, 0.3396811003976888], [0.47946228376556826, 0.5730999363732653, 0.9999997664158452, 0.3810697884193246, 0.5484791282516323, 0.4218277700731092, 0.3800706578347837, 0.29403757939514397, 0.41245925659975763, 0.42747279330677657, 0.3158108216564531], [0.46892892123818536, 0.4742211247060171, 0.3810697884193246, 0.999999478872274, 0.5623059820953297, 0.4460542188358442, 0.45416935675836034, 0.3611295444189773, 0.29252409488812375, 0.41263351031176915, 0.373350970212419], [0.4694482055615946, 0.4750589913965913, 0.5484791282516323, 0.5623059820953297, 0.9999999101876462, 0.579344467313707, 0.5940628406097413, 0.42926979645637237, 0.4745152199245953, 0.40012437416509206, 0.37127581489025113], [0.4677000542149637, 0.450183911191578, 0.4218277700731092, 0.4460541228145509, 0.579344467313707, 0.9999996226440544, 0.6528601013335653, 0.42826416947968937, 0.4818675876304868, 0.40769156933774037, 0.4767029940115787], [0.49857766415882243, 0.38640839130411303, 0.3800706578347837, 0.45416935675836034, 0.5940627297969431, 0.6528601013335653, 0.9999997664158452, 0.5955410044526533, 0.4707528523800358, 0.3824036470705375, 0.6447417069446767], [0.3174205368126518, 0.2996105179521361, 0.29403757939514397, 0.3611295012198225, 0.42926979645637237, 0.42826416947968937, 0.595540893502077, 0.999999478872274, 0.5968451650915912, 0.4354888411002817, 0.5663572158032987], [0.3512872171416009, 0.34264780058824, 0.41245925659975763, 0.29252409488812375, 0.4745152199245953, 0.48186748782886857, 0.47075295102393966, 0.5968452761635955, 0.9999996226440544, 0.7066304808754105, 0.560118917689186], [0.27861565930539905, 0.3606949621337414, 0.42747279330677657, 0.41263360266583504, 0.40012437416509206, 0.4076916611370972, 0.3824036470705375, 0.4354888411002817, 0.7066304808754105, 0.9999996226440544, 0.45489419533642333], [0.44675420043778435, 0.339681058501026, 0.3158108216564531, 0.373350970212419, 0.37127590249388154, 0.4767029940115787, 0.6447417069446767, 0.5663572158032987, 0.5601190252895869, 0.45489419533642333, 1.0000000539594576]], "logs": {"loss": 0.05979456007480621, "val_loss": 0.05618000030517578}}