{"basic_statistics": {"weight_avg": [0.015113105066120625, 0.0489395447075367, 0.13607938587665558, -0.219879150390625, 0.3039460778236389, 0.08449045568704605, 0.2687482535839081, 0.09829971194267273, -0.11601773649454117, 0.13100463151931763, 0.1970861256122589, 0.7942593693733215], "bias_avg": [0.0, 0.0, 0.0, 0.0, 0.0, 0.0, 0.0, 0.0, 0.0, 0.0, 0.0, -0.06279387325048447]}, "sparsity": {"nnz_weights": [24, 9, 9, 9, 9, 9, 9, 9, 9, 9, 9, 3], "total_weights": [24, 9, 9, 9, 9, 9, 9, 9, 9, 9, 9, 3], "nnz_biases": [0, 0, 0, 0, 0, 0, 0, 0, 0, 0, 0, 1], "total_biases": [3, 3, 3, 3, 3, 3, 3, 3, 3, 3, 3, 1]}, "layerwise_pca": {"explained_variance": [[0.016270877793431282, 0.006285780109465122, 0.0], [0.0009054146939888597, 9.550395043333992e-05, 0.0], [8.641082240501419e-05, 8.13627502793679e-06, 0.0], [5.9309055359335616e-05, 1.471341079195554e-06, 7.514660314638603e-16], [4.9422123993281275e-05, 5.218334990786389e-07, 4.766328509582833e-16], [2.3841112124500796e-05, 1.4856563895770947e-11, 0.0], [1.6657662854413502e-05, 1.1489297360722794e-11, 2.8172249651229025e-17], [0.0, 0.0, 0.0], [0.0, 0.0, 0.0], [0.0, 0.0, 0.0], [0.0, 0.0, 0.0], [7.99408943311401e-15]]}, "linear_probes": {"mse": [0.047749469300298025, 0.048790154214778676, 0.048508596444452504, 0.04850906222736515, 0.04850859840407612, 0.048508594517289984, 0.04850863882646552, 0.05755815398893304, 0.05755815398893304, 0.05755815398893304, 0.05755815398893304, 0.05755815398893224], "mae": [0.17121381751688555, 0.17312346113190683, 0.1729804520838839, 0.17302693376501105, 0.1730014305905384, 0.17298391106285313, 0.1729459705200972, 0.18909506362057826, 0.18909506362057826, 0.18909506362057826, 0.18909506362057826, 0.1890950745943016]}}