{"loss": 0.06573294848203659, "val_loss": 0.06546581536531448}