{"sparsity": {"nnz_weights": [24, 9, 9, 3], "total_weights": [24, 9, 9, 3], "nnz_biases": [1, 2, 2, 1], "total_biases": [3, 3, 3, 1]}, "basic_statistics": {"weight_avg": [-0.11067545413970947, 0.30176082253456116, 0.2790778875350952, -0.183723583817482], "bias_avg": [-0.033232271671295166, -0.061690691858530045, -0.13069961965084076, 1.4505003690719604]}, "layerwise_pca": {"explained_variance": [[0.026728715747594833, 7.387577838809793e-20, 0.0], [0.12163804471492767, 1.9597766367951408e-05, 0.0], [0.3693368136882782, 0.0027073496021330357, 0.0], [0.034748222678899765]]}, "linear_probes": {"mse": [0.020514146310233943, 0.019969080345322365, 0.017552536533586793, 0.018172818647839713], "mae": [0.10868490565971796, 0.10511247638225615, 0.09754834100311664, 0.10044482614959466]}, "cca": [[1.0000001017545703, 0.6667817378070566, 0.6661305313767419], [0.6667817378070566, 0.9999999641035373, 0.5425812624946929], [0.6661305313767419, 0.5425812624946929, 1.0000001017545703]], "logs": {"loss": 0.019152119755744934, "val_loss": 0.01827302947640419}}