{"basic_statistics": {"weight_avg": [0.13694241642951965, -0.6266518831253052, -0.23997460305690765, 0.056682005524635315, -0.036411866545677185, -0.15264470875263214, -0.11407335847616196, -0.17571984231472015], "bias_avg": [0.0, 0.0, 0.0, 0.0, 0.0, 0.0, 0.0, -0.42245978116989136]}, "sparsity": {"nnz_weights": [24, 9, 9, 9, 9, 9, 9, 3], "total_weights": [24, 9, 9, 9, 9, 9, 9, 3], "nnz_biases": [0, 0, 0, 0, 0, 0, 0, 1], "total_biases": [3, 3, 3, 3, 3, 3, 3, 1]}, "layerwise_pca": {"explained_variance": [[0.03928801789879799, 0.0011884168488904834, 0.0007675262168049812], [0.0, 0.0, 0.0], [0.0, 0.0, 0.0], [0.0, 0.0, 0.0], [0.0, 0.0, 0.0], [0.0, 0.0, 0.0], [0.0, 0.0, 0.0], [8.882322062922759e-16]]}, "linear_probes": {"mse": [0.041696861894981146, 0.05879723202853758, 0.05879723202853758, 0.05879723202853758, 0.05879723202853758, 0.05879723202853758, 0.05879723202853758, 0.05879723202853758], "mae": [0.1560982709396204, 0.19109408598041794, 0.19109408598041794, 0.19109408598041794, 0.19109408598041794, 0.19109408598041794, 0.19109408598041794, 0.19109408598041794]}}