{"loss": 0.05649891868233681, "val_loss": 0.057043127715587616}