{"basic_statistics": {"weight_avg": [0.07787512242794037, 0.14859402179718018, 0.07595408707857132, -0.053610723465681076, -0.01914048194885254, 0.03555844724178314, 0.08992976695299149, -0.010219352319836617], "bias_avg": [0.008373874239623547, 0.026588767766952515, 0.025184860453009605, 0.0030924114398658276, -0.01975393109023571, 0.06402595341205597, 0.031972870230674744, 0.18491090834140778]}, "sparsity": {"nnz_weights": [56, 49, 49, 49, 49, 49, 49, 7], "total_weights": [56, 49, 49, 49, 49, 49, 49, 7], "nnz_biases": [7, 7, 7, 4, 6, 6, 6, 1], "total_biases": [7, 7, 7, 7, 7, 7, 7, 1]}, "layerwise_pca": {"explained_variance": [[0.06089656427502632, 0.04703809320926666, 0.0081283338367939, 0.0034710196778178215, 0.0016468646936118603, 0.00048794751637615263, 0.00011039390665246174], [0.04808805137872696, 0.02244865521788597, 0.011856799945235252, 0.0034969698172062635, 0.0011781704379245639, 0.00029111019102856517, 0.00012221607903484255], [0.05676945671439171, 0.023995406925678253, 0.00731838820502162, 0.0013945657992735505, 0.0005499499966390431, 0.00025125552201643586, 1.042397229866765e-06], [0.11438783258199692, 0.037660229951143265, 0.0037209466099739075, 0.00034144677920266986, 1.840366517036772e-17, 7.63781376213353e-23, 0.0], [0.13375146687030792, 0.019972367212176323, 0.0019409589003771544, 0.00045211074757389724, 0.00026834331220015883, 1.7953897213374148e-06, 0.0], [0.27501922845840454, 0.013165172189474106, 0.0036764806136488914, 0.0014020061353221536, 0.00028372049564495683, 8.972350042313337e-05, 1.6169234183228175e-19], [0.5950738787651062, 0.02284238114953041, 0.0003933585830964148, 0.00023009990400169045, 3.3857265879788656e-09, 1.2980098785136504e-19, 0.0], [0.03692445158958435]]}, "linear_probes": {"mse": [0.018537536764640455, 0.018640678046075988, 0.018222649379465324, 0.01839862421306452, 0.016021404167462037, 0.015592204795306508, 0.015565097206415244, 0.01517686887662258], "mae": [0.10043570942297089, 0.10067604445516387, 0.09959044058714724, 0.10023028496535365, 0.09068000179736295, 0.0884470121514669, 0.08817619627313453, 0.08627805246297315]}}