{"loss": 0.016361713409423828, "val_loss": 0.017435945570468903}