{"basic_statistics": {"weight_avg": [0.043144591152668, -0.005483679473400116, 0.09540020674467087, -0.09852983057498932], "bias_avg": [0.03032049722969532, 0.059826936572790146, 0.12344849854707718, 0.35181719064712524]}, "sparsity": {"nnz_weights": [56, 49, 49, 7], "total_weights": [56, 49, 49, 7], "nnz_biases": [6, 7, 7, 1], "total_biases": [7, 7, 7, 1]}, "layerwise_pca": {"explained_variance": [[0.07143627107143402, 0.020852291956543922, 0.006234809290617704, 0.005010895896703005, 0.002040791790932417, 0.0005571506335400045, 9.914067895473183e-20], [0.08660265803337097, 0.044919583946466446, 0.0037475833669304848, 0.001493329182267189, 0.0006578959291800857, 0.00014201078738551587, 0.0], [0.18523530662059784, 0.03112727962434292, 0.004201369825750589, 0.0018286248669028282, 0.000400603748857975, 0.00019525659445207566, 1.0612642602289529e-19], [0.04124978184700012]]}, "linear_probes": {"mse": [0.018770342329778006, 0.01648959211310317, 0.01580961668777148, 0.015548594287768362], "mae": [0.1002158670706634, 0.09223274310822156, 0.08908361658399479, 0.08891267724423793]}}