{"loss": 0.015492727048695087, "val_loss": 0.016276884824037552}