{"sparsity": {"nnz_weights": [88, 121, 121, 11], "total_weights": [88, 121, 121, 11], "nnz_biases": [10, 10, 9, 1], "total_biases": [11, 11, 11, 1]}, "basic_statistics": {"weight_avg": [0.022049548104405403, 0.058617003262043, -0.033784642815589905, 0.4090596139431], "bias_avg": [0.12445018440485, 0.06443408131599426, 0.0170007161796093, -0.10751365125179291]}, "layerwise_pca": {"explained_variance": [[0.1494389921426773, 0.07350555807352066, 0.021333718672394753, 0.0095755560323596, 0.000957223994191736, 0.000663161335978657, 0.000417226052377373, 0.0002916231460403651, 0.00020085688447579741, 3.7075995351187885e-05, 0.0], [0.3060072362422943, 0.11792463064193726, 0.06296227872371674, 0.004402257967740297, 0.001457166625186801, 0.000892322976142168, 0.00035254048998467624, 0.000166176789207384, 6.269665027502924e-05, 2.0019302762277718e-17, 0.0], [0.32771575450897217, 0.3224717080593109, 0.05356760323047638, 0.004356046207249165, 0.0030882353894412518, 0.0018966648494824767, 0.0007265630993060768, 1.3567932567796993e-16, 0.0, 0.0, 0.0], [0.03894341364502907]]}, "linear_probes": {"mse": [0.019299598887278935, 0.01874625982736179, 0.017545789968119854, 0.01599343836782273], "mae": [0.10066634489140752, 0.09983360772265372, 0.0934373871861189, 0.08897135456436293]}, "cca": [[0.9999997664158452, 0.7972651799830405, 0.4843891722176078], [0.7972651799830405, 1.0000003415031116, 0.4891380093415798], [0.48438927228002365, 0.4891380093415798, 1.0000000539594576]], "logs": {"loss": 0.015390473417937756, "val_loss": 0.016000056639313698}}