{"sparsity": {"nnz_weights": [88, 121, 121, 121, 121, 121, 121, 11], "total_weights": [88, 121, 121, 121, 121, 121, 121, 11], "nnz_biases": [11, 10, 10, 9, 9, 10, 9, 1], "total_biases": [11, 11, 11, 11, 11, 11, 11, 1]}, "basic_statistics": {"weight_avg": [0.015449547208845615, 0.0012020249851047993, 0.0021487183403223753, 0.023752102628350258, 0.006280879490077496, 0.0017334399744868279, 0.05015513300895691, -0.09292276203632355], "bias_avg": [0.01286095380783081, 0.010563555173575878, 0.008785679936408997, 0.012580012902617455, 0.003167468123137951, 0.020228061825037003, 0.003309680614620447, -0.029424507170915604]}, "layerwise_pca": {"explained_variance": [[0.08928605169057846, 0.04905194789171219, 0.014426261186599731, 0.009047445841133595, 0.001941929804161191, 0.0012806615559384227, 0.0008521395502611995, 0.0004339182050898671, 0.00039393967017531395, 9.802228305488825e-05, 5.302344652591273e-05], [0.029061399400234222, 0.013921983540058136, 0.009232464246451855, 0.0023696566931903362, 0.0007166278664954007, 0.00026551063638180494, 0.00013076109462417662, 8.070475450949743e-05, 1.9345136479387293e-06, 2.568973513916717e-07, 1.0223508084693602e-21], [0.01316834706813097, 0.008892852813005447, 0.005394314415752888, 0.0007378631853498518, 0.0001546354906167835, 0.00010405049397377297, 4.298321437090635e-05, 1.1694659463046264e-07, 6.157950538376866e-11, 3.821151740701973e-18, 0.0], [0.01256696879863739, 0.007317470386624336, 0.0022201023530215025, 0.0004987677675671875, 0.0001135213315137662, 4.6616391045972705e-05, 4.157483272138052e-05, 1.283648543903837e-05, 1.1072774096484368e-18, 1.160884394907439e-23, 0.0], [0.013148076832294464, 0.004134413320571184, 0.0004774895205628127, 0.00015351184993050992, 3.6939207348041236e-05, 7.801504580129404e-06, 1.8601672309159767e-06, 3.954399603090544e-20, 8.031312854004896e-22, 1.0462208232188265e-35, 6.625334094653264e-38], [0.01059911772608757, 0.0012913860846310854, 0.0004852300917264074, 7.197897502919659e-05, 3.718409425346181e-05, 1.4460129023063928e-05, 2.1512951207114384e-06, 1.080356696547824e-06, 1.0622044044339418e-07, 6.020796939650308e-20, 0.0], [0.01376849040389061, 0.00046945534995757043, 0.00023376366880256683, 3.009062129422091e-05, 6.704736279061763e-06, 1.8685775557969464e-06, 5.73374052237341e-07, 2.3047050490276888e-08, 3.0583920059533637e-19, 6.562361583311897e-23, 5.0895506015919646e-26], [0.000590145296882838]]}, "linear_probes": {"mse": [0.020289913917437327, 0.04024159479751956, 0.037407682342716096, 0.036746548787303206, 0.039178617468567, 0.039730894912844046, 0.04007571269080239, 0.04240705720401089], "mae": [0.10442188049907007, 0.15781252200403303, 0.15007475967757078, 0.14817971085931178, 0.15410394111142944, 0.15457070107481935, 0.15649241441878037, 0.16258727006157944]}, "cca": [[1.0000000539594576, 0.5044905072063195, 0.44461736285980824, 0.4528068355864692, 0.38766050980319733, 0.41673048157306103, 0.38967857684112706], [0.5044905072063195, 0.9999999101876462, 0.5181542321524882, 0.5437972749303103, 0.42336728313290967, 0.441857061705796, 0.4945965201942654], [0.44461736285980824, 0.5181542321524882, 0.9999997664158452, 0.6623070654897716, 0.45178809990024277, 0.4446824586086264, 0.489604881724538], [0.45280673884109424, 0.5437972749303103, 0.6623070654897716, 0.9999997664158452, 0.4845091544769854, 0.6072901383870017, 0.5704642543688269], [0.38766050980319733, 0.42336728313290967, 0.4517881965367368, 0.4845091544769854, 0.9999997664158452, 0.6264844065428448, 0.5463041635463397], [0.41673057438447875, 0.4418569661373278, 0.4446824586086264, 0.6072901383870017, 0.6264844065428448, 1.0000000539594576, 0.6156330616234051], [0.38967857684112706, 0.4945965201942654, 0.489604881724538, 0.5704642543688269, 0.5463041635463397, 0.6156330616234051, 0.9999997664158452]], "logs": {"loss": 0.05781858041882515, "val_loss": 0.0506487600505352}}