{"basic_statistics": {"weight_avg": [-0.037573084235191345, 0.05547574907541275, 0.013421094976365566, 0.002250297460705042, -0.0446915403008461, -0.01839103177189827, 0.03143494576215744, 0.030967649072408676, 0.05631512403488159, 0.020624598488211632, 0.012273795902729034, -0.26622459292411804], "bias_avg": [0.0111878402531147, 0.0027110485825687647, 0.003803953528404236, 0.014256277121603489, 0.0083205197006464, 0.007016809657216072, 0.01274013239890337, 0.009202362969517708, -0.0012951530516147614, 0.005708934273570776, 0.007790672592818737, -0.023438364267349243]}, "sparsity": {"nnz_weights": [88, 121, 121, 121, 121, 121, 121, 121, 121, 121, 121, 11], "total_weights": [88, 121, 121, 121, 121, 121, 121, 121, 121, 121, 121, 11], "nnz_biases": [11, 11, 10, 11, 10, 11, 11, 10, 11, 8, 10, 1], "total_biases": [11, 11, 11, 11, 11, 11, 11, 11, 11, 11, 11, 1]}, "layerwise_pca": {"explained_variance": [[0.049142785370349884, 0.012018482200801373, 0.003930684179067612, 0.0031853264663368464, 0.0011159413261339068, 0.0006805916782468557, 0.0004288744821678847, 0.0003230676520615816, 0.00014453145558945835, 6.863749149488285e-05, 6.937509766657968e-08], [0.015318779274821281, 0.006421241443604231, 0.0027322378009557724, 0.0018041480798274279, 0.0006274410407058895, 0.0003969184181187302, 0.00017744371143635362, 0.00010114911856362596, 6.227176345419139e-05, 4.638432073988952e-05, 2.4702912924112752e-05], [0.011192338541150093, 0.0055862716399133205, 0.0015396418748423457, 0.000279815896647051, 9.531179966870695e-05, 6.490445957751945e-05, 3.392656071810052e-05, 2.4856226445990615e-05, 1.3777736057818402e-05, 4.514491592999548e-06, 2.4543495674911094e-20], [0.006940674502402544, 0.0024005547165870667, 0.0001697516127023846, 9.381771087646484e-05, 5.082432835479267e-05, 2.7149564630235545e-05, 6.677710189251229e-06, 7.555586307717022e-07, 4.812198417525337e-10, 1.7301447210935964e-18, 1.3067387493854882e-22], [0.00824132189154625, 0.0008378815255127847, 0.00012050159421050921, 4.9949227104661986e-05, 3.04973655147478e-05, 8.601248850936827e-07, 3.7927030405171536e-08, 1.5770958983196692e-09, 4.508930451230242e-10, 0.0, 0.0], [0.009280548430979252, 0.00022923176584299654, 0.0001328334619756788, 2.958726508950349e-05, 2.3864971808507107e-05, 5.49010246686521e-06, 3.000522383445059e-06, 1.6105477129713108e-07, 1.000219285174353e-08, 1.6071288744257117e-09, 0.0], [0.013131140731275082, 0.00015615990560036153, 0.00010184676648350433, 2.8265625587664545e-05, 1.1033357623091433e-05, 4.887963768851478e-06, 2.931692051788559e-06, 6.716900884384813e-07, 3.262840095885622e-07, 1.4382581237093461e-10, 1.1137380597980329e-22], [0.020690372213721275, 6.587220559595153e-05, 3.505203130771406e-05, 1.4138381629891228e-05, 2.2002088826411637e-06, 1.7233190874321735e-06, 8.527504178346135e-07, 4.167990823589207e-07, 3.2862505605635306e-08, 0.0, 0.0], [0.031420718878507614, 3.2217809348367155e-05, 1.7261827451875433e-05, 6.0467032199085224e-06, 3.307219685666496e-06, 5.075643230156857e-07, 4.017013566226524e-07, 1.249379977252829e-07, 7.444439376058654e-08, 1.8780611867310844e-26, 0.0], [0.035587262362241745, 1.0309515346307307e-05, 2.995920795001439e-06, 8.870532042237755e-07, 3.2812891959110857e-07, 6.155883625069691e-08, 5.5784728841897195e-24, 1.6415981459128714e-24, 1.8198883957236702e-26, 0.0, 0.0], [0.033014435321092606, 8.225465535360854e-06, 2.7834371394419577e-06, 4.4266590748520684e-07, 1.0609546308160134e-07, 1.0398313321502428e-08, 9.802890721388735e-10, 2.8503609932811642e-21, 8.501651794319092e-24, 5.787568257119988e-25, 1.7352037860398346e-37], [0.0017824218375608325]]}, "linear_probes": {"mse": [0.026563947466598542, 0.03258590174031002, 0.03464293815786484, 0.035254967151188706, 0.03517457677969141, 0.033624020876434256, 0.03361596957928703, 0.035665332947048295, 0.03402065715200168, 0.03763487920262658, 0.03493019883279741, 0.039159129781192833], "mae": [0.12167060555930939, 0.1366004380129269, 0.14116669511195146, 0.1432535381429998, 0.14327942530355, 0.1382596124079466, 0.1384686518176032, 0.14288945299905506, 0.13901116014147763, 0.1489909425758599, 0.1412897657143026, 0.15086455688316208]}}