{"loss": 0.05662836506962776, "val_loss": 0.047776952385902405}