{"basic_statistics": {"weight_avg": [0.025576023384928703, 0.051608793437480927, 0.017914295196533203, 0.014247074723243713, 0.0016187027795240283, 0.03935156762599945, 0.08279655128717422, 0.08247256278991699, 0.022783854976296425, -0.019415508955717087, 0.017244011163711548, 0.06348732113838196], "bias_avg": [0.06178825721144676, -0.0005659973830915987, -0.005541270598769188, 0.028001021593809128, 0.009227761067450047, 0.01780613511800766, 0.0298628993332386, 0.0227822232991457, 0.012762760743498802, 0.028574975207448006, 0.012041431851685047, -0.05769475921988487]}, "sparsity": {"nnz_weights": [88, 121, 121, 121, 121, 121, 121, 121, 121, 121, 121, 11], "total_weights": [88, 121, 121, 121, 121, 121, 121, 121, 121, 121, 121, 11], "nnz_biases": [10, 11, 11, 9, 9, 9, 10, 11, 10, 9, 11, 1], "total_biases": [11, 11, 11, 11, 11, 11, 11, 11, 11, 11, 11, 1]}, "layerwise_pca": {"explained_variance": [[0.06503033638000488, 0.026258666068315506, 0.00867242831736803, 0.00723377475515008, 0.0018224120140075684, 0.0012940323213115335, 0.0009150004480034113, 0.0005200520972721279, 0.00031567260157316923, 3.2765954529168084e-05, 1.286014208667983e-19], [0.0494503453373909, 0.022191131487488747, 0.009112865664064884, 0.004804288037121296, 0.002190494677051902, 0.00046070158714428544, 0.00028342759469524026, 0.00012220126518514007, 4.760612137033604e-05, 2.153749186058407e-18, 1.3627985303592088e-24], [0.029630644246935844, 0.0125424237921834, 0.008008386939764023, 0.0035999228712171316, 0.001327546313405037, 0.0004081756342202425, 0.0002225474891019985, 9.033858077600598e-05, 2.671489482963807e-06, 7.087251228310452e-18, 0.0], [0.04335493966937065, 0.009645766578614712, 0.008235500194132328, 0.0027608154341578484, 0.0005145552568137646, 0.0002520091366022825, 9.318872616859153e-05, 5.1024770073127e-05, 8.242694093496539e-06, 7.352655691025514e-23, 0.0], [0.02795485220849514, 0.008423336781561375, 0.0026375697925686836, 0.0005826062406413257, 0.0003167929535266012, 0.00018151436233893037, 7.766683120280504e-05, 2.2799019916419638e-07, 9.479522131600375e-21, 3.3304513398564976e-22, 0.0], [0.032126426696777344, 0.006941884756088257, 0.0010668628383427858, 0.00037196942139416933, 9.701325325295329e-05, 6.149982800707221e-05, 1.4240494238038082e-05, 8.484013107826162e-19, 1.667753666964201e-19, 6.47122982194232e-21, 0.0], [0.059163596481084824, 0.004976425785571337, 0.0010115373879671097, 0.00020389384008012712, 0.00010192535410169512, 3.397919499548152e-05, 1.2914692888443824e-05, 1.2030387779304874e-06, 1.6244149087873747e-18, 0.0, 0.0], [0.09428102523088455, 0.005159375257790089, 0.0010008630342781544, 0.0002034630160778761, 6.696693890262395e-05, 4.258275293977931e-05, 1.8209986592410132e-05, 3.8917096389923245e-06, 7.096824674590607e-07, 1.1259962968841844e-20, 0.0], [0.2997336983680725, 0.005979462061077356, 0.0023194998502731323, 0.00021060094877611846, 3.111020123469643e-05, 1.6083684386103414e-05, 3.366737246324192e-06, 1.2083086176062352e-06, 5.0308307368385394e-20, 2.0392199297934226e-21, 0.0], [0.49308618903160095, 0.012552371248602867, 0.0025071301497519016, 8.26314280857332e-05, 4.438097312231548e-05, 7.557907792943297e-06, 3.3865119348774897e-06, 5.058096859533371e-22, 0.0, 0.0, 0.0], [0.679731547832489, 0.10101261734962463, 0.008994300849735737, 0.0021885684691369534, 0.0008980540442280471, 0.00030261240317486227, 1.3208743439463433e-05, 5.004476406611502e-06, 6.404571877283161e-07, 2.1484340972932614e-09, 6.888642434255132e-12], [0.04083014279603958]]}, "linear_probes": {"mse": [0.019272060939044034, 0.017503325698893776, 0.016647098286041, 0.015644277136585245, 0.014737553270876808, 0.014712894239124917, 0.014708037751232845, 0.014345493635173434, 0.014339846192021282, 0.014107558001881, 0.01410078852651385, 0.01409716196062599], "mae": [0.10201644755839365, 0.09571806516474432, 0.09299948669312642, 0.08913935013763269, 0.08556416377335602, 0.08571904759198519, 0.08550671112384783, 0.08324144101286014, 0.08312925029563883, 0.08208570426139153, 0.08207840007057833, 0.08169069539002868]}}