{"loss": 0.014334036968648434, "val_loss": 0.013985698111355305}