{"basic_statistics": {"weight_avg": [0.04723847657442093, -0.007098556961864233, 0.0942021980881691, -0.10989449918270111], "bias_avg": [0.028927745297551155, 0.05386388674378395, 0.12222893536090851, 0.33539384603500366]}, "sparsity": {"nnz_weights": [56, 49, 49, 7], "total_weights": [56, 49, 49, 7], "nnz_biases": [6, 7, 7, 1], "total_biases": [7, 7, 7, 1]}, "layerwise_pca": {"explained_variance": [[0.060315631330013275, 0.021498672664165497, 0.007527202367782593, 0.005542891565710306, 0.001934568746946752, 0.000539849977940321, 1.887787458065457e-18], [0.052543897181749344, 0.039846014231443405, 0.006245346274226904, 0.001176579506136477, 0.0006782756536267698, 0.0003382744616828859, 0.0], [0.18759609758853912, 0.018602261319756508, 0.003926795441657305, 0.002119586104527116, 0.0005032999906688929, 0.00017882350948639214, 7.390082257361268e-19], [0.03938474878668785]]}, "linear_probes": {"mse": [0.019148062240790485, 0.017555762067905944, 0.016629712708742295, 0.016406796584182946], "mae": [0.1002415054341419, 0.0941317054824909, 0.09078919806665546, 0.09024131025093828]}}