{"loss": 0.016051556915044785, "val_loss": 0.016557812690734863}