{"sparsity": {"nnz_weights": [56, 49, 49, 7], "total_weights": [56, 49, 49, 7], "nnz_biases": [5, 6, 5, 1], "total_biases": [7, 7, 7, 1]}, "basic_statistics": {"weight_avg": [-0.036557264626026154, 0.003920183051377535, -0.0173568744212389, -0.23658449947834015], "bias_avg": [0.03113272227346897, 0.004325676243752241, 0.11313147097826004, 0.2567237913608551]}, "layerwise_pca": {"explained_variance": [[0.04046856611967087, 0.02556116133928299, 0.017321893945336342, 0.002015918493270874, 7.053711205141019e-17, 1.0352900135129636e-19, 4.8569208748744704e-34], [0.06571121513843536, 0.016251325607299805, 0.006942996755242348, 0.0002740505733527243, 5.912179129632934e-18, 1.42800518918548e-20, 0.0], [0.246440127491951, 0.01029900647699833, 0.0024019693955779076, 5.7529723562765867e-05, 3.6558506621986453e-07, 4.695262141577816e-21, 0.0], [0.03816298767924309]]}, "linear_probes": {"mse": [0.01979518039184508, 0.01864387964493182, 0.017466701367549974, 0.0173347378710626], "mae": [0.10151823480260644, 0.09752630787800738, 0.09489256247509782, 0.0950585615922993]}, "cca": [[0.9999999446695337, 0.722313497419894, 0.4501790554661836], [0.722313497419894, 0.9999999446695337, 0.4255947834965111], [0.4501790554661836, 0.4255947247084403, 0.9999999446695337]], "logs": {"loss": 0.017461931332945824, "val_loss": 0.017400847747921944}}