{"sparsity": {"nnz_weights": [88, 121, 121, 121, 121, 121, 121, 121, 121, 121, 121, 11], "total_weights": [88, 121, 121, 121, 121, 121, 121, 121, 121, 121, 121, 11], "nnz_biases": [10, 9, 11, 11, 11, 10, 11, 9, 11, 9, 10, 1], "total_biases": [11, 11, 11, 11, 11, 11, 11, 11, 11, 11, 11, 1]}, "basic_statistics": {"weight_avg": [0.00986307580024004, 0.03033370152115822, 0.020803648978471756, 0.027810504660010338, 0.018166251480579376, 0.061238083988428116, 0.02822202444076538, -0.009459596127271652, -0.0016404986381530762, 0.00937966164201498, 0.05309436097741127, -0.023744188249111176], "bias_avg": [0.01009248849004507, -0.012501432560384274, 0.012508020736277103, -0.004461735486984253, 0.02577880769968033, 0.011667254380881786, 0.046099863946437836, 0.022547055035829544, 0.0347503200173378, 0.028587037697434425, 0.02924174629151821, -0.05123400688171387]}, "layerwise_pca": {"explained_variance": [[0.05285925045609474, 0.022535283118486404, 0.010688108392059803, 0.0077330078929662704, 0.0018261898076161742, 0.0013552046148106456, 0.00021996146824676543, 9.545373904984444e-05, 2.220594974847797e-17, 0.0, 0.0], [0.029066162183880806, 0.01830635406076908, 0.0036680824123322964, 0.0013446443481370807, 0.0012207335093989968, 0.00027716701151803136, 8.94808690645732e-05, 2.9279201044118963e-05, 7.00696673241728e-18, 2.307663767502909e-22, 0.0], [0.01840628683567047, 0.004026802722364664, 0.002448386512696743, 0.0012637045001611114, 0.00043561082566156983, 0.0002942201681435108, 0.0002618578146211803, 8.142526348819956e-05, 4.8455305659445e-05, 2.922554631368257e-05, 0.0], [0.012792582623660564, 0.002380196936428547, 0.0015223949449136853, 0.0006178807816468179, 0.00044822419295087457, 0.00017752076382748783, 0.00013560922525357455, 6.853226659586653e-05, 2.14471947401762e-05, 4.247894764830562e-07, 8.990859368620992e-20], [0.01771668903529644, 0.0042797294445335865, 0.0007462109788320959, 0.0003262075479142368, 0.0001688209449639544, 0.00012361259723547846, 4.571063618641347e-05, 2.7653899451252073e-05, 4.006987637694692e-06, 0.0, 0.0], [0.024520769715309143, 0.0024946921039372683, 0.0006225357064977288, 0.000247082207351923, 8.400230581173673e-05, 5.751842036261223e-05, 4.481905125430785e-05, 2.5936744350474328e-05, 7.735535291431006e-06, 1.5159449573044945e-19, 8.208318397929698e-21], [0.06075835973024368, 0.0028336229734122753, 0.001643976429477334, 0.00014033268962521106, 7.570110756205395e-05, 5.4081730922916904e-05, 1.90625087270746e-05, 1.4584178643417545e-05, 3.2568941605859436e-06, 2.801853881390136e-18, 0.0], [0.08893105387687683, 0.0046494207344949245, 0.0030376010108739138, 0.0004902291693724692, 0.00012961545144207776, 1.7669952285359614e-05, 8.812912710709497e-06, 2.6312927093628652e-20, 1.3814780663415503e-24, 0.0, 0.0], [0.15591596066951752, 0.007272889371961355, 0.0016077758045867085, 0.00011367054685251787, 1.885626079456415e-05, 1.3049518202024046e-05, 8.272765626315959e-06, 2.133208454324631e-06, 4.46479106130937e-07, 2.3639659693771087e-22, 0.0], [0.2629607021808624, 0.006256082095205784, 0.0012780667748302221, 9.019743447424844e-05, 4.1736500861588866e-05, 3.868713065457996e-06, 3.9170848253888835e-07, 2.9758093955233665e-20, 2.3585385053749923e-21, 2.292037332271913e-24, 6.051398677425891e-37], [0.6087719202041626, 0.04229963943362236, 0.004072736948728561, 0.002378142671659589, 0.00010143412509933114, 4.366274151834659e-05, 4.569117663777433e-06, 2.0265242710593157e-06, 8.57672830534284e-07, 5.504281830326363e-08, 8.675495911901905e-23], [0.04567716643214226]]}, "linear_probes": {"mse": [0.020102516881737212, 0.0192554622824987, 0.0184407144458282, 0.017470840107695645, 0.01579100186447792, 0.015308943024914543, 0.014815946389508424, 0.01413391044820995, 0.014179796420845806, 0.01417264813341298, 0.014159128053230581, 0.014183865134393256], "mae": [0.10291252533421782, 0.10161957312448411, 0.10055754730575617, 0.09598793602271259, 0.08924417447978739, 0.08793621789348315, 0.08589482049651544, 0.08300639881721789, 0.08349714296860976, 0.08300493708952673, 0.08309947881228084, 0.08374547638314991]}, "cca": [[0.9999997664158452, 0.5328045159715461, 0.5101287637765185, 0.4672457132575015, 0.6150037613965238, 0.3858370745589923, 0.5248330998663278, 0.3659242611420268, 0.3867450360950112, 0.2803653150949892, 0.30791803777947796], [0.5328045159715461, 0.9999996226440544, 0.5984906074858869, 0.4613409160419544, 0.4190047641524343, 0.36842010536033015, 0.3106770220171352, 0.34801664298065305, 0.2714994368146687, 0.3416620053030835, 0.27668798194782146], [0.5101287637765185, 0.598490718710893, 1.0000000539594576, 0.5861549156635575, 0.5370271915148858, 0.4577018624989829, 0.3841716407653373, 0.2998594455162088, 0.31674304046754287, 0.2990265248680867, 0.3299797744102051], [0.4672458115332667, 0.4613409160419544, 0.5861549156635575, 0.9999997664158452, 0.5915508268229711, 0.5195062936567958, 0.44726538835882157, 0.32562663826298627, 0.344272422906206, 0.39249267625196826, 0.33025303235175263], [0.6150038741455123, 0.4190047641524343, 0.5370271915148858, 0.5915508268229711, 0.9999999101876462, 0.6143368065839044, 0.6279784199930677, 0.4981484398183769, 0.5236000968970622, 0.4028587874601767, 0.4223660751042902], [0.3858370745589923, 0.36842010536033015, 0.4577018624989829, 0.5195062936567958, 0.6143368065839044, 0.9999997664158452, 0.5904522998952964, 0.520342270568113, 0.5342574056035739, 0.4970582969902104, 0.5062507077813827], [0.5248330998663278, 0.31067706208519685, 0.3841717298773853, 0.44726538835882157, 0.6279785339251744, 0.5904521894197553, 0.9999997664158452, 0.575166601700904, 0.5046991548629814, 0.4514441394917464, 0.46122666933066303], [0.3659242611420268, 0.34801664298065305, 0.29985948488051795, 0.32562667928374883, 0.49814854129199787, 0.520342270568113, 0.5751667107370767, 0.9999997664158452, 0.5812093645137008, 0.5332388628118152, 0.6092975288682448], [0.3867450360950112, 0.27149939935808154, 0.31674304046754287, 0.344272422906206, 0.5236000968970622, 0.5342574056035739, 0.5046992570016187, 0.5812093645137008, 0.9999999101876462, 0.6707853955282985, 0.6080470901183204], [0.2803652770317381, 0.34166204732173483, 0.2990265248680867, 0.39249267625196826, 0.4028587874601767, 0.4970583983527387, 0.4514441394917464, 0.5332389677986075, 0.6707853955282985, 0.9999996226440544, 0.5570051054644668], [0.30791803777947796, 0.27668794413501724, 0.3299798157042501, 0.33025303235175263, 0.4223660751042902, 0.5062507077813827, 0.46122666933066303, 0.6092975288682448, 0.6080470901183204, 0.5570051054644668, 0.9999999101876462]], "logs": {"loss": 0.014246794395148754, "val_loss": 0.01430143229663372}}