{"sparsity": {"nnz_weights": [88, 121, 121, 11], "total_weights": [88, 121, 121, 11], "nnz_biases": [11, 10, 9, 1], "total_biases": [11, 11, 11, 1]}, "basic_statistics": {"weight_avg": [0.10432398319244385, 0.042648643255233765, -0.00465775839984417, 0.25024551153182983], "bias_avg": [0.05035625770688057, 0.027768461033701897, 0.056999970227479935, 0.10260496288537979]}, "layerwise_pca": {"explained_variance": [[0.0449628084897995, 0.036662086844444275, 0.030217058956623077, 0.009582226164638996, 0.0026260025333613157, 0.001887753140181303, 0.0007548165158368647, 0.0004313599783927202, 0.0002941244456451386, 8.465003338642418e-05, 3.7158191844355315e-05], [0.1196577325463295, 0.04908386245369911, 0.015741009265184402, 0.005095724016427994, 0.001982506364583969, 0.0008445081766694784, 0.00038476192275993526, 0.00012933985271956772, 1.2177515163579564e-18, 8.65977451233296e-20, 3.4929248794603275e-22], [0.22576361894607544, 0.04407135769724846, 0.010248412378132343, 0.008734111674129963, 0.002372666262090206, 0.0015913217794150114, 0.0005610999651253223, 1.0497930306464623e-17, 7.299813484679428e-18, 0.0, 0.0], [0.040927182883024216]]}, "linear_probes": {"mse": [0.019596658046915884, 0.018515333497797232, 0.016446217043758433, 0.015793056097606544], "mae": [0.10126984650731455, 0.0992638180022752, 0.09012288872443383, 0.08826920737932606]}, "cca": [[0.9999999101876462, 0.6065531410250639, 0.46490693246433196], [0.6065530290533936, 0.9999997664158452, 0.5338152909809692], [0.46490693246433196, 0.5338152909809692, 0.999999478872274]], "logs": {"loss": 0.015979262068867683, "val_loss": 0.015849214047193527}}