{"basic_statistics": {"weight_avg": [0.048130664974451065, -0.030437765643000603, 0.11603645235300064, -0.14868994057178497], "bias_avg": [0.030217807739973068, 0.032720897346735, 0.12362953275442123, 0.2627192437648773]}, "sparsity": {"nnz_weights": [56, 49, 49, 7], "total_weights": [56, 49, 49, 7], "nnz_biases": [6, 7, 7, 1], "total_biases": [7, 7, 7, 1]}, "layerwise_pca": {"explained_variance": [[0.05357428640127182, 0.0186716690659523, 0.009860632941126823, 0.003678020089864731, 0.0017953731585294008, 0.0005519180558621883, 9.39725648644135e-18], [0.046258941292762756, 0.013670306652784348, 0.006963050924241543, 0.0011982376454398036, 0.00020013046741951257, 0.00016064653755165637, 0.0], [0.20470908284187317, 0.009623769670724869, 0.0045170593075454235, 0.0002813739702105522, 5.947434692643583e-05, 4.179939060122706e-05, 1.1342438698489412e-17], [0.03668833151459694]]}, "linear_probes": {"mse": [0.01849945172420045, 0.017543696070251094, 0.017602101158156594, 0.01673240199058728], "mae": [0.09880645386735337, 0.09600964574149319, 0.09671764523056685, 0.09392066995114218]}}