{"loss": 0.01747141405940056, "val_loss": 0.017767541110515594}