{"sparsity": {"nnz_weights": [24, 9, 9, 9, 9, 9, 9, 3], "total_weights": [24, 9, 9, 9, 9, 9, 9, 3], "nnz_biases": [2, 3, 2, 2, 2, 1, 1, 1], "total_biases": [3, 3, 3, 3, 3, 3, 3, 1]}, "basic_statistics": {"weight_avg": [-0.06715317815542221, 0.1968499720096588, -0.1710595041513443, -0.03225542604923248, -0.10111527889966965, 0.13354100286960602, -0.15396109223365784, -0.8985561728477478], "bias_avg": [-0.02866542339324951, 0.06110498681664467, 0.11949518322944641, 0.013425055891275406, 0.010427680797874928, -0.012257155030965805, -0.0073634847067296505, 1.2076412439346313]}, "layerwise_pca": {"explained_variance": [[0.01525953970849514, 0.007744410075247288, 0.0], [0.03268849477171898, 0.0004997063078917563, 1.5157297639234457e-06], [0.030978376045823097, 0.0010743123712018132, 0.0], [0.07998154312372208, 0.0032274993136525154, 0.0], [0.10745975375175476, 0.00036469963379204273, 0.0], [0.2503933608531952, 0.0, 0.0], [0.3057447671890259, 0.0, 0.0], [0.03128424286842346]]}, "linear_probes": {"mse": [0.02117411832125465, 0.0198353810253064, 0.01796001654962294, 0.017633791621670607, 0.017729204174540266, 0.018331801163727558, 0.01840071822118289, 0.01794339931883133], "mae": [0.10944596260998446, 0.1055090895401866, 0.0980551219842918, 0.09660841270203901, 0.09781447493003993, 0.1006552009538935, 0.10090496018076293, 0.09890704656110023]}, "cca": [[1.0000001017545703, 0.43725122197043237, 0.38262059562805933, 0.35743567133128806, 0.3756002086011752, 0.32546628061757704, 0.658044038017143], [0.43725122197043237, 0.9999999641035373, 0.6332959608729473, 0.5425616936468222, 0.4729444585286018, 0.33088717281378993, 0.3307642957498551], [0.38262059562805933, 0.6332959608729473, 0.9999996888014996, 0.9405093028545556, 0.40355026936111926, 0.6650515445074537, 0.3317858895238904], [0.35743567133128806, 0.5425616936468222, 0.9405093028545556, 0.9999995511504949, 0.3368361942068579, 0.6661792906040205, 0.33284245139024904], [0.3756002086011752, 0.4729444585286018, 0.40355026936111926, 0.3368361942068579, 0.9999998264525137, 0.6668586225093094, 0.6667867958749412], [0.32546628061757704, 0.33088717281378993, 0.6650515445074537, 0.6661792906040205, 0.6668586225093094, 0.9999988628956137, 0.6667015980915684], [0.658044038017143, 0.3307642957498551, 0.3317858895238904, 0.33284245139024904, 0.6667867958749412, 0.6667015980915684, 0.9999994134994997]], "logs": {"loss": 0.019167261198163033, "val_loss": 0.01838020049035549}}