{"sparsity": {"nnz_weights": [24, 9, 9, 9, 9, 9, 9, 3], "total_weights": [24, 9, 9, 9, 9, 9, 9, 3], "nnz_biases": [2, 3, 2, 2, 2, 1, 1, 1], "total_biases": [3, 3, 3, 3, 3, 3, 3, 1]}, "basic_statistics": {"weight_avg": [-0.07435779273509979, 0.1992500126361847, -0.18112815916538239, -0.03426074981689453, -0.10529768466949463, 0.13891537487506866, -0.15125305950641632, -0.906425416469574], "bias_avg": [-0.03859862685203552, 0.06369466334581375, 0.11727980524301529, 0.014965248294174671, 0.0213052686303854, -0.006648092996329069, -0.0016863931668922305, 1.7529492378234863]}, "layerwise_pca": {"explained_variance": [[0.015092476271092892, 0.0039005663711577654, 0.0], [0.033083122223615646, 0.0004459592164494097, 2.176667734943294e-09], [0.030716082081198692, 0.0014742364874109626, 0.0], [0.07781661301851273, 0.00299623841419816, 0.0], [0.10855618119239807, 0.00034236666397191584, 0.0], [0.2641308903694153, 0.0, 0.0], [0.33910736441612244, 0.0, 0.0], [0.034427061676979065]]}, "linear_probes": {"mse": [0.020724603325290455, 0.019147902436242616, 0.017854386332261416, 0.01762455101827441, 0.017483362003467607, 0.01756905062076854, 0.017572480979185717, 0.01724525053260508], "mae": [0.10818305207354932, 0.10303989557318932, 0.09767992947651674, 0.09668321701445137, 0.09645158686676462, 0.09749047443497234, 0.09751956051382796, 0.09635205378702186]}, "cca": [[1.0000001017545703, 0.4231202837672943, 0.36701922177269825, 0.3482198657843772, 0.3780720782813252, 0.32998287467785775, 0.6629935897718013], [0.4231202837672943, 1.0000001017545703, 0.6061694095788729, 0.4964044851021943, 0.5209813620510317, 0.3316315334032017, 0.33161349978485194], [0.36701922177269825, 0.6061694095788729, 0.9999996888014996, 0.9244289537275989, 0.4121996184329693, 0.6657268196227241, 0.3325075263769873], [0.3482198657843772, 0.4964044851021943, 0.9244289537275989, 0.9999994134994997, 0.3363635749821062, 0.6664675008168359, 0.3332378137999399], [0.3780720782813252, 0.5209813620510317, 0.4121996184329693, 0.3363635749821062, 0.9999998264525137, 0.6667556609614896, 0.6668206292223479], [0.32998287467785775, 0.3316315334032017, 0.6657268196227241, 0.6664675008168359, 0.6667556609614896, 0.9999996888014996, 0.6667235152070864], [0.6629935897718013, 0.33161349978485194, 0.3325075263769873, 0.3332378137999399, 0.6668206292223479, 0.6667235152070864, 0.9999999641035373]], "logs": {"loss": 0.018038613721728325, "val_loss": 0.01738594099879265}}