{"sparsity": {"nnz_weights": [24, 9, 9, 9, 9, 9, 9, 3], "total_weights": [24, 9, 9, 9, 9, 9, 9, 3], "nnz_biases": [2, 3, 2, 2, 2, 1, 1, 1], "total_biases": [3, 3, 3, 3, 3, 3, 3, 1]}, "basic_statistics": {"weight_avg": [-0.0774056538939476, 0.23330283164978027, -0.1796867549419403, -0.017734747380018234, -0.07610864192247391, 0.04021048545837402, -0.19948717951774597, -0.7726327776908875], "bias_avg": [0.014366687275469303, 0.007568759843707085, 0.026283910498023033, 0.00731334462761879, 0.04189866781234741, 0.019283143803477287, 0.018947934731841087, -0.05602724105119705]}, "layerwise_pca": {"explained_variance": [[0.047019243240356445, 0.008381091989576817, 0.0], [0.047211725264787674, 0.004813917446881533, 0.00034410133957862854], [0.013568352907896042, 0.000441601820057258, 0.0], [0.013208630494773388, 9.477358980802819e-05, 0.0], [0.0032245584297925234, 2.520537054806482e-05, 0.0], [0.002609710907563567, 0.0, 0.0], [0.0012781526893377304, 0.0, 0.0], [9.160132321994752e-05]]}, "linear_probes": {"mse": [0.031191673024918064, 0.03070546894427832, 0.04981074289939291, 0.05096673462734783, 0.05096673484046489, 0.05157000398353239, 0.051570003853374534, 0.05157358120569494], "mae": [0.13571674203497783, 0.13491854925600516, 0.17570245610894503, 0.17827516644341596, 0.17827497521184732, 0.178907603726434, 0.17890767450694967, 0.17891774140368444]}, "cca": [[0.9999999641035373, 0.6655730729003579, 0.5735685729697527, 0.3873757756676544, 0.4044929371321662, 0.32148585366405885, 0.6545736917361751], [0.6655730729003579, 0.9999999641035373, 0.6581781513888293, 0.5255463565144964, 0.524277899776512, 0.3275174714006835, 0.3268493544529368], [0.5735685729697527, 0.6581781513888293, 0.9999995511504949, 0.8268118405482454, 0.3411911272755977, 0.6282903762479511, 0.2896041724841372], [0.3873757756676544, 0.5255463565144964, 0.8268118405482454, 0.9999995511504949, 0.4190840542106192, 0.6232472732338058, 0.2759587197346143], [0.4044929371321662, 0.524277899776512, 0.3411911272755977, 0.4190840542106192, 0.9999996888014996, 0.6651449442533703, 0.6616252204071505], [0.32148585366405885, 0.3275174714006835, 0.6282903762479511, 0.6232472732338058, 0.6651449442533703, 0.9999970734340309, 0.6653327739309182], [0.6545736917361751, 0.3268493544529368, 0.2896041724841372, 0.2759587197346143, 0.6616252204071505, 0.6653327739309182, 1.0000021665212036]], "logs": {"loss": 0.06223779916763306, "val_loss": 0.05515981838107109}}