{"sparsity": {"nnz_weights": [56, 49, 49, 49, 49, 49, 49, 49, 49, 49, 49, 7], "total_weights": [56, 49, 49, 49, 49, 49, 49, 49, 49, 49, 49, 7], "nnz_biases": [7, 7, 7, 6, 7, 7, 6, 7, 4, 6, 6, 1], "total_biases": [7, 7, 7, 7, 7, 7, 7, 7, 7, 7, 7, 1]}, "basic_statistics": {"weight_avg": [0.05564343184232712, 0.022304551675915718, 0.01122371293604374, -0.11027880012989044, 0.043706368654966354, 0.13040827214717865, 0.03560646250844002, 0.00702513987198472, -0.09261883795261383, 0.06205401197075844, 0.05063210055232048, 0.1824326366186142], "bias_avg": [0.04977717623114586, -0.01944960467517376, 0.03438105434179306, 0.01745443604886532, 0.033858150243759155, 0.03254788741469383, 0.037687063217163086, -0.010389541275799274, 0.04499158263206482, 0.13632746040821075, 0.006039525847882032, 0.13073784112930298]}, "layerwise_pca": {"explained_variance": [[0.09830780327320099, 0.019925400614738464, 0.010030721314251423, 0.004172398243099451, 0.0016982841771095991, 0.0006566696683876216, 0.0002298192703165114], [0.03857143968343735, 0.01524965651333332, 0.006671632640063763, 0.0016346742631867528, 0.0007312261150218546, 0.0002130755310645327, 4.0635510231368244e-05], [0.023760972544550896, 0.013913532719016075, 0.004726477432996035, 0.00048330254503525794, 0.00020431654411368072, 0.0, 0.0], [0.025443485006690025, 0.005120020359754562, 0.001925519434735179, 8.443834667559713e-05, 7.565510204683631e-20, 0.0, 0.0], [0.02063993364572525, 0.006059849634766579, 0.0021327268332242966, 1.7192154700751416e-05, 8.276279572783096e-07, 0.0, 0.0], [0.0460590198636055, 0.00642104959115386, 0.0013237440725788474, 0.0009469434153288603, 1.6461382983834483e-05, 6.495001798612066e-06, 0.0], [0.12214774638414383, 0.0038642825093120337, 0.0017706124344840646, 0.000139195253723301, 5.1353901653783396e-05, 1.516180703779072e-19, 0.0], [0.4019419550895691, 0.004703935701400042, 0.0005062251584604383, 7.324533362407237e-05, 1.93872310774168e-05, 0.0, 0.0], [0.390815407037735, 0.0010585045674815774, 2.9841659852536395e-05, 2.359933362916717e-19, 1.6100155039823648e-22, 0.0, 0.0], [0.5558209419250488, 0.0006571164703927934, 3.260022640461102e-05, 4.284093222395313e-07, 6.806846641893571e-08, 1.699814247690945e-11, 9.897719446147897e-20], [1.0096161365509033, 0.00022567312407772988, 4.402051490615122e-05, 6.063399382583157e-07, 1.2255623005330563e-07, 2.715810857802751e-21, 4.486347577933607e-23], [0.04214591160416603]]}, "linear_probes": {"mse": [0.02090186099439199, 0.019073128792602364, 0.018144433007984406, 0.01738099198983341, 0.016809810255824308, 0.016231733217601886, 0.015599635788478682, 0.01556297903838368, 0.015603310762832421, 0.015485746304797942, 0.015355308069061139, 0.015199903471391682], "mae": [0.10712214447309733, 0.10181227833723386, 0.09648274890607661, 0.09451215380519282, 0.09282007196107073, 0.09001945439883587, 0.0873774067675516, 0.08697854767793922, 0.08722736841864064, 0.08679821198589792, 0.08629488347424401, 0.0862330625631413]}, "cca": [[0.9999999446695337, 0.7313918005832291, 0.5218259011849194, 0.4302377025623453, 0.5390710060942366, 0.5733657606033457, 0.5057425617263972, 0.4180048204859515, 0.35972839243414356, 0.3846575067509629, 0.37831312687741964], [0.7313918005832291, 1.000000124897042, 0.5470805031986937, 0.467632546492514, 0.5687934127235122, 0.5710620105778698, 0.5070648558949468, 0.41604237639351993, 0.374334217311928, 0.4045898538089026, 0.39652026080263575], [0.5218259011849194, 0.5470805031986937, 0.9999995842145657, 0.6312551258561143, 0.6801556176651827, 0.5683567705264251, 0.6533911294557454, 0.42188227680469687, 0.6487737476518386, 0.3980026751694388, 0.3924153748428308], [0.4302377025623453, 0.467632546492514, 0.6312551258561143, 0.9999997644420416, 0.6809439162030425, 0.617133207320949, 0.5851785015440539, 0.4860513535943665, 0.44256067975249735, 0.33189065499601, 0.460485718917263], [0.5390709399314103, 0.5687934127235122, 0.6801556176651827, 0.6809439162030425, 0.9999999446695337, 0.7526907923186822, 0.7090508305763186, 0.6145595138623321, 0.5285206775365481, 0.4104819919326295, 0.40272735798307174], [0.5733657606033457, 0.5710620105778698, 0.5683567705264251, 0.617133207320949, 0.7526907923186822, 0.9999997644420416, 0.6745653427588293, 0.7097313376756915, 0.41025270109068807, 0.44111560652595677, 0.43325493373284224], [0.505742497641482, 0.5070648558949468, 0.6533911294557454, 0.5851785015440539, 0.7090509823371788, 0.6745653427588293, 1.000000124897042, 0.5509985976709869, 0.532249634011807, 0.4454238144214762, 0.5737054845506334], [0.4180048204859515, 0.41604237639351993, 0.42188227680469687, 0.4860513535943665, 0.6145595138623321, 0.7097313376756915, 0.5509985307801993, 0.9999997644420416, 0.4122761537474032, 0.4792589951270969, 0.46109228569873395], [0.35972839243414356, 0.374334217311928, 0.6487737476518386, 0.44256067975249735, 0.5285206120243677, 0.41025270109068807, 0.5322495682689237, 0.4122761537474032, 0.9999994039871061, 0.571469716403986, 0.5696965147407695], [0.3846575067509629, 0.40458979648990934, 0.3980026751694388, 0.3318906030815226, 0.4104819919326295, 0.4411155466755271, 0.4454238745634679, 0.4792589951270969, 0.571469716403986, 1.0000003051245667, 0.6806790671482515], [0.37831312687741964, 0.39652020405813865, 0.39241543129285056, 0.4604857800676448, 0.40272735798307174, 0.43325493373284224, 0.5737054845506334, 0.4610922245080949, 0.5696965147407695, 0.6806790671482515, 0.9999999446695337]], "logs": {"loss": 0.014543064869940281, "val_loss": 0.015557331964373589}}