{"basic_statistics": {"weight_avg": [0.04675717651844025, -0.001612869556993246, -0.00928913988173008, 0.011710241436958313, -0.01732264645397663, -0.005760065745562315, -0.005946116056293249, -0.03678246587514877], "bias_avg": [0.02156100422143936, 0.019408538937568665, 0.025505246594548225, 0.007920503616333008, 0.016743438318371773, 0.007315908093005419, 0.006109337788075209, -0.03859905153512955]}, "sparsity": {"nnz_weights": [88, 121, 121, 121, 121, 121, 121, 11], "total_weights": [88, 121, 121, 121, 121, 121, 121, 11], "nnz_biases": [10, 9, 8, 9, 6, 9, 9, 1], "total_biases": [11, 11, 11, 11, 11, 11, 11, 1]}, "layerwise_pca": {"explained_variance": [[0.06166140362620354, 0.01906920038163662, 0.006771389860659838, 0.004699955694377422, 0.0021057012490928173, 0.0009877715492621064, 0.00046330635086633265, 0.00016975027392618358, 0.00014081929111853242, 3.946941433241591e-05, 7.067516456653738e-19], [0.01806984283030033, 0.009374183602631092, 0.0036349818110466003, 0.0018035456305369735, 0.000865310023073107, 0.0005593184614554048, 0.00020690397650469095, 1.233813600265421e-05, 2.3906031856313348e-06, 8.76023456375176e-19, 0.0], [0.006305367685854435, 0.0037444119807332754, 0.001224182895384729, 0.0005217497237026691, 0.00021372114133555442, 9.466957999393344e-05, 1.6242541960309609e-06, 7.449016266036779e-07, 1.785770174520041e-20, 1.9298745250146577e-23, 0.0], [0.006771090906113386, 0.00099700759164989, 0.0004710847861133516, 8.051955956034362e-05, 5.703586430172436e-05, 1.9540326320566237e-05, 1.0098209932054851e-19, 8.970366615179844e-20, 1.5811115457517583e-23, 1.6889613896167793e-35, 9.55355339489004e-37], [0.0034147738479077816, 0.000818506523501128, 2.6390462153358385e-05, 1.2299476111365948e-05, 6.509434115287149e-06, 5.306503781711538e-21, 3.987564869286474e-24, 0.0, 0.0, 0.0, 0.0], [0.005823059938848019, 0.0008505608420819044, 1.3118557035340928e-05, 9.753920494404156e-06, 1.952065986188245e-06, 1.807397325137572e-07, 3.6990847667936477e-13, 3.2409862842113684e-16, 7.514057894411182e-22, 3.598408898460457e-23, 0.0], [0.00259393104352057, 0.0007088922429829836, 1.0519238458073232e-05, 2.629997425174224e-06, 1.7226851696250378e-06, 4.895977099295123e-07, 2.7137947000710483e-08, 1.35066597906075e-08, 1.5351745154773942e-20, 8.758960551117909e-23, 0.0], [0.00014460374950431287]]}, "linear_probes": {"mse": [0.026099753873367486, 0.0331653463069711, 0.0402365185849423, 0.03831237223660109, 0.04027326379786488, 0.04014512064753232, 0.04022517047972041, 0.04653451054145384], "mae": [0.12096572222166034, 0.14081621895249788, 0.15954476997084144, 0.1528862036554443, 0.15814643528659375, 0.1575604486109977, 0.15767075118984175, 0.1715367889976183]}}