{"loss": 0.059126581996679306, "val_loss": 0.05407321825623512}