{"basic_statistics": {"weight_avg": [0.13639698922634125, -0.16564297676086426, 0.41203972697257996, 0.07140859961509705, -0.5978973507881165, 0.018500328063964844, 0.48158612847328186, 0.2845408618450165], "bias_avg": [0.1363171637058258, 0.11487770080566406, -0.033518124371767044, -0.07625223696231842, -0.003871283261105418, -0.003699751803651452, -0.2038084864616394, 1.69498872756958]}, "sparsity": {"nnz_weights": [24, 9, 9, 9, 9, 9, 9, 3], "total_weights": [24, 9, 9, 9, 9, 9, 9, 3], "nnz_biases": [3, 2, 3, 3, 1, 1, 3, 1], "total_biases": [3, 3, 3, 3, 3, 3, 3, 1]}, "layerwise_pca": {"explained_variance": [[0.047575123608112335, 0.014648565091192722, 0.00484249833971262], [0.018889855593442917, 0.0014601470902562141, 0.0], [0.1249765157699585, 9.118130401475355e-05, 7.706443812862285e-27], [0.22281049191951752, 0.003278156742453575, 0.0004501545918174088], [0.19178715348243713, 0.0, 0.0], [0.3867128789424896, 0.0, 0.0], [0.6995870471000671, 0.0012753603514283895, 0.0001756132987793535], [0.03539533540606499]]}, "linear_probes": {"mse": [0.022507117628534974, 0.02304420289518542, 0.023072346422755248, 0.01854711819118942, 0.01957851707705239, 0.019593280202804278, 0.018144723825622242, 0.01842684577506802], "mae": [0.10783407761921651, 0.11074618759431042, 0.11070829237429027, 0.09770631895304521, 0.10101265832845473, 0.10107819833308289, 0.0967937090552341, 0.09869790468481146]}}