{"loss": 0.017806390300393105, "val_loss": 0.0177178755402565}