{"basic_statistics": {"weight_avg": [0.13769729435443878, 0.010882718488574028, 0.04005513712763786, -0.05032746121287346, -0.029547803103923798, 0.07968177646398544, 0.05003924295306206, 0.06631111353635788, 0.05877763405442238, 0.12387825548648834, -0.0002219074813183397, -0.07553178817033768], "bias_avg": [0.017466748133301735, -0.009059980511665344, 0.0011006633285433054, 0.00965779460966587, 0.012339428067207336, 0.020859045907855034, 0.0282629132270813, 0.027176808565855026, 0.015020168386399746, 0.01790369488298893, -0.019510652869939804, 1.2376303672790527]}, "sparsity": {"nnz_weights": [56, 49, 49, 49, 49, 49, 49, 49, 49, 49, 49, 7], "total_weights": [56, 49, 49, 49, 49, 49, 49, 49, 49, 49, 49, 7], "nnz_biases": [7, 6, 7, 7, 5, 7, 6, 7, 7, 6, 6, 1], "total_biases": [7, 7, 7, 7, 7, 7, 7, 7, 7, 7, 7, 1]}, "layerwise_pca": {"explained_variance": [[0.0879729762673378, 0.02767874300479889, 0.013197160325944424, 0.007179585751146078, 0.002487648045644164, 0.0005784165114164352, 0.0002633418480399996], [0.1086370050907135, 0.007958306930959225, 0.0006262673996388912, 0.0004587512230500579, 5.4967915635861786e-11, 1.2064221631139203e-20, 0.0], [0.049137961119413376, 0.0092979921028018, 0.0007883756188675761, 0.00018517245189286768, 5.9350713854655623e-05, 1.1646814177141441e-19, 0.0], [0.034272365272045135, 0.010856566950678825, 0.00020750744442921132, 5.4789528803667054e-05, 7.889323114795843e-07, 4.034031569802685e-20, 0.0], [0.0073866029269993305, 0.001961715519428253, 7.009038199612405e-06, 0.0, 0.0, 0.0, 0.0], [0.00922172237187624, 0.0022243508137762547, 3.140440821880475e-05, 2.0134884834988043e-05, 5.59360341867432e-06, 2.379989132349889e-19, 0.0], [0.02444561757147312, 0.0008197015849873424, 0.0001853218418546021, 2.991123437823262e-05, 1.7093776477850042e-05, 8.557295586797409e-06, 1.1957077918214249e-23], [0.0650438442826271, 0.0006610726704820991, 0.00023714371491223574, 0.00012901843001600355, 2.1029069102951325e-05, 2.7693370157066965e-06, 4.460964078134566e-07], [0.1473393589258194, 0.0008474356145597994, 0.0002431924076518044, 5.492527998285368e-05, 1.824537434913509e-06, 9.096131066144153e-07, 3.0063171736075146e-20], [0.33932432532310486, 0.0006993233109824359, 6.0699945606756955e-05, 5.102170234749792e-06, 8.859494187163364e-07, 5.238164568766024e-09, 6.080173514983013e-19], [0.7129353880882263, 0.0002800415677484125, 4.322340828366578e-06, 1.1398707329135505e-06, 3.872113971402112e-23, 0.0, 0.0], [0.03300517797470093]]}, "linear_probes": {"mse": [0.021306683037484783, 0.021764323910706353, 0.019211972804645365, 0.018366431681431587, 0.019198899819958645, 0.017744995330940642, 0.01703741690366197, 0.01703459113872785, 0.017056308337809648, 0.017321616783382784, 0.01746969903503504, 0.01764445453575105], "mae": [0.10716956524056422, 0.10890809876016794, 0.10035597300573164, 0.09834336300653455, 0.10225739452103194, 0.09590948773081222, 0.09136661167122984, 0.0916011395947329, 0.09180651815128239, 0.0934146234642599, 0.09386310723516203, 0.09508460438480774]}}