{"loss": 0.017337648198008537, "val_loss": 0.01777585595846176}