{"sparsity": {"nnz_weights": [88, 121, 121, 121, 121, 121, 121, 121, 121, 121, 121, 11], "total_weights": [88, 121, 121, 121, 121, 121, 121, 121, 121, 121, 121, 11], "nnz_biases": [11, 11, 10, 9, 10, 8, 9, 11, 9, 10, 8, 1], "total_biases": [11, 11, 11, 11, 11, 11, 11, 11, 11, 11, 11, 1]}, "basic_statistics": {"weight_avg": [0.06407961249351501, 0.03471602499485016, 0.019290901720523834, 0.03995116800069809, 0.00599749106913805, 0.025051293894648552, 0.010424534790217876, 0.035214077681303024, -0.010914954356849194, -0.005573848728090525, -0.05387859791517258, 0.058829788118600845], "bias_avg": [0.02254028059542179, 0.01798921637237072, 0.011288877576589584, 0.012383519671857357, 0.011384150944650173, 0.005695014726370573, 0.004568708594888449, 0.002144083147868514, 0.012778027914464474, 0.0017461772076785564, 0.005228229332715273, -0.03148343414068222]}, "layerwise_pca": {"explained_variance": [[0.07781478762626648, 0.048411957919597626, 0.01453566923737526, 0.010724876075983047, 0.0036220515612512827, 0.001176523626782, 0.0006194697925820947, 0.0004499858769122511, 0.00023425793915521353, 7.078813359839842e-05, 4.881640961684752e-06], [0.0723470002412796, 0.02427351474761963, 0.013292415998876095, 0.0036125381011515856, 0.0019949893467128277, 0.00040721631376072764, 0.00026572318165563047, 0.00014282313350122422, 0.00011293299758108333, 5.150717333890498e-05, 0.0], [0.03249651566147804, 0.02680780738592148, 0.009584068320691586, 0.001146982191130519, 0.0008274302817881107, 0.00042026391020044684, 0.000285182410152629, 8.969927876023576e-05, 6.394441879820079e-05, 1.1661459393730821e-21, 0.0], [0.02150275744497776, 0.015100684016942978, 0.007188888266682625, 0.0008626654744148254, 0.0002765648241620511, 0.0002149549691239372, 4.687162072514184e-05, 2.7791387765319087e-05, 2.4637402020744048e-05, 4.096236030080464e-18, 5.512945600894903e-23], [0.023508241400122643, 0.0050558606162667274, 0.0027361263055354357, 0.0002087779575958848, 0.0001908193080453202, 3.976442530984059e-05, 1.6330724974977784e-05, 1.0287652003171388e-05, 2.868474524575504e-08, 0.0, 0.0], [0.025906765833497047, 0.0011079671094194055, 0.0008634136174805462, 5.9211575717199594e-05, 5.539573612622917e-05, 2.2205464119906537e-05, 2.8834804766120214e-07, 8.402039412186929e-21, 2.0022746864504822e-35, 0.0, 0.0], [0.04048782214522362, 0.0007043203222565353, 0.00011565774912014604, 2.8956581445527263e-05, 1.4941602785256691e-05, 2.483170419509406e-06, 2.6956161036650883e-07, 2.7477572217549096e-08, 9.016140463833056e-18, 9.068635156982745e-23, 0.0], [0.037548378109931946, 0.00022754121164325625, 9.629849228076637e-05, 1.5150711078604218e-05, 1.1355866718076868e-06, 6.186020300447126e-07, 2.603058533168223e-07, 5.310424100457567e-08, 0.0, 0.0, 0.0], [0.03861721605062485, 0.0001929611316882074, 9.290516754845157e-05, 2.648726149345748e-05, 8.129053412631038e-07, 4.7499210609203146e-07, 4.2323371474140004e-08, 4.347542326144094e-09, 1.7842490664168675e-23, 4.100801957230231e-25, 0.0], [0.04997587203979492, 7.297947013285011e-05, 4.870448901783675e-05, 8.515109584550373e-06, 1.940649326570565e-06, 7.358557922998443e-07, 6.164610795167391e-07, 9.932065125894951e-08, 2.069310846007348e-21, 1.3470559787472685e-22, 1.4812599913962356e-26], [0.0307716503739357, 4.0381662984145805e-05, 1.1493350939417724e-05, 1.281136178477027e-06, 1.677883574302541e-07, 1.5676800302344418e-08, 1.757311687935879e-21, 1.3097710291393163e-27, 1.4707131850536112e-39, 3.1585267385881377e-42, 0.0], [0.0010266370372846723]]}, "linear_probes": {"mse": [0.024385568077291385, 0.025791199248302418, 0.02624410672593992, 0.02671450138045428, 0.028096716731405732, 0.028432051013265704, 0.028588246362782715, 0.030326578008700318, 0.030456641848168035, 0.02982467487454894, 0.03062321730783719, 0.03291572173787878], "mae": [0.11697482203262752, 0.12052665656563027, 0.12174429116258, 0.12319577302176708, 0.12649555685634248, 0.1268685805429466, 0.12749112089247788, 0.13157577749568736, 0.13169779670744577, 0.12950385410825557, 0.13251851881251175, 0.13768102073422567]}, "cca": [[1.0000000539594576, 0.6501160992504125, 0.5513956600216313, 0.4982273894193037, 0.4285113716896014, 0.37862276629188457, 0.4079420364260758, 0.36751318433431895, 0.37376845319522545, 0.35557710861419617, 0.31531327700664424], [0.6501160992504125, 1.0000000539594576, 0.5966462517171387, 0.5073097126628041, 0.4284110518779068, 0.4717248974084679, 0.48527142360417613, 0.3748885741641433, 0.38270919169112133, 0.3798990795783704, 0.40242927989147986], [0.5513956600216313, 0.5966462517171387, 0.9999997664158452, 0.5976654913392487, 0.5597020437498579, 0.4914326698888916, 0.4052870446519757, 0.45958328033046053, 0.4718396468774751, 0.47976636445996623, 0.3948034403208567], [0.4982273894193037, 0.5073098150652569, 0.5976653801909503, 0.9999993351005039, 0.4876585058979272, 0.5333760893700773, 0.4563371567006026, 0.39538397652427193, 0.4894824595622977, 0.48594619179271026, 0.4056835503886563], [0.4285112775754566, 0.4284110518779068, 0.5597020437498579, 0.4876585058979272, 0.9999996226440544, 0.60499661488608, 0.5150458935898118, 0.6043914418048902, 0.5412028600849278, 0.38889510797368776, 0.3147678062118253], [0.3786228547580363, 0.4717248974084679, 0.4914326698888916, 0.5333760893700773, 0.604996503058172, 0.9999997664158452, 0.6445551649697088, 0.6432819525733232, 0.6477593241141025, 0.4873295521536792, 0.5784817028630197], [0.4079420364260758, 0.48527152375767585, 0.4052870446519757, 0.4563371567006026, 0.5150458935898118, 0.6445551649697088, 1.0000000539594576, 0.5429896942826221, 0.6066411539544457, 0.4182728539494385, 0.5078308700931302], [0.36751318433431895, 0.3748885741641433, 0.45958328033046053, 0.39538397652427193, 0.6043914418048902, 0.6432819525733232, 0.5429896942826221, 0.9999997664158452, 0.6747495612978014, 0.4638012298132294, 0.41491438176416295], [0.37376845319522545, 0.38270919169112133, 0.4718396468774751, 0.4894824595622977, 0.5412028600849278, 0.6477593241141025, 0.6066411539544457, 0.6747495612978014, 0.9999997664158452, 0.642675208756502, 0.5932252804269328], [0.35557706574842546, 0.3798990795783704, 0.47976636445996623, 0.48594619179271026, 0.38889510797368776, 0.4873295521536792, 0.4182728539494385, 0.46380132772608557, 0.6426750934989204, 0.9999996226440544, 0.6369551960861951], [0.315313317372568, 0.40242927989147986, 0.3948034403208567, 0.4056836419616626, 0.3147678465428188, 0.5784817028630197, 0.5078308700931302, 0.41491447437312506, 0.5932253911615972, 0.6369551960861951, 0.9999996226440544]], "logs": {"loss": 0.05761422961950302, "val_loss": 0.04844105616211891}}