{"sparsity": {"nnz_weights": [88, 121, 121, 121, 121, 121, 121, 11], "total_weights": [88, 121, 121, 121, 121, 121, 121, 11], "nnz_biases": [11, 10, 11, 9, 9, 10, 11, 1], "total_biases": [11, 11, 11, 11, 11, 11, 11, 1]}, "basic_statistics": {"weight_avg": [0.03878972306847572, 0.010949566029012203, -0.036408431828022, 0.008949403651058674, 0.05462758243083954, 0.057760387659072876, 0.10047084093093872, -0.016944410279393196], "bias_avg": [0.025503186509013176, 0.00978178158402443, -0.005825909785926342, 0.017243642359972, 0.025210417807102203, 0.027952255681157112, 0.0402868315577507, 0.08557998389005661]}, "layerwise_pca": {"explained_variance": [[0.18095763027668, 0.062234703451395035, 0.01687127724289894, 0.003266207640990615, 0.002780639100819826, 0.0013490280834957957, 0.0010307952761650085, 0.0006680937949568033, 0.00020170550851617008, 6.646544352406636e-05, 5.026403869123897e-06], [0.07611493766307831, 0.0416850671172142, 0.014408770017325878, 0.004608391784131527, 0.0021382684353739023, 0.000757995992898941, 0.00044547952711582184, 0.0002552109071984887, 2.6875859475694597e-05, 2.3573629732709378e-05, 3.7560489041812935e-18], [0.03010321594774723, 0.022703075781464577, 0.01318771205842495, 0.0014041004469618201, 0.0006350551266223192, 0.0005194557597860694, 0.0003587464161682874, 9.965890785679221e-05, 4.349724701616727e-18, 2.4226106473874497e-19, 0.0], [0.030509483069181442, 0.013362688943743706, 0.0034757466055452824, 0.0008282717899419367, 0.0005673231789842248, 0.00021073925017844886, 0.00012119342864025384, 2.6302521291654557e-05, 2.545160815558419e-19, 3.3567162933018757e-21, 0.0], [0.059383802115917206, 0.00922686979174614, 0.0029556455556303263, 0.001487555680796504, 0.0002368168643442914, 0.00012673022865783423, 7.475505844922736e-05, 2.543946902733296e-05, 8.019661312296683e-19, 1.2865193381412658e-20, 1.3875167176849267e-23], [0.13295097649097443, 0.02050570584833622, 0.006527871359139681, 0.0013882429338991642, 0.0003340313851367682, 0.0001328593207290396, 9.609168046154082e-05, 5.6845194194465876e-05, 2.166782178392168e-05, 6.845787538622972e-06, 0.0], [0.5513407588005066, 0.04530811309814453, 0.0020954390056431293, 0.0012926667695865035, 0.0003019364085048437, 0.00015820772387087345, 5.5023734603310004e-05, 2.657983532117214e-05, 1.1473734048195183e-05, 4.563061793305678e-06, 4.343146137436267e-21], [0.04006054997444153]]}, "linear_probes": {"mse": [0.019946895399874865, 0.018679691426185085, 0.016054222900323215, 0.015710451807548716, 0.015124274778442401, 0.013877046175048416, 0.013729786081347901, 0.013660829825598589], "mae": [0.1036844162829802, 0.09980718524051152, 0.09038134327433862, 0.08957059437834128, 0.08699605842572597, 0.08172545155243789, 0.08142314775352938, 0.08044951217456474]}, "cca": [[1.0000000539594576, 0.5571324789054457, 0.49184507717159354, 0.4479733438632717, 0.41650878460157253, 0.3964753515075369, 0.37419786641385144], [0.55713237159229, 1.0000000539594576, 0.5453870551592828, 0.45245881260602905, 0.41960114627587264, 0.3829850513537539, 0.37364663759467476], [0.49184507717159354, 0.5453870551592828, 0.9999999101876462, 0.5544481692231991, 0.5175564327257948, 0.38367544701050477, 0.4616885278402275], [0.4479733438632717, 0.45245881260602905, 0.5544482762775312, 0.9999997664158452, 0.5341008374353723, 0.5731140856734824, 0.5557424611170528], [0.41650878460157253, 0.41960114627587264, 0.5175564327257948, 0.5341008374353723, 0.9999997664158452, 0.6250104719382225, 0.5785355042859806], [0.3964753515075369, 0.3829850513537539, 0.38367544701050477, 0.5731140856734824, 0.6250103582756775, 0.9999997664158452, 0.7130927606332204], [0.37419786641385144, 0.37364663759467476, 0.4616885278402275, 0.5557424611170528, 0.5785353949309576, 0.7130927606332204, 1.0000001977312793]], "logs": {"loss": 0.014202762395143509, "val_loss": 0.013981862924993038}}