{"sparsity": {"nnz_weights": [88, 121, 121, 11], "total_weights": [88, 121, 121, 11], "nnz_biases": [10, 10, 9, 1], "total_biases": [11, 11, 11, 1]}, "basic_statistics": {"weight_avg": [0.05964388698339462, 0.0639035552740097, -0.011337333358824253, 0.3184015154838562], "bias_avg": [0.12047681212425232, 0.06923723965883255, 0.028236834332346916, -0.0886344388127327]}, "layerwise_pca": {"explained_variance": [[0.12187068909406662, 0.056305479258298874, 0.02480016089975834, 0.006162598729133606, 0.001071132835932076, 0.0008761800709180534, 0.0007598036900162697, 0.00024809790193103254, 0.0001813231356209144, 1.741592313919682e-05, 0.0], [0.22949717938899994, 0.08394577354192734, 0.05157491937279701, 0.0021247994154691696, 0.0009855310199782252, 0.0007543577812612057, 0.00025750548229552805, 0.00016611514729447663, 4.760321098729037e-05, 4.3098684100079007e-17, 0.0], [0.4663921594619751, 0.27892568707466125, 0.017129579558968544, 0.0034198914654552937, 0.0007359866867773235, 0.00043631435255520046, 0.00013926044630352408, 1.7691684347363727e-17, 0.0, 0.0, 0.0], [0.039208680391311646]]}, "linear_probes": {"mse": [0.019528210478102947, 0.01922148119766957, 0.018964329133406954, 0.017377696587414157], "mae": [0.10086956790898388, 0.10088888358872937, 0.09813994538665353, 0.09419817533742927]}, "cca": [[0.9999999101876462, 0.8746150146372997, 0.559747220007182], [0.8746150146372997, 1.0000000539594576, 0.5535186852159975], [0.559747220007182, 0.5535186852159975, 0.9999999101876462]], "logs": {"loss": 0.016731489449739456, "val_loss": 0.017490582540631294}}