{"sparsity": {"nnz_weights": [56, 49, 49, 7], "total_weights": [56, 49, 49, 7], "nnz_biases": [5, 6, 4, 1], "total_biases": [7, 7, 7, 1]}, "basic_statistics": {"weight_avg": [-0.05352085083723068, -0.006255400367081165, -0.06802211701869965, -0.2683337330818176], "bias_avg": [0.005255469121038914, 0.004218929447233677, 0.013698821887373924, -0.04718146100640297]}, "layerwise_pca": {"explained_variance": [[0.0461486279964447, 0.011656577698886395, 0.005411248188465834, 0.000606026325840503, 0.00023903737019281834, 1.1592994187573562e-18, 7.610224809788378e-21], [0.03196673467755318, 0.0048099360428750515, 0.0010989261791110039, 2.1025582100264728e-05, 2.2963327239722275e-08, 3.914166546222336e-18, 0.0], [0.030312716960906982, 0.0012589161051437259, 4.747813363792375e-05, 3.0777175652474398e-06, 5.392535492957811e-20, 1.1029754726959215e-21, 0.0], [0.0005629398510791361]]}, "linear_probes": {"mse": [0.027015350278039682, 0.027275946806741228, 0.02648557354140053, 0.05084161794211538], "mae": [0.12196684406284568, 0.12174724038481344, 0.12073947239975606, 0.1763340932731352]}, "cca": [[0.9999995842145657, 0.6196509887366963, 0.5173375949271174], [0.6196509887366963, 1.000000124897042, 0.3661063345232561], [0.5173375949271174, 0.3661063345232561, 0.9999999446695337]], "logs": {"loss": 0.05751422047615051, "val_loss": 0.053809281438589096}}