{"sparsity": {"nnz_weights": [88, 121, 121, 121, 121, 121, 121, 11], "total_weights": [88, 121, 121, 121, 121, 121, 121, 11], "nnz_biases": [11, 10, 11, 9, 9, 10, 11, 1], "total_biases": [11, 11, 11, 11, 11, 11, 11, 1]}, "basic_statistics": {"weight_avg": [0.041368719190359116, 0.0116215068846941, -0.02364175207912922, 0.013288858346641064, 0.05338875949382782, 0.05134822428226471, 0.09883912652730942, -0.02051188424229622], "bias_avg": [0.02248147502541542, 0.013359934091567993, -0.0037999979685992002, 0.01694803684949875, 0.029218511655926704, 0.0291628185659647, 0.03967808932065964, 0.08391761034727097]}, "layerwise_pca": {"explained_variance": [[0.1691363900899887, 0.06249764934182167, 0.017196746543049812, 0.0035921838134527206, 0.0026248139329254627, 0.0012688003480434418, 0.0009299897938035429, 0.0006104792701080441, 0.0002325108798686415, 5.036590664531104e-05, 8.76282797435124e-08], [0.0719996839761734, 0.04048517346382141, 0.014452104456722736, 0.004374799318611622, 0.0019668065942823887, 0.000722419295925647, 0.00041648015030659735, 0.0002704368671402335, 1.4046838259673677e-05, 6.793572083552135e-06, 7.0953640089632185e-19], [0.030767321586608887, 0.021223196759819984, 0.012570305727422237, 0.0015138881281018257, 0.000735513458494097, 0.0005782199441455305, 0.0003597603354137391, 9.712871542433277e-05, 4.8250838929550256e-18, 1.7093627387813907e-18, 0.0], [0.03012201003730297, 0.012831198051571846, 0.00345010869204998, 0.0008179241558536887, 0.0006652792217209935, 0.00021328743605408818, 0.0001317130372626707, 1.7880094674183056e-05, 3.5478086665129064e-19, 3.246061903224085e-21, 0.0], [0.057523589581251144, 0.009833723306655884, 0.0027853259816765785, 0.0014482698170468211, 0.00022779684513807297, 0.00010503033263375983, 7.686638127779588e-05, 2.0987054085708223e-05, 1.2995342431356149e-18, 1.9884929171698948e-20, 3.3149252635098635e-24], [0.1273905336856842, 0.020243115723133087, 0.006454078480601311, 0.001420063665136695, 0.00036741505027748644, 9.735276398714632e-05, 7.581448880955577e-05, 6.225267861736938e-05, 2.1630328774335794e-05, 8.668197551742196e-06, 0.0], [0.5169187188148499, 0.04223838075995445, 0.0019965909887105227, 0.0014228990767151117, 0.0003469180373940617, 0.00015118037117645144, 4.636807716451585e-05, 2.7176865842193365e-05, 1.2970275747647975e-05, 4.679453013523016e-06, 4.160044070448557e-19], [0.037304364144802094]]}, "linear_probes": {"mse": [0.019827704519930458, 0.01860256048616595, 0.016124005377584898, 0.015644536035347333, 0.015340368207562013, 0.01416291724292722, 0.013985319196215299, 0.014121542060325482], "mae": [0.10334687346308905, 0.09947586742587262, 0.09044758146687366, 0.0894993061837664, 0.08800171467555755, 0.08294526870334624, 0.08245219269541995, 0.08248803070712765]}, "cca": [[0.9999999101876462, 0.5486951903613327, 0.49590647315217623, 0.4324707288089526, 0.42084853098607894, 0.3996297040344013, 0.37363670689505957], [0.5486951903613327, 1.0000000539594576, 0.5535771963741406, 0.44470105826919526, 0.42014408653338103, 0.38257294426644894, 0.37129762851332193], [0.4959063719071692, 0.5535771963741406, 0.9999999101876462, 0.5456255524141408, 0.5243562778219267, 0.3919635019318031, 0.4630706961861506], [0.4324707288089526, 0.44470105826919526, 0.5456254462149818, 0.9999999101876462, 0.5341383486579668, 0.5747721764899129, 0.5552955065473436], [0.42084862425494146, 0.42014408653338103, 0.5243562778219267, 0.5341383486579668, 0.9999997664158452, 0.6217391227652498, 0.5743447627828211], [0.3996297040344013, 0.38257294426644894, 0.3919635019318031, 0.5747721764899129, 0.621739009400554, 0.9999999101876462, 0.712816098986552], [0.37363670689505957, 0.37129762851332193, 0.46307059835044645, 0.5552955065473436, 0.5743447627828211, 0.712816098986552, 1.0000003415031116]], "logs": {"loss": 0.014410893432796001, "val_loss": 0.015101529657840729}}