{"sparsity": {"nnz_weights": [88, 121, 121, 121, 121, 120, 121, 11], "total_weights": [88, 121, 121, 121, 121, 121, 121, 11], "nnz_biases": [10, 11, 11, 10, 10, 11, 10, 1], "total_biases": [11, 11, 11, 11, 11, 11, 11, 1]}, "basic_statistics": {"weight_avg": [0.02148747444152832, 0.08472602069377899, 0.06195434555411339, 0.059438884258270264, -0.008817370049655437, 0.0032803805079311132, 0.08209751546382904, 0.11734449118375778], "bias_avg": [0.045343998819589615, 0.04086369276046753, 0.03765130415558815, 0.05035504326224327, 0.010280226357281208, 0.023201795294880867, 0.03404506668448448, -0.02125750482082367]}, "layerwise_pca": {"explained_variance": [[0.02965732105076313, 0.026584716513752937, 0.020431077107787132, 0.004067611880600452, 0.0012936772545799613, 0.0005910079344175756, 0.00040099589386954904, 0.00014938873937353492, 0.00013000701437704265, 2.082828177663032e-05, 1.1059887036131098e-17], [0.02733873948454857, 0.01751083880662918, 0.01333988830447197, 0.0036764596588909626, 0.0011418818030506372, 0.0007672857027500868, 0.0004594807105604559, 0.000195795510080643, 0.0001534793700557202, 5.308777326717973e-05, 7.804183042026125e-06], [0.0550154373049736, 0.021411500871181488, 0.014280282892286777, 0.002831247402355075, 0.0013224518625065684, 0.0004756176203954965, 0.00015499671280849725, 6.662278610747308e-05, 2.693691749300342e-05, 5.854843829256857e-20, 0.0], [0.10720702260732651, 0.03175763413310051, 0.011811348609626293, 0.0015249029966071248, 0.0005486978334374726, 0.0002227338991360739, 5.261215119389817e-05, 1.868091567303054e-05, 2.4798346203169785e-06, 8.207776659251961e-19, 0.0], [0.23368285596370697, 0.028652086853981018, 0.005634202156215906, 0.0007402984192594886, 0.0003226611588615924, 9.232087904820219e-05, 3.5695368296728702e-06, 1.013140572401237e-19, 2.177333242695636e-21, 6.212058600137176e-36, 0.0], [0.2624896466732025, 0.030787885189056396, 0.01025587972253561, 0.0019469112157821655, 0.0005527390749193728, 0.00036520828143693507, 0.00017896875215228647, 8.515059744240716e-05, 9.756186045706272e-06, 2.1328530692699132e-06, 2.18190858545882e-21], [0.5948605537414551, 0.03625711426138878, 0.012001368217170238, 0.0010199866956099868, 0.00039505711174570024, 0.00018140391330234706, 0.00011612383968895301, 2.9246544727357104e-05, 9.117614354181569e-06, 6.291334598480159e-21, 0.0], [0.04058431088924408]]}, "linear_probes": {"mse": [0.018055203371272883, 0.017704822921195275, 0.015880096017148786, 0.0157544879329556, 0.01611523774485968, 0.015772363639192634, 0.015701043632727948, 0.01571344570018171], "mae": [0.09666919243857709, 0.09405662364019107, 0.08888027800382718, 0.0883828765543713, 0.09012594428486274, 0.08816277893191936, 0.08764662981451966, 0.08840289231265679]}, "cca": [[0.9999996226440544, 0.727600227916417, 0.5669001749069686, 0.5774953497848453, 0.41366510263747036, 0.4626132316111218, 0.4503730019927058], [0.727600227916417, 1.0000000539594576, 0.6554410961061876, 0.6550891598097389, 0.454637556947551, 0.5233668795515573, 0.49089058385026296], [0.5669001749069686, 0.6554410961061876, 0.9999997664158452, 0.7680422655599325, 0.6616189054739617, 0.5564850321893625, 0.6003399260335052], [0.5774953497848453, 0.6550891598097389, 0.7680422655599325, 1.0000001977312793, 0.5812705270764127, 0.5539357115723802, 0.49310282163345803], [0.41366510263747036, 0.454637556947551, 0.6616190224179015, 0.5812706366896289, 0.9999997664158452, 0.7100314762965354, 0.6923984209757402], [0.46261313382375524, 0.5233668795515573, 0.5564850321893625, 0.5539356045675432, 0.7100314762965354, 0.9999997664158452, 0.7255456774607296], [0.4503730019927058, 0.49089058385026296, 0.6003399260335052, 0.4931027206750555, 0.6923984209757402, 0.7255456774607296, 0.9999997664158452]], "logs": {"loss": 0.017000382766127586, "val_loss": 0.016446752473711967}}