{"sparsity": {"nnz_weights": [24, 9, 9, 9, 9, 9, 9, 3], "total_weights": [24, 9, 9, 9, 9, 9, 9, 3], "nnz_biases": [0, 0, 0, 0, 0, 0, 0, 1], "total_biases": [3, 3, 3, 3, 3, 3, 3, 1]}, "basic_statistics": {"weight_avg": [0.0016070405254140496, 0.30922672152519226, 0.08741895109415054, -0.0010684861335903406, 0.14385083317756653, -0.3879321813583374, -0.10821313410997391, -0.4268547594547272], "bias_avg": [0.0, 0.0, 0.0, 0.0, 0.0, 0.0, 0.0, -0.43227285146713257]}, "layerwise_pca": {"explained_variance": [[0.017484407871961594, 0.004700812976807356, 0.00010891741840168834], [0.017243504524230957, 0.0005632343236356974, 4.6692150590388337e-07], [0.02200101688504219, 0.00013829750241711736, 0.0], [0.015095140784978867, 1.6244116523012053e-06, 0.0], [0.014300648123025894, 2.801801599616738e-07, 0.0], [0.0, 0.0, 0.0], [0.0, 0.0, 0.0], [8.883936719478462e-16]]}, "linear_probes": {"mse": [0.048210136082480745, 0.04705061231168391, 0.04800153328676681, 0.048001532587188527, 0.048001531396129754, 0.05890500188467392, 0.05890500188467392, 0.05890500188467392], "mae": [0.1703240419339567, 0.16846660407828662, 0.16991208949386144, 0.1699119760529962, 0.1699147725114665, 0.19317682646251982, 0.19317682646251982, 0.19317682646251982]}, "cca": [[0.9999999641035373, 0.6764470550524919, 0.6662485003130504, 0.6662470396814086, 0.6662470396814086, 0.0006097367661742256, 0.0006097367661742256], [0.6764470550524919, 0.9999998264525137, 0.6667098029182673, 0.6666667562392377, 0.6666666438476389, 0.0006462593283488721, 0.0006462593283488721], [0.6662485003130504, 0.6667098029182673, 0.9999999641035373, 0.6666676553723695, 0.6666676553723695, 0.3333436648851489, 0.3333436648851489], [0.6662470396814086, 0.6666667562392377, 0.6666676553723695, 0.9999994134994997, 0.9999995511504949, 0.33393219164471094, 0.33393219164471094], [0.6662470396814086, 0.6666666438476389, 0.6666676553723695, 0.9999995511504949, 0.9999996888014996, 0.33393219164471094, 0.33393219164471094], [0.0006097367661742256, 0.0006462593283488721, 0.3333436648851489, 0.33393219164471094, 0.33393219164471094, 0.9999999641035373, 0.9999999641035373], [0.0006097367661742256, 0.0006462593283488721, 0.3333436648851489, 0.33393219164471094, 0.33393219164471094, 0.9999999641035373, 0.9999999641035373]], "logs": {"loss": 0.05601857602596283, "val_loss": 0.05898723751306534}}