{"basic_statistics": {"weight_avg": [0.06488257646560669, 1.1727460332622286e-05, -0.016862908378243446, 0.028774749487638474, -0.010498722083866596, -0.0008401225204579532, 0.013258838094770908, 0.12922418117523193], "bias_avg": [0.029543332755565643, 0.015518688596785069, 0.06719762086868286, 0.016277458518743515, 0.03578426316380501, 0.01975187472999096, 0.0590985044836998, -0.021853007376194]}, "sparsity": {"nnz_weights": [88, 121, 121, 121, 121, 121, 121, 11], "total_weights": [88, 121, 121, 121, 121, 121, 121, 11], "nnz_biases": [10, 10, 9, 10, 7, 11, 11, 1], "total_biases": [11, 11, 11, 11, 11, 11, 11, 1]}, "layerwise_pca": {"explained_variance": [[0.09084871411323547, 0.05553280934691429, 0.008857660926878452, 0.007172337733209133, 0.002449816558510065, 0.0007270282949320972, 0.0006476297276094556, 0.0003613057197071612, 0.00012125719513278455, 6.516910798382014e-05, 1.4265846357303909e-18], [0.08236538618803024, 0.008730045519769192, 0.008070854470133781, 0.004326782654970884, 0.0011084431316703558, 0.0007600072422064841, 0.0003839154960587621, 0.0002586477203294635, 0.00013259859406389296, 2.0474387756802342e-17, 0.0], [0.03901146352291107, 0.011663609184324741, 0.004949788562953472, 0.0019295274978503585, 0.0007386926445178688, 0.0004427677486091852, 0.0001953138707904145, 0.00012662545486819, 3.068181831622496e-05, 1.930936507538673e-18, 4.833451488049518e-22], [0.022700870409607887, 0.018287817016243935, 0.0014405165566131473, 0.000971224915701896, 0.00043185349204577506, 6.0767244576709345e-05, 3.568486499716528e-05, 2.700612458284013e-05, 7.091109715675282e-19, 1.3469520712510103e-20, 4.68384079882186e-23], [0.03455904498696327, 0.013588114641606808, 0.0005060359835624695, 0.00032114190980792046, 0.0002638821315485984, 8.259029709734023e-05, 1.0162393331475284e-19, 1.4194389524022174e-22, 0.0, 0.0, 0.0], [0.11533842235803604, 0.02099975012242794, 0.001076864660717547, 0.00021035113604739308, 0.00014764323714189231, 8.24625458335504e-05, 7.52526757423766e-05, 6.784169727325207e-06, 3.226801254641032e-06, 1.0373978653888116e-07, 0.0], [0.4240412712097168, 0.02000037580728531, 0.01189438160508871, 0.002943898318335414, 0.0001912028674269095, 0.0001524255785625428, 3.669162833830342e-05, 1.042104031512281e-05, 5.900763426325284e-06, 1.11477754671796e-06, 3.233746928737275e-20], [0.04253268614411354]]}, "linear_probes": {"mse": [0.020935915746247074, 0.02012552426780071, 0.018832585197853975, 0.018719516906888996, 0.016674066870874905, 0.015467788548617075, 0.01488694417137299, 0.014809611031460983], "mae": [0.10516984750797154, 0.1026935025898912, 0.09972387628656446, 0.10132947285976038, 0.09255803005883237, 0.0877509328516136, 0.08600116139762036, 0.08589499107032464]}}