{"loss": 0.014732757583260536, "val_loss": 0.015222682617604733}