{"sparsity": {"nnz_weights": [88, 121, 121, 121, 121, 121, 121, 121, 121, 121, 121, 11], "total_weights": [88, 121, 121, 121, 121, 121, 121, 121, 121, 121, 121, 11], "nnz_biases": [11, 11, 10, 9, 10, 9, 10, 11, 9, 10, 9, 1], "total_biases": [11, 11, 11, 11, 11, 11, 11, 11, 11, 11, 11, 1]}, "basic_statistics": {"weight_avg": [0.09329735487699509, 0.034042421728372574, 0.02418609708547592, 0.043482642620801926, 0.021328791975975037, 0.019209718331694603, 0.02160247415304184, 0.04769240692257881, 0.005206020548939705, -0.005815695505589247, -0.045257799327373505, 0.12060022354125977], "bias_avg": [0.03706921637058258, 0.021950887516140938, 0.0204701479524374, 0.01736103743314743, 0.02064778096973896, 0.011531243100762367, 0.008944329805672169, 0.015099492855370045, 0.023604638874530792, 0.00743019999936223, 0.02933480218052864, 0.026394184678792953]}, "layerwise_pca": {"explained_variance": [[0.10318724811077118, 0.06571302562952042, 0.015493630431592464, 0.008640935644507408, 0.002930409274995327, 0.0014563852455466986, 0.0007058769697323442, 0.0004826982330996543, 0.0004255484091117978, 0.00033593419357202947, 0.00012846797471866012], [0.07766374945640564, 0.04267556220293045, 0.014390889555215836, 0.004682293627411127, 0.0020630578510463238, 0.0016368101350963116, 0.0004138085641898215, 0.0003122855559922755, 0.00010306157491868362, 8.146612526616082e-05, 3.937342557248332e-21], [0.05180320888757706, 0.026946481317281723, 0.01691235415637493, 0.0027538686990737915, 0.002074656542390585, 0.0004668066103477031, 0.00024988496443256736, 0.00021361712424550205, 0.0001526204723631963, 2.2971149730657098e-20, 0.0], [0.030817613005638123, 0.027953531593084335, 0.012118949554860592, 0.0029466168489307165, 0.00195305363740772, 0.0005647208308801055, 0.00019612426694948226, 0.00014400127111002803, 3.711309909704141e-05, 2.79740427008006e-18, 2.1104123924355353e-21], [0.04997828230261803, 0.024153219535946846, 0.007899886928498745, 0.001374696148559451, 0.0008690374088473618, 0.0005268317181617022, 0.00019056667224504054, 0.00015697030175942928, 2.664508658294234e-24, 0.0, 0.0], [0.07948161661624908, 0.013063023798167706, 0.004458113573491573, 0.0007617932860739529, 0.0004132657195441425, 0.00012067227362422273, 4.048561822855845e-05, 5.70373447495567e-19, 0.0, 0.0, 0.0], [0.14064639806747437, 0.025123147293925285, 0.004015738144516945, 0.0004590417956933379, 0.00021123545593582094, 0.000172938613104634, 3.256602576584555e-05, 2.1960247977403924e-05, 1.1676606845867354e-05, 1.8495036329113645e-06, 1.2731509039079298e-18], [0.19256100058555603, 0.02876397594809532, 0.006881454959511757, 0.0009211962460540235, 0.0002494656073395163, 5.912425694987178e-05, 2.5817653295234777e-05, 2.021653563133441e-05, 1.8875460227718577e-05, 0.0, 0.0], [0.22909830510616302, 0.06222159415483475, 0.0018095166888087988, 0.00041146992589347064, 0.000307931361021474, 0.0001354066771455109, 3.9257014577742666e-05, 2.2963133233133703e-05, 5.90847184867016e-06, 4.228782843975199e-20, 2.7273472011153915e-41], [0.32744264602661133, 0.08501468598842621, 0.001002885983325541, 0.000465317745693028, 0.00017769420810509473, 3.8457277696579695e-05, 1.0017100066761486e-05, 2.3707371171984836e-19, 6.509977054019642e-22, 1.3384627524450038e-35, 1.612193883205702e-41], [0.7515558004379272, 0.05012398585677147, 0.0010455832816660404, 0.00028378915158100426, 8.931283809943125e-05, 4.421832727530273e-06, 2.4498737616340804e-07, 9.402042611626719e-21, 0.0, 0.0, 0.0], [0.04309814050793648]]}, "linear_probes": {"mse": [0.019884107311984825, 0.01939908214371524, 0.018799674738360538, 0.019067450064543662, 0.01772834180236623, 0.015680038731251216, 0.015040776171334947, 0.014981201602697397, 0.014451137137466066, 0.014591177403863351, 0.01469338681399874, 0.014246109825297393], "mae": [0.10367221448839475, 0.10089789583782058, 0.10016100486279954, 0.10138491061573983, 0.09696999963406924, 0.08894343865254635, 0.08632814297162111, 0.08583987692489788, 0.08345413908211684, 0.08399641425871945, 0.08505639312614513, 0.08267807544538026]}, "cca": [[1.0000000539594576, 0.6587872208551796, 0.5686612489909635, 0.5304823318271175, 0.4850550160346643, 0.39188231603163165, 0.45028916040660183, 0.38469294471856713, 0.3691921159429977, 0.33970892035222794, 0.3162726559483595], [0.6587872208551796, 0.9999997664158452, 0.6316049725799696, 0.5353552875822888, 0.48549038383705256, 0.3759215987247909, 0.4070086847610293, 0.3505279981449844, 0.3394597544952841, 0.39862167457791675, 0.2936204043832062], [0.5686612489909635, 0.6316049725799696, 1.0000000539594576, 0.5888500567255257, 0.5173497973220833, 0.5088948075505342, 0.44959778922039234, 0.4741937002711645, 0.4674409092989332, 0.4418956722124728, 0.40761473690067035], [0.5304822271120471, 0.535355392777221, 0.5888500567255257, 0.9999996226440544, 0.5931505368864123, 0.5280929173358893, 0.47666219682469607, 0.4123401536189755, 0.3912784562172543, 0.4451940910067988, 0.4128308021625509], [0.4850550160346643, 0.48549038383705256, 0.5173497973220833, 0.5931505368864123, 0.9999999101876462, 0.6631351326664582, 0.5101326658737032, 0.501996924966265, 0.4043027990850202, 0.4621472943778299, 0.5022301206443248], [0.39188231603163165, 0.3759215987247909, 0.5088948075505342, 0.5280929173358893, 0.6631351326664582, 0.9999997664158452, 0.610053596632006, 0.5519497727909972, 0.5277631287026658, 0.55765178093142, 0.6879343480231548], [0.45028916040660183, 0.4070086847610293, 0.44959778922039234, 0.47666219682469607, 0.5101326658737032, 0.610053596632006, 0.9999999101876462, 0.6492483583788478, 0.5793411843746568, 0.509950926136262, 0.4067318218219756], [0.38469294471856713, 0.3505279981449844, 0.4741937002711645, 0.4123401536189755, 0.501996924966265, 0.5519497727909972, 0.6492483583788478, 0.9999997664158452, 0.6261091619129399, 0.46548793862572, 0.46116291214680544], [0.3691921159429977, 0.3394597544952841, 0.4674409092989332, 0.3912784562172543, 0.4043027076679922, 0.5277631287026658, 0.5793410749435153, 0.6261091619129399, 0.9999997664158452, 0.6196463605710598, 0.552744746484698], [0.33970892035222794, 0.3986215838054415, 0.4418956722124728, 0.4451940910067988, 0.4621473921159494, 0.55765178093142, 0.509950926136262, 0.46548793862572, 0.6196463605710598, 0.9999996226440544, 0.6448501122350918], [0.31627269637564576, 0.2936204043832062, 0.40761473690067035, 0.4128308021625509, 0.5022301206443248, 0.6879343480231548, 0.4067318218219756, 0.46116291214680544, 0.552744746484698, 0.6448501122350918, 0.9999996226440544]], "logs": {"loss": 0.013814369216561317, "val_loss": 0.014303863979876041}}