{"basic_statistics": {"weight_avg": [-0.02456062100827694, 0.02893972396850586, -0.33506447076797485, -0.0006104310159571469, 0.03936632350087166, -0.11066702008247375, 0.0933682918548584, 0.0832429975271225, 0.0910060703754425, -0.26168903708457947, 0.16731375455856323, -0.21402399241924286], "bias_avg": [0.0, 0.0, 0.0, 0.0, 0.0, 0.0, 0.0, 0.0, 0.0, 0.0, 0.0, -0.41832804679870605]}, "sparsity": {"nnz_weights": [24, 9, 9, 9, 9, 9, 9, 9, 9, 9, 9, 3], "total_weights": [24, 9, 9, 9, 9, 9, 9, 9, 9, 9, 9, 3], "nnz_biases": [0, 0, 0, 0, 0, 0, 0, 0, 0, 0, 0, 1], "total_biases": [3, 3, 3, 3, 3, 3, 3, 3, 3, 3, 3, 1]}, "layerwise_pca": {"explained_variance": [[0.040884435176849365, 0.01674852892756462, 0.0020202388986945152], [0.025025445967912674, 0.00038912834133952856, 0.0], [0.0, 0.0, 0.0], [0.0, 0.0, 0.0], [0.0, 0.0, 0.0], [0.0, 0.0, 0.0], [0.0, 0.0, 0.0], [0.0, 0.0, 0.0], [0.0, 0.0, 0.0], [0.0, 0.0, 0.0], [0.0, 0.0, 0.0], [8.882322062922759e-16]]}, "linear_probes": {"mse": [0.054484090293777133, 0.05707083158340949, 0.05812909680626528, 0.05812909680626528, 0.05812909680626528, 0.05812909680626528, 0.05812909680626528, 0.05812909680626528, 0.05812909680626528, 0.05812909680626528, 0.05812909680626528, 0.05812909680626476], "mae": [0.1859981476616152, 0.1905221563809026, 0.19148988145989734, 0.19148988145989734, 0.19148988145989734, 0.19148988145989734, 0.19148988145989734, 0.19148988145989734, 0.19148988145989734, 0.19148988145989734, 0.19148988145989734, 0.1914898869323199]}}