{"loss": 0.05672837048768997, "val_loss": 0.05613249912858009}