{"sparsity": {"nnz_weights": [56, 49, 49, 7], "total_weights": [56, 49, 49, 7], "nnz_biases": [5, 6, 5, 1], "total_biases": [7, 7, 7, 1]}, "basic_statistics": {"weight_avg": [-0.05064638331532478, 0.004656579811125994, -0.002678459510207176, -0.23639820516109467], "bias_avg": [0.03032444231212139, -0.001143464120104909, 0.12249080836772919, 0.2738478183746338]}, "layerwise_pca": {"explained_variance": [[0.0473361574113369, 0.02514060027897358, 0.01459873653948307, 0.0019358245190232992, 4.7783222226293636e-20, 2.1593672675318963e-20, 5.798345698713241e-37], [0.06379817426204681, 0.014771184884011745, 0.0075563774444162846, 0.00032486169948242605, 3.110357715081841e-18, 1.973896895208742e-21, 0.0], [0.24003270268440247, 0.009653011336922646, 0.0025900162290781736, 4.2845938878599554e-05, 9.516319323665812e-07, 4.432623605233449e-19, 0.0], [0.03755353391170502]]}, "linear_probes": {"mse": [0.01979677853343507, 0.018442464816327067, 0.017302513334462463, 0.01702083898476078], "mae": [0.10166786536434658, 0.0969891350066692, 0.09386981624426681, 0.09361289478232952]}, "cca": [[0.9999997644420416, 0.7205226308285546, 0.4453348087235379], [0.7205226308285546, 0.9999997644420416, 0.42755461858032057], [0.4453348087235379, 0.42755461858032057, 0.9999999446695337]], "logs": {"loss": 0.01716729626059532, "val_loss": 0.017165319994091988}}