{"sparsity": {"nnz_weights": [88, 121, 121, 121, 121, 121, 121, 11], "total_weights": [88, 121, 121, 121, 121, 121, 121, 11], "nnz_biases": [10, 11, 11, 10, 10, 11, 10, 1], "total_biases": [11, 11, 11, 11, 11, 11, 11, 1]}, "basic_statistics": {"weight_avg": [0.029330749064683914, 0.09140539914369583, 0.055579643696546555, 0.060708850622177124, -0.01134516391903162, -0.0029743791092187166, 0.09268907457590103, 0.11036551743745804], "bias_avg": [0.0370420478284359, 0.03337536007165909, 0.03621738776564598, 0.05041540786623955, 0.011096430942416191, 0.020146198570728302, 0.03506483510136604, -0.03114846535027027]}, "layerwise_pca": {"explained_variance": [[0.028825465589761734, 0.02460652031004429, 0.019692009314894676, 0.00438661640509963, 0.0018400478875264525, 0.000634911295492202, 0.0003235544718336314, 0.00014044881390873343, 0.00011568142508622259, 3.3999818697338924e-05, 1.3010972009030338e-17], [0.030877942219376564, 0.014313741587102413, 0.007759689353406429, 0.004039101768285036, 0.0014750197296962142, 0.0008215722045861185, 0.000338826299412176, 0.00022182107204571366, 0.00012863586016464978, 4.229652040521614e-05, 1.3856781151844189e-05], [0.04584424942731857, 0.026556655764579773, 0.011873616836965084, 0.0036317110061645508, 0.002130021806806326, 0.0005044788122177124, 0.00022720424749422818, 6.627981929341331e-05, 3.602231663535349e-05, 5.9443854067826864e-18, 0.0], [0.08876582980155945, 0.03960340842604637, 0.013371231965720654, 0.0017234059050679207, 0.0005623691249638796, 0.0004358536098152399, 0.00015702169912401587, 3.0206190785975195e-05, 6.088743703003274e-06, 7.554549051825345e-22, 0.0], [0.1965043693780899, 0.024173878133296967, 0.008877493441104889, 0.0010054951999336481, 0.0006675938493572176, 9.286891872761771e-05, 2.593218653146323e-07, 1.0300326784293056e-17, 7.65621694041925e-24, 4.1515021662190966e-36, 0.0], [0.23080699145793915, 0.02808191440999508, 0.009653887711465359, 0.003606496611610055, 0.0006706081330776215, 0.000409431493608281, 0.00022246358275879174, 0.0001659115223446861, 1.716749284241814e-05, 1.040045306833469e-18, 4.577137228125292e-19], [0.5824339985847473, 0.045672331005334854, 0.014737081713974476, 0.001674123341217637, 0.00045055197551846504, 0.00017702835611999035, 0.0001331263774773106, 2.220270107500255e-05, 1.2171622984169517e-05, 2.3502821022702847e-08, 0.0], [0.04065238684415817]]}, "linear_probes": {"mse": [0.017826720974257436, 0.01665894276614778, 0.015568899696775378, 0.015430755827716533, 0.015396671639625267, 0.014576796645453643, 0.014628382032297627, 0.01452230230838359], "mae": [0.09605915745843525, 0.09315213885669622, 0.08962597297390991, 0.08940125063998879, 0.08885359307403982, 0.08430470543992688, 0.08466620727156614, 0.08480989854374059]}, "cca": [[0.9999996226440544, 0.7117955012661862, 0.5661605290390732, 0.5730796922936076, 0.40243010073668406, 0.44548585789448225, 0.4629352036413417], [0.7117955012661862, 1.0000000539594576, 0.6547683796158181, 0.6529873106988372, 0.4331436990585447, 0.49421520226158316, 0.49965849512496807], [0.5661604208599339, 0.6547683796158181, 0.9999997664158452, 0.7867137520225614, 0.6327120712533346, 0.4673329862072974, 0.5564072780841798], [0.5730796922936076, 0.6529873106988372, 0.7867136245014463, 0.9999997664158452, 0.5543341622262119, 0.4746874614285885, 0.4817968308771066], [0.40243000953162, 0.4331436990585447, 0.6327120712533346, 0.5543340551828971, 0.9999993351005039, 0.5934741272974665, 0.559088257655281], [0.44548585789448225, 0.4942153033338069, 0.4673329862072974, 0.4746874614285885, 0.5934741272974665, 0.9999999101876462, 0.7188956727482657], [0.4629352036413417, 0.49965849512496807, 0.5564072780841798, 0.4817968308771066, 0.5590883651566401, 0.7188956727482657, 0.9999999101876462]], "logs": {"loss": 0.015648048371076584, "val_loss": 0.014694899320602417}}