{"sparsity": {"nnz_weights": [24, 9, 9, 9, 9, 9, 9, 3], "total_weights": [24, 9, 9, 9, 9, 9, 9, 3], "nnz_biases": [2, 3, 2, 2, 2, 1, 0, 1], "total_biases": [3, 3, 3, 3, 3, 3, 3, 1]}, "basic_statistics": {"weight_avg": [-0.07769685983657837, 0.20311792194843292, -0.1803424060344696, -0.036215830594301224, -0.10323826223611832, 0.1397736370563507, -0.15084509551525116, -0.9074820876121521], "bias_avg": [-0.03960806503891945, 0.06481686979532242, 0.12043214589357376, 0.016305530443787575, 0.028479790315032005, -0.002907063812017441, 6.814661901444197e-07, 1.9066541194915771]}, "layerwise_pca": {"explained_variance": [[0.015107030980288982, 0.002992634428665042, 0.0], [0.03326353058218956, 0.0004455215239431709, 0.0], [0.03122473694384098, 0.0014822775265201926, 0.0], [0.07999066263437271, 0.0029656945262104273, 0.0], [0.11322041600942612, 0.00033887906465679407, 0.0], [0.2783135771751404, 0.0, 0.0], [0.3601834177970886, 0.0, 0.0], [0.035916898399591446]]}, "linear_probes": {"mse": [0.020580294746907403, 0.019083641205829158, 0.017789180779997967, 0.01755586842490097, 0.01741244315027468, 0.017449724903763546, 0.017449725138948293, 0.01712838958859157], "mae": [0.10783631923847488, 0.10275230059755026, 0.09755954844502251, 0.09652933721843127, 0.09621486540072205, 0.09689624979001109, 0.09689626103085798, 0.09595159844397057]}, "cca": [[0.9999999641035373, 0.7542997058703852, 0.36849289872521257, 0.3488825145771746, 0.376458566757762, 0.33062102078290084, 0.6636917052686234], [0.7542997058703852, 0.9999999641035373, 0.6084810328138749, 0.4929437699611299, 0.5193563853724186, 0.33183540683686036, 0.6649986732795744], [0.36849289872521257, 0.6084810328138749, 0.9999995511504949, 0.9194698063130886, 0.4142102271385018, 0.6657975782801108, 0.33258091201666673], [0.3488825145771746, 0.4929437699611299, 0.9194698063130886, 0.9999998264525137, 0.3358331324914161, 0.6664736814455144, 0.33324734924480026], [0.376458566757762, 0.5193563853724186, 0.4142102271385018, 0.3358331324914161, 0.9999998264525137, 0.6667493666268882, 0.6668139973690094], [0.33062102078290084, 0.33183540683686036, 0.6657975782801108, 0.6664736814455144, 0.6667493666268882, 0.9999996888014996, 0.6667254259470496], [0.6636917052686234, 0.6649986732795744, 0.33258091201666673, 0.33324734924480026, 0.6668139973690094, 0.6667254259470496, 0.9999998264525137]], "logs": {"loss": 0.01792803220450878, "val_loss": 0.017287572845816612}}