{"sparsity": {"nnz_weights": [56, 49, 49, 7], "total_weights": [56, 49, 49, 7], "nnz_biases": [5, 6, 5, 1], "total_biases": [7, 7, 7, 1]}, "basic_statistics": {"weight_avg": [-0.06616873294115067, 0.007962754927575588, 0.00802029948681593, -0.23875579237937927], "bias_avg": [0.03582862392067909, -0.0021046209149062634, 0.13001446425914764, 0.28472837805747986]}, "layerwise_pca": {"explained_variance": [[0.05390075966715813, 0.024409214034676552, 0.012678693979978561, 0.001840261509642005, 1.2981702468550793e-07, 1.1636895971404201e-17, 8.403913493262244e-21], [0.06252510100603104, 0.01294172927737236, 0.008092833682894707, 0.00031337729888036847, 5.052790585568929e-18, 2.2596275657379774e-22, 0.0], [0.23690932989120483, 0.00847284123301506, 0.003034509252756834, 3.73104412574321e-05, 1.3553914186559268e-06, 8.850197693197262e-19, 0.0], [0.03802233561873436]]}, "linear_probes": {"mse": [0.019808156909017906, 0.01811017267194013, 0.017239626525628986, 0.016814551629184615], "mae": [0.1017880599897582, 0.09603649660688048, 0.09363907579640446, 0.09271015496732525]}, "cca": [[0.9999999446695337, 0.7116318955866063, 0.43650409695056525], [0.7116318955866063, 0.9999999446695337, 0.4292311529685143], [0.43650409695056525, 0.4292311529685143, 0.9999999446695337]], "logs": {"loss": 0.0169600211083889, "val_loss": 0.016933156177401543}}