{"basic_statistics": {"weight_avg": [0.01945892535150051, -0.061085596680641174, -0.09599903970956802, -0.41593417525291443], "bias_avg": [0.13912078738212585, -0.04119999334216118, -0.023523539304733276, 1.120172142982483]}, "sparsity": {"nnz_weights": [24, 9, 9, 3], "total_weights": [24, 9, 9, 3], "nnz_biases": [3, 2, 1, 1], "total_biases": [3, 3, 3, 1]}, "layerwise_pca": {"explained_variance": [[0.032645877450704575, 0.00401730090379715, 1.357438122795429e-05], [0.1790771782398224, 1.0275578461005352e-05, 0.0], [0.5683478713035583, 0.0, 0.0], [0.03184959292411804]]}, "linear_probes": {"mse": [0.019455075418187636, 0.02042231363690916, 0.020724369568312116, 0.019215186420018664], "mae": [0.10255620013653662, 0.1084565091396276, 0.10936720238411449, 0.10311646343026876]}}