{"loss": 0.020061826333403587, "val_loss": 0.01855647750198841}