{"basic_statistics": {"weight_avg": [-0.025516672059893608, 0.06358815729618073, 0.0061196694150567055, 0.009646098129451275, -0.043580956757068634, -0.015792900696396828, 0.05474378168582916, 0.05334767326712608, 0.06121549382805824, 0.013450343161821365, 0.04792199656367302, -0.16685985028743744], "bias_avg": [0.041172776371240616, 0.003156913910061121, -0.0011669566156342626, 0.009760208427906036, 0.009861485101282597, 0.02016535960137844, 0.011592420749366283, 0.013774535618722439, 0.016775013878941536, 0.020356299355626106, 0.03886290639638901, 1.0582427978515625]}, "sparsity": {"nnz_weights": [88, 121, 121, 121, 121, 121, 121, 121, 121, 121, 121, 11], "total_weights": [88, 121, 121, 121, 121, 121, 121, 121, 121, 121, 121, 11], "nnz_biases": [11, 11, 10, 10, 10, 11, 11, 10, 11, 9, 11, 1], "total_biases": [11, 11, 11, 11, 11, 11, 11, 11, 11, 11, 11, 1]}, "layerwise_pca": {"explained_variance": [[0.05650617182254791, 0.016243698075413704, 0.005897352006286383, 0.004923611879348755, 0.0014515591319650412, 0.0008527211030013859, 0.0004494058957789093, 0.00015835919475648552, 8.190948574338108e-05, 7.376488065347075e-05, 8.730654371902347e-06], [0.024402251467108727, 0.010162007994949818, 0.004161234945058823, 0.002641805913299322, 0.001482951338402927, 0.0006468956125900149, 0.0003430111682973802, 0.00021670568094123155, 0.00017357092292513698, 6.068228685762733e-05, 4.665301094064489e-05], [0.014847751706838608, 0.00732327438890934, 0.0034040322061628103, 0.0019221223192289472, 0.0007548139546997845, 0.00030895162490196526, 0.00027647928800433874, 8.382760279346257e-05, 1.2260326911928132e-05, 3.724397768620141e-19, 5.2940224237788776e-27], [0.006465218495577574, 0.00538087822496891, 0.0016025742515921593, 0.0010477121686562896, 0.00021348967857193202, 0.0001886857207864523, 0.00011787614494096488, 4.3619158532237634e-05, 5.10444169776747e-06, 3.4516137651275835e-18, 3.936366742619461e-21], [0.008764352649450302, 0.0029479360673576593, 0.0006036321283318102, 7.425451622111723e-05, 6.490590749308467e-05, 3.756962178158574e-05, 1.6812002286314964e-05, 2.12084927397882e-08, 3.2363358748075952e-19, 1.9057867179613495e-35, 0.0], [0.015458931215107441, 0.0005202149040997028, 0.0002929836045950651, 0.00018652479047887027, 8.070024341577664e-05, 2.6029410946648568e-05, 1.9765937395277433e-05, 1.6343248717021197e-05, 8.150461326295044e-06, 3.4874847187893465e-06, 7.407541455152848e-19], [0.03223242610692978, 0.0005377880879677832, 0.0003427799674682319, 0.00021409179316833615, 0.00013444221985992044, 2.2056907255318947e-05, 1.5871393770794384e-05, 7.2552279561932664e-06, 1.8108786434822832e-06, 5.157676716271986e-11, 7.382992156288952e-20], [0.08924956619739532, 0.0005219366867095232, 0.00015145394718274474, 6.513772677863017e-05, 1.834869362937752e-05, 6.870895049360115e-06, 2.670600906640175e-06, 1.8878491800933261e-06, 0.0, 0.0, 0.0], [0.1938319355249405, 0.0019202245166525245, 0.00011134478700114414, 2.6667154088499956e-05, 1.3389620107773226e-05, 3.7601359963446157e-06, 1.560328996674798e-06, 5.231016757534235e-07, 1.7130561502654018e-07, 1.508987160701541e-22, 0.0], [0.3346119523048401, 0.01052476279437542, 0.0008683191263116896, 1.4578352420357987e-05, 7.698018634982873e-06, 6.8319377533043735e-06, 5.056747340859147e-07, 2.634993534810473e-20, 2.3256389414158924e-22, 0.0, 0.0], [0.41009289026260376, 0.04393204301595688, 0.00029381323838606477, 0.00010206938168266788, 2.3763050194247626e-05, 4.702866135630757e-06, 1.7585239220352378e-06, 2.727383900946734e-07, 1.0655062254727454e-07, 4.331150806863898e-21, 1.0284194586152402e-21], [0.04234505817294121]]}, "linear_probes": {"mse": [0.02036881157161524, 0.018266893036299765, 0.017550604076436757, 0.016253361041191915, 0.015583502802853621, 0.014608867008040694, 0.014567746789217519, 0.014797426218702317, 0.014472093264256131, 0.01445020728072368, 0.014346157453730453, 0.014387437678992898], "mae": [0.1040403443081484, 0.0973164325031121, 0.09576836128950836, 0.09036641299780548, 0.08785319431145795, 0.0841254378862469, 0.08404597315507623, 0.08464939022915251, 0.08326878932306261, 0.08305781466877508, 0.08294407788996568, 0.083558614551177]}}