{"loss": 0.01494685560464859, "val_loss": 0.014020639471709728}