{"basic_statistics": {"weight_avg": [0.018451202660799026, -0.06210655719041824, -0.11440197378396988, -0.3768746852874756], "bias_avg": [0.1424211710691452, -0.03803102299571037, -0.013613139279186726, 0.5840815901756287]}, "sparsity": {"nnz_weights": [24, 9, 9, 3], "total_weights": [24, 9, 9, 3], "nnz_biases": [3, 2, 1, 1], "total_biases": [3, 3, 3, 1]}, "layerwise_pca": {"explained_variance": [[0.04512941464781761, 0.006319604814052582, 4.693322625826113e-05], [0.19288301467895508, 1.9516461179591715e-05, 0.0], [0.527045726776123, 0.0, 0.0], [0.024011606350541115]]}, "linear_probes": {"mse": [0.021235368752717778, 0.02335577297655711, 0.02384523461919708, 0.02221245553232635], "mae": [0.10749638183636494, 0.11553101278466986, 0.11694483391874612, 0.11089708820226012]}}