{"loss": 0.024028033018112183, "val_loss": 0.022274021059274673}