{"basic_statistics": {"weight_avg": [0.047956373542547226, 0.017790518701076508, 0.027182795107364655, -0.049691736698150635, -0.0727914348244667, 0.15290148556232452, 0.042603012174367905, 0.12555161118507385], "bias_avg": [0.048146918416023254, 0.007390916813164949, -0.013868069276213646, -0.0009387347381561995, 0.04397105798125267, 0.02385091595351696, 0.04198937490582466, 0.06657115370035172]}, "sparsity": {"nnz_weights": [88, 121, 121, 121, 121, 121, 121, 11], "total_weights": [88, 121, 121, 121, 121, 121, 121, 11], "nnz_biases": [10, 8, 9, 9, 11, 11, 10, 1], "total_biases": [11, 11, 11, 11, 11, 11, 11, 1]}, "layerwise_pca": {"explained_variance": [[0.09837601333856583, 0.041442181915044785, 0.012303938157856464, 0.0038100318051874638, 0.0029272029642015696, 0.001957881962880492, 0.0010951589792966843, 0.0009241669904440641, 0.00022409101075027138, 3.312680928502232e-05, 0.0], [0.03867886960506439, 0.02650206722319126, 0.015895897522568703, 0.0057536885142326355, 0.001996284816414118, 0.0006077763973735273, 0.0003811572096310556, 0.0002207488869316876, 1.283597791147691e-20, 0.0, 0.0], [0.0658271387219429, 0.02016284130513668, 0.009176836349070072, 0.001068229554221034, 0.0005939873517490923, 0.0001267280604224652, 9.644985402701423e-05, 1.3677646165888291e-05, 1.4417930750752143e-18, 1.6934825665790696e-21, 0.0], [0.12844932079315186, 0.013084907084703445, 0.0015074254479259253, 0.0007541243685409427, 0.00032383663346990943, 5.61513879802078e-05, 8.325308167550207e-18, 9.552853631607762e-20, 6.2819980194591975e-22, 2.171965136447164e-33, 1.4150592600860376e-36], [0.15465465188026428, 0.0155730489641428, 0.002538152737542987, 0.0010040305787697434, 0.0005591855733655393, 0.00020152083016000688, 0.00010091871808981523, 2.5376628400408663e-05, 1.5784688002895564e-05, 5.015512036903002e-18, 1.4516063524670763e-21], [0.31777843832969666, 0.03509329631924629, 0.007666875142604113, 0.0006897955317981541, 0.0003932955441996455, 0.0003288605366833508, 6.42278537270613e-05, 4.215181888866937e-06, 8.816929729731298e-18, 7.032014898738728e-20, 0.0], [0.8249983787536621, 0.08536582440137863, 0.008537388406693935, 0.0007834014249965549, 0.000490490929223597, 0.00023716820578556508, 0.0001276664697797969, 7.384557102341205e-05, 1.1855664524773601e-05, 5.329740367561532e-21, 0.0], [0.04026307165622711]]}, "linear_probes": {"mse": [0.021387246768640362, 0.021452790090525586, 0.01877827309398232, 0.018706581400558062, 0.0159174400408773, 0.015920946119327054, 0.015447930098391589, 0.015157533627120717], "mae": [0.10602726906184702, 0.10674978815752083, 0.09763347487896602, 0.09968559945392623, 0.08793415386162987, 0.0875720933901384, 0.08548640925059443, 0.08438223808362484]}}