{"loss": 0.013973040506243706, "val_loss": 0.0154885808005929}