{"basic_statistics": {"weight_avg": [0.08796001225709915, 0.039032112807035446, 0.029992535710334778, 0.2079622894525528, 0.02101377584040165, 0.061773188412189484, 0.039860062301158905, -0.1426336020231247], "bias_avg": [0.10504471510648727, 0.036989856511354446, 0.052309103310108185, 0.02279888093471527, 0.08804834634065628, 0.0785389095544815, 0.04707035794854164, 0.1152142733335495]}, "sparsity": {"nnz_weights": [56, 49, 49, 49, 49, 49, 49, 7], "total_weights": [56, 49, 49, 49, 49, 49, 49, 7], "nnz_biases": [7, 7, 7, 7, 5, 5, 6, 1], "total_biases": [7, 7, 7, 7, 7, 7, 7, 1]}, "layerwise_pca": {"explained_variance": [[0.05189460515975952, 0.025646090507507324, 0.013456893153488636, 0.005988964345306158, 0.0003563211648724973, 0.00014340308553073555, 1.8423240533138596e-07], [0.027762925252318382, 0.012816769070923328, 0.009089228697121143, 0.0024044145829975605, 0.000997781753540039, 0.0001364201307296753, 9.097090426529027e-19], [0.04553171247243881, 0.024537255987524986, 0.015935717150568962, 0.0001812830741982907, 0.00010591770842438564, 4.913078009849414e-05, 2.6533438358455896e-05], [0.16799132525920868, 0.02469448931515217, 0.017322026193141937, 0.000599599617999047, 0.00018734140030574054, 9.005336323752999e-05, 1.688890188233927e-05], [0.31707099080085754, 0.023722434416413307, 0.007560409605503082, 0.005786806344985962, 0.000549878051970154, 1.5235472641217396e-19, 4.958349358781007e-20], [0.4537561237812042, 0.0565139576792717, 0.0075704120099544525, 0.002139729680493474, 3.782910789595917e-05, 1.2240212352083787e-18, 4.0996286887446306e-21], [0.8073464035987854, 0.09869952499866486, 0.0013236424420028925, 0.0002916936355177313, 5.190340629833025e-17, 0.0, 0.0], [0.036833275109529495]]}, "linear_probes": {"mse": [0.019180398730927174, 0.01854926469680046, 0.018378731273262307, 0.018102710879122293, 0.01649106177998216, 0.01677098796381047, 0.0167504335106312, 0.016100237525502804], "mae": [0.10237639586192974, 0.10000173212550621, 0.09984940970030355, 0.09882125561893981, 0.09195108076070913, 0.09260462040376133, 0.09274426474758103, 0.08979721970512258]}}