{"loss": 0.01669968105852604, "val_loss": 0.016824105754494667}