{"sparsity": {"nnz_weights": [56, 49, 49, 49, 49, 49, 49, 7], "total_weights": [56, 49, 49, 49, 49, 49, 49, 7], "nnz_biases": [6, 5, 4, 6, 3, 5, 2, 1], "total_biases": [7, 7, 7, 7, 7, 7, 7, 1]}, "basic_statistics": {"weight_avg": [-0.010644206777215004, 0.07601282000541687, -0.02587735466659069, 0.011527208611369133, -0.055740416049957275, -0.02485782466828823, -0.03516218066215515, 0.38992172479629517], "bias_avg": [-0.008463232778012753, -0.001880924915894866, -0.005212277173995972, -0.0018877525581046939, -0.002524428768083453, -0.002919017104431987, -0.0046998062171041965, -0.42349469661712646]}, "layerwise_pca": {"explained_variance": [[0.026240486651659012, 0.014005681499838829, 0.0015044298488646746, 0.0004289819044061005, 0.00015552656259387732, 1.2629195225599688e-05, 0.0], [0.006297833751887083, 0.005147132091224194, 0.0005017319926992059, 8.84887995198369e-05, 1.4377537809195928e-06, 1.4463495290328865e-08, 0.0], [0.005491753574460745, 0.000849200994707644, 0.00013974397734273225, 2.1743911929661408e-05, 3.6884650428108375e-19, 4.268907233928337e-39, 0.0], [0.001990216551348567, 0.0004816679866053164, 8.670604438520968e-05, 2.512609717086889e-05, 3.3269225241383538e-06, 6.930828533313615e-08, 3.9546755226538186e-23], [0.00028848793590441346, 4.7798992454772815e-05, 7.082684533088468e-06, 6.107914884978527e-08, 3.1669927125221875e-08, 4.2618810702776955e-09, 3.6934291736123726e-10], [7.366381032625213e-05, 3.3315849577775225e-05, 3.0154208161548013e-06, 4.1906889691745164e-07, 1.0998497224079529e-08, 2.0790183032497337e-20, 0.0], [0.0, 0.0, 0.0, 0.0, 0.0, 0.0, 0.0], [3.553574687791385e-15]]}, "linear_probes": {"mse": [0.027941482238186044, 0.028603357480312397, 0.03554963883542346, 0.04265532974606274, 0.045640776528189035, 0.04517987841068244, 0.055873784336270375, 0.055873784336270375], "mae": [0.1259178057637695, 0.12864495765549114, 0.1464837157861443, 0.1615143825214823, 0.16616803166431332, 0.16420045980972545, 0.18530244595895137, 0.18530244595895137]}, "cca": [[0.9999999446695337, 0.5695001006649575, 0.4349991756754617, 0.41414857062786076, 0.26339813331175727, 0.38631472707045794, 0.14358346928709612], [0.5695001006649575, 0.9999995842145657, 0.5219924298788945, 0.4492598955423302, 0.3024401889859344, 0.26886306764824447, 0.14344961296579584], [0.43499911624141824, 0.5219923647725722, 0.9999994039871061, 0.47428551562604426, 0.3018610878135795, 0.2759374001647095, 0.42886483706391637], [0.41414857062786076, 0.4492598955423302, 0.47428551562604426, 0.9999995842145657, 0.35051905643229225, 0.28946621498010927, 0.14320595754548396], [0.26339813331175727, 0.3024401889859344, 0.3018610878135795, 0.35051910978382594, 0.9999999446695337, 0.36116214030495947, 0.0003695404923018695], [0.38631472707045794, 0.26886306764824447, 0.2759374001647095, 0.28946626346317067, 0.36116208614950956, 1.000000124897042, 0.2859304458429587], [0.14358346928709612, 0.14344961296579584, 0.42886483706391637, 0.14320595754548396, 0.0003695404923018695, 0.2859304458429587, 0.9999999446695337]], "logs": {"loss": 0.05678807571530342, "val_loss": 0.05588895455002785}}