{"sparsity": {"nnz_weights": [56, 49, 49, 49, 49, 49, 49, 49, 49, 49, 49, 7], "total_weights": [56, 49, 49, 49, 49, 49, 49, 49, 49, 49, 49, 7], "nnz_biases": [7, 7, 7, 6, 7, 7, 6, 7, 4, 6, 6, 1], "total_biases": [7, 7, 7, 7, 7, 7, 7, 7, 7, 7, 7, 1]}, "basic_statistics": {"weight_avg": [0.06787090748548508, 0.023106759414076805, 0.0627158135175705, -0.0987439677119255, 0.048852190375328064, 0.13148926198482513, 0.0436505526304245, 0.012026901356875896, -0.09776180982589722, 0.062496691942214966, 0.04891921207308769, 0.17413756251335144], "bias_avg": [0.03806007280945778, 0.005920437164604664, 0.03768229857087135, 0.01890633814036846, 0.03918490931391716, 0.036936815828084946, 0.03112742491066456, -0.01342118252068758, 0.03645942732691765, 0.13065075874328613, 0.006822157185524702, 0.09826068580150604]}, "layerwise_pca": {"explained_variance": [[0.09292886406183243, 0.01344686932861805, 0.007899846881628036, 0.0030399300158023834, 0.0009109213715419173, 0.0004406183143146336, 0.00020178771228529513], [0.03568491339683533, 0.01297847367823124, 0.004053046461194754, 0.0018915514228865504, 0.0007653681677766144, 7.991547317942604e-05, 3.1768111512064934e-05], [0.023489661514759064, 0.010703740641474724, 0.0018983437912538648, 0.0009355144575238228, 0.00024070187646429986, 0.0, 0.0], [0.028558626770973206, 0.0037407870404422283, 0.0010166836436837912, 5.221176252234727e-05, 6.912214550736095e-11, 0.0, 0.0], [0.025698337703943253, 0.00348866474814713, 0.0009762397967278957, 8.35066930449102e-06, 2.1149078293092316e-06, 0.0, 0.0], [0.05909447744488716, 0.0043817851692438126, 0.0010586827993392944, 0.0005159932188689709, 1.219045134348562e-05, 2.7130727175972424e-06, 1.6084057865013118e-30], [0.1554962694644928, 0.0018718239152804017, 0.001468665897846222, 0.00011901460675289854, 1.954350773303304e-05, 5.1229977210051266e-20, 0.0], [0.4975581169128418, 0.0024540279991924763, 0.00044018938206136227, 5.4648811783408746e-05, 3.415807805140503e-05, 3.247839774900285e-10, 0.0], [0.4875439405441284, 0.0007500965148210526, 2.852638135664165e-05, 4.244173250130087e-19, 1.0958529548677641e-21, 0.0, 0.0], [0.687322735786438, 0.0004381172766443342, 3.113338607363403e-05, 1.23902266224718e-08, 1.4640309797808726e-10, 2.1193714711269414e-14, 2.4207600892608037e-19], [1.1219233274459839, 5.3005525842309e-05, 2.545936695241835e-05, 2.948666519841936e-07, 9.34223720605587e-08, 6.102173417349627e-20, 4.893540064496597e-24], [0.036653801798820496]]}, "linear_probes": {"mse": [0.02127448045809109, 0.01933194627440667, 0.018859123140798587, 0.018481428528741493, 0.017941015525538714, 0.017485550108152545, 0.017020530937480002, 0.01694492751244694, 0.017167984581058997, 0.017165427483209452, 0.017065450868123576, 0.016860909146787676], "mae": [0.10810509767844179, 0.10066976588464883, 0.0986606133296385, 0.09756910889245361, 0.09500355464943107, 0.09344936602628198, 0.09129382720259567, 0.09085940028670088, 0.09182330648592671, 0.09170982452879729, 0.09194222618381817, 0.09094646932856688]}, "cca": [[1.000000124897042, 0.8075812630759499, 0.5375468993710412, 0.4368486446404144, 0.5546609136548426, 0.5954232960948583, 0.528121325227346, 0.4303274329868166, 0.34586782442773006, 0.3794915773371242, 0.37102946856753605], [0.8075812630759499, 0.9999999446695337, 0.5915922542704541, 0.43791757052170915, 0.5555821495227795, 0.5994337175030263, 0.5344376317452851, 0.43487799809697336, 0.3601421936208616, 0.3940404434097725, 0.3851373536278991], [0.5375469654402748, 0.5915921156484144, 0.9999999446695337, 0.5967684462851334, 0.6655716626851894, 0.5628260138649941, 0.6634239045943835, 0.4149375231713829, 0.6423543109797915, 0.3882326265353007, 0.38223646198675404], [0.4368485850801583, 0.43791751088862846, 0.5967684462851334, 1.0000004853521074, 0.6698383548512409, 0.6285506678149773, 0.44136671481290285, 0.6147983125473664, 0.4343764110648201, 0.32962012592179235, 0.3132075887197244], [0.5546609136548426, 0.5555820823543485, 0.6655715156509571, 0.6698383548512409, 0.9999995842145657, 0.7814991110733445, 0.7123308283361374, 0.6318920682703931, 0.5089606903752042, 0.3986498395482353, 0.3829893488683232], [0.5954232960948583, 0.5994337175030263, 0.5628260814698933, 0.6285506678149773, 0.7814992703988618, 0.9999997644420416, 0.6706026474733205, 0.7629542325275988, 0.40951625224443183, 0.5261619939096838, 0.508974126757382], [0.528121390714775, 0.5344376317452851, 0.6634239045943835, 0.44136671481290285, 0.7123308283361374, 0.6706026474733205, 1.000000124897042, 0.540230073420519, 0.532626801997044, 0.46575954335919995, 0.5978089263792624], [0.43032749210085186, 0.43487799809697336, 0.4149375231713829, 0.6147983125473664, 0.6318920682703931, 0.7629542325275988, 0.540230073420519, 0.9999995842145657, 0.41064354996914126, 0.5105961511056246, 0.49168621482389036], [0.3458678774241061, 0.3601421936208616, 0.6423543109797915, 0.4343764704563081, 0.5089606260867205, 0.40951625224443183, 0.532626801997044, 0.410643492222921, 0.9999994039871061, 0.5715492857237418, 0.5693815749000534], [0.3794915773371242, 0.3940403868429923, 0.3882326265353007, 0.3296201776584005, 0.3986498395482353, 0.5261619939096838, 0.46575960485875456, 0.5105961511056246, 0.5715492857237418, 1.000000124897042, 0.6731864614339754], [0.37102946856753605, 0.3851373536278991, 0.38223646198675404, 0.3132075382876077, 0.3829893488683232, 0.508974126757382, 0.5978087870307799, 0.49168621482389036, 0.5693815749000534, 0.6731864614339754, 1.000000124897042]], "logs": {"loss": 0.016399433836340904, "val_loss": 0.016974005848169327}}