{"basic_statistics": {"weight_avg": [0.015113105066120625, 0.0489395447075367, 0.13607938587665558, -0.219879150390625, 0.3039460778236389, 0.08449045568704605, 0.2687482535839081, 0.09829971194267273, -0.11601773649454117, 0.13100463151931763, 0.1970861256122589, 0.7942593693733215], "bias_avg": [0.0, 0.0, 0.0, 0.0, 0.0, 0.0, 0.0, 0.0, 0.0, 0.0, 0.0, -0.4220970571041107]}, "sparsity": {"nnz_weights": [24, 9, 9, 9, 9, 9, 9, 9, 9, 9, 9, 3], "total_weights": [24, 9, 9, 9, 9, 9, 9, 9, 9, 9, 9, 3], "nnz_biases": [0, 0, 0, 0, 0, 0, 0, 0, 0, 0, 0, 1], "total_biases": [3, 3, 3, 3, 3, 3, 3, 3, 3, 3, 3, 1]}, "layerwise_pca": {"explained_variance": [[0.016104113310575485, 0.0063345786184072495, 0.0], [0.0009070218657143414, 9.483256872044876e-05, 0.0], [8.580494613852352e-05, 8.112852810882032e-06, 0.0], [5.931829218752682e-05, 1.4564108141712495e-06, 2.872020055876375e-16], [4.9446429329691455e-05, 5.163651053408103e-07, 2.3948418943710725e-17], [2.3875158149166964e-05, 1.4687090085785393e-11, 0.0], [1.668140248511918e-05, 1.1358419413354248e-11, 2.1129755676938715e-16], [0.0, 0.0, 0.0], [0.0, 0.0, 0.0], [0.0, 0.0, 0.0], [0.0, 0.0, 0.0], [3.5529288251691035e-15]]}, "linear_probes": {"mse": [0.04733102934808661, 0.04851271536227033, 0.04838755575190242, 0.04838767159925722, 0.04838590320646417, 0.04838756814634944, 0.048387556243392305, 0.057354667682228855, 0.057354667682228855, 0.057354667682228855, 0.057354667682228855, 0.05735466768222818], "mae": [0.17002746369560082, 0.17266823030511874, 0.17250845795879466, 0.17254483109765556, 0.172442507871461, 0.17252084376571536, 0.17250228930762393, 0.18978031169124768, 0.18978031169124768, 0.18978031169124768, 0.18978031169124768, 0.1897803176546]}}