{"loss": 0.05640614777803421, "val_loss": 0.05742679908871651}