{"basic_statistics": {"weight_avg": [0.019263863563537598, 0.022800030186772346, 0.047666285187006, -0.08038734644651413, -0.017905710265040398, 0.11932509392499924, 0.007247626781463623, 0.04939120635390282, 0.15601418912410736, 0.11863510310649872, 0.041531309485435486, -0.12398926168680191], "bias_avg": [-0.013953919522464275, -0.026780378073453903, 0.049554724246263504, 0.002357069170102477, 0.033335018903017044, 0.005757174454629421, 0.009519870392978191, 0.03151887282729149, 0.0099543621763587, 0.007277841214090586, 0.06864611059427261, -0.07927683740854263]}, "sparsity": {"nnz_weights": [56, 49, 49, 49, 49, 49, 49, 49, 49, 49, 49, 7], "total_weights": [56, 49, 49, 49, 49, 49, 49, 49, 49, 49, 49, 7], "nnz_biases": [6, 5, 6, 6, 7, 6, 6, 7, 7, 7, 6, 1], "total_biases": [7, 7, 7, 7, 7, 7, 7, 7, 7, 7, 7, 1]}, "layerwise_pca": {"explained_variance": [[0.04744213446974754, 0.03303799033164978, 0.013151824474334717, 0.0031438444275408983, 0.00207008165307343, 1.100066856452031e-05, 0.0], [0.06495822966098785, 0.02468518353998661, 0.0046273223124444485, 0.0007900729542598128, 1.177262705584105e-19, 0.0, 0.0], [0.04869851469993591, 0.005201389547437429, 0.0014786591054871678, 0.0006008597556501627, 0.0001661816640989855, 0.00010430425027152523, 5.0892781556988e-20], [0.013715596869587898, 0.0019356509437784553, 0.0005860189558006823, 8.660305320518091e-05, 9.16626712756653e-18, 0.0, 0.0], [0.012608171440660954, 0.0004652613715734333, 0.0002035431971307844, 1.2151501323387492e-05, 2.495329681551084e-06, 7.000841498755416e-21, 0.0], [0.02832677587866783, 0.0007071022992022336, 5.435455750557594e-05, 8.151499741870794e-07, 4.630361583028648e-21, 1.2286574665918071e-24, 9.64132983386433e-37], [0.03915408253669739, 0.0006765759899280965, 1.154076471721055e-06, 1.4935587615918187e-18, 2.3940108413577182e-22, 0.0, 0.0], [0.0470304861664772, 0.0008293126593343914, 0.0004693215014412999, 4.5518510887632146e-05, 4.7332142116829345e-07, 3.6593648111704624e-09, 0.0], [0.09596987068653107, 0.0022899233736097813, 0.0007765234331600368, 8.640065061626956e-06, 9.272998795495369e-07, 7.565477117459129e-19, 0.0], [0.2740755081176758, 0.005351135972887278, 0.0012139574391767383, 1.1331710084050428e-05, 4.806757260666927e-06, 1.137567210207635e-06, 0.0], [1.0165324211120605, 0.03204556182026863, 0.004359065555036068, 0.0008824582328088582, 4.0774022636469454e-05, 1.670641335095578e-20, 0.0], [0.0362689271569252]]}, "linear_probes": {"mse": [0.021007635882710117, 0.020971798303055757, 0.019351963515824157, 0.01911904747105965, 0.018984734460654004, 0.019033034708190254, 0.01903452775539297, 0.017986898779388298, 0.017447725531248418, 0.017089483914336047, 0.017007670209767674, 0.01695322386241689], "mae": [0.1047977750923946, 0.10463880539922131, 0.09803710471726819, 0.09677918596426179, 0.09598950292806899, 0.09617728215487353, 0.0961847489925078, 0.0935003491300328, 0.09192773033745633, 0.09098556823846471, 0.08998736205086715, 0.08988730108867793]}}