{"loss": 0.01765168458223343, "val_loss": 0.016732849180698395}