{"sparsity": {"nnz_weights": [56, 49, 49, 49, 49, 49, 49, 49, 49, 49, 49, 7], "total_weights": [56, 49, 49, 49, 49, 49, 49, 49, 49, 49, 49, 7], "nnz_biases": [7, 5, 7, 7, 5, 7, 6, 5, 5, 7, 6, 1], "total_biases": [7, 7, 7, 7, 7, 7, 7, 7, 7, 7, 7, 1]}, "basic_statistics": {"weight_avg": [0.05430912971496582, 0.10926967859268188, 0.003549254033714533, 0.13381651043891907, -0.06914138793945312, -0.036613430827856064, -0.0647902712225914, -0.020751049742102623, -0.08184314519166946, 0.06419460475444794, 0.023914748802781105, -0.23602011799812317], "bias_avg": [0.002985946601256728, 0.009290045127272606, 0.02475879155099392, -0.025969162583351135, 0.03917974978685379, 0.0007448287797160447, 0.021910805255174637, 0.006222379393875599, 0.02223353087902069, 0.012821112759411335, 0.0023117961827665567, 1.8405728340148926]}, "layerwise_pca": {"explained_variance": [[0.0691448375582695, 0.02825247496366501, 0.01385442540049553, 0.0028284939471632242, 0.0010048453696072102, 0.0003432865487411618, 7.937310897432326e-07], [0.06199788674712181, 0.0260270107537508, 0.01605810411274433, 0.0022117968183010817, 0.0003512209514155984, 9.160876391514522e-18, 1.6386014957323595e-19], [0.03640393540263176, 0.010603546164929867, 0.0015415033558383584, 0.0004798381414730102, 0.000273151759756729, 3.440172804403119e-05, 6.215568408661996e-21], [0.05601655691862106, 0.004155346192419529, 0.0010865265503525734, 0.00036252307472750545, 6.728673906764016e-05, 5.470745236380026e-05, 3.1110180120058116e-19], [0.043914780020713806, 0.002787172794342041, 0.0008004747796803713, 0.00027787056751549244, 0.00011651504610199481, 1.2687890367506827e-21, 0.0], [0.07431164383888245, 0.0015407431637868285, 0.00038833823055028915, 0.0002145976322935894, 5.8708523283712566e-05, 6.106770732097832e-20, 0.0], [0.10447841882705688, 0.0037976556923240423, 0.0007109864382073283, 0.00016295979730784893, 5.216464342083782e-05, 4.233634172123857e-06, 2.2390279916950207e-20], [0.16981671750545502, 0.00045237940503284335, 8.531915955245495e-05, 5.87155191169586e-05, 1.773961412254721e-05, 8.746650190142108e-19, 1.80133860887131e-25], [0.19694750010967255, 0.00014772568829357624, 6.435125396819785e-05, 1.979040098376572e-05, 2.1497564627897958e-19, 1.7950026605046593e-23, 1.592462838521644e-36], [0.3567518889904022, 0.00011196780542377383, 7.483478839276358e-05, 6.677992132608779e-06, 3.713336695909675e-07, 0.0, 0.0], [0.7796825170516968, 2.2896851078257896e-05, 6.138614935480291e-06, 3.0438019051190564e-21, 3.2228399523216044e-24, 0.0, 0.0], [0.04073088988661766]]}, "linear_probes": {"mse": [0.02065449593940356, 0.019919775293606223, 0.02114559225047831, 0.016661288902570022, 0.01610648754749699, 0.01564854430259016, 0.015591253573128776, 0.015673401145889675, 0.015692960796838053, 0.015615884489490011, 0.015881266425979926, 0.015765650822978563], "mae": [0.10652641303042533, 0.10483039727050053, 0.1098977502496688, 0.09408329134025387, 0.09141559068600195, 0.08925115799273867, 0.08898427221444957, 0.08979369738994308, 0.09022422232435137, 0.08929116882282424, 0.09148332150318778, 0.09027130094916233]}, "cca": [[0.9999999446695337, 0.610847444251192, 0.44766215730533887, 0.45092740415647575, 0.3819679721284359, 0.3302213204819334, 0.29923111655421053, 0.2599251126031297, 0.2924224154881086, 0.3050407930686581, 0.22270801877215263], [0.6108473033912755, 0.9999997644420416, 0.43960866485690736, 0.5779714160619603, 0.37101645969025704, 0.4643690937738419, 0.4323231257670029, 0.2571203004972489, 0.572805824808719, 0.2952518634146425, 0.512074558336183], [0.44766215730533887, 0.43960866485690736, 0.9999994039871061, 0.566675981302272, 0.4905303005528562, 0.3065270472529217, 0.2867397240481121, 0.3910938090380845, 0.252977280153183, 0.251887136788298, 0.21371274675142818], [0.45092740415647575, 0.5779714160619603, 0.566675981302272, 0.9999999446695337, 0.5031468729479249, 0.570222674058771, 0.42728974057331676, 0.36498294917049634, 0.4650579748550448, 0.3975259562508902, 0.3984553335544031], [0.3819680278219429, 0.37101645969025704, 0.4905303005528562, 0.5031468729479249, 0.9999995842145657, 0.5820456445758363, 0.534117644933141, 0.5514332059069785, 0.361676800316837, 0.4153211306613867, 0.43374934466151516], [0.3302213204819334, 0.46436903236615834, 0.3065270472529217, 0.570222674058771, 0.5820455070768276, 0.9999995842145657, 0.5703530608643957, 0.4177878827847264, 0.49977722487853626, 0.5457878751402815, 0.45033058640931195], [0.299231165848257, 0.4323231257670029, 0.2867397240481121, 0.42728974057331676, 0.5341177107912947, 0.5703531289198561, 0.9999999446695337, 0.4527833494056515, 0.5732811523722197, 0.4704374475516683, 0.44117156845434075], [0.2599251126031297, 0.2571203004972489, 0.3910938090380845, 0.36498294917049634, 0.5514332059069785, 0.4177878245383409, 0.45278341004245704, 0.9999994039871061, 0.6369824842622052, 0.5527796641000171, 0.566147460779691], [0.2924224154881086, 0.5728059612119978, 0.252977280153183, 0.4650579748550448, 0.361676800316837, 0.499777288584387, 0.5732812888320821, 0.6369824842622052, 0.9999999446695337, 0.5466831929259115, 0.8169660719932007], [0.3050407930686581, 0.2952518634146425, 0.251887136788298, 0.3975260130673064, 0.4153211306613867, 0.5457878085665341, 0.4704374475516683, 0.5527796641000171, 0.5466831929259115, 0.9999995842145657, 0.40974741381332486], [0.22270797624571717, 0.512074558336183, 0.21371274675142818, 0.3984553335544031, 0.43374934466151516, 0.45033058640931195, 0.44117162830857076, 0.566147460779691, 0.8169660719932007, 0.40974741381332486, 0.9999992237596628]], "logs": {"loss": 0.016084130853414536, "val_loss": 0.01579405553638935}}