{"sparsity": {"nnz_weights": [88, 121, 121, 11], "total_weights": [88, 121, 121, 11], "nnz_biases": [11, 10, 8, 1], "total_biases": [11, 11, 11, 1]}, "basic_statistics": {"weight_avg": [0.04432675987482071, 0.022044876590371132, -0.021145515143871307, 0.002532883081585169], "bias_avg": [0.021691588684916496, 0.0059538171626627445, -0.0012338180094957352, -0.020803213119506836]}, "layerwise_pca": {"explained_variance": [[0.05974891036748886, 0.03129719942808151, 0.016248498111963272, 0.005434917751699686, 0.0013800308806821704, 0.0007974609616212547, 0.00042886260780505836, 0.00021668187400791794, 0.0001914449967443943, 0.00012961184256710112, 8.693943527759984e-05], [0.05656096339225769, 0.012107651680707932, 0.004945122636854649, 0.0015110090607777238, 0.000367947097402066, 8.856457134243101e-05, 6.307457078946754e-05, 4.998300573788583e-05, 9.68149834079668e-07, 3.5505138828995086e-09, 1.1020989535669124e-23], [0.03420156240463257, 0.003234047908335924, 0.00035268228384666145, 0.00027226906968280673, 9.754219354363158e-05, 8.143747436406557e-06, 1.9059406497490272e-07, 1.7567607812907227e-07, 3.2262077453992788e-09, 0.0, 0.0], [0.0011179344728589058]]}, "linear_probes": {"mse": [0.021315496574770207, 0.024362827437266373, 0.035258781433476265, 0.04713611186276343], "mae": [0.1075239552214398, 0.11765730290292913, 0.1466728428119115, 0.16844027482620813]}, "cca": [[0.9999999101876462, 0.5807618139031092, 0.3817379365451126], [0.5807618139031092, 1.0000000539594576, 0.33453791747485373], [0.3817379365451126, 0.33453791747485373, 0.9999997664158452]], "logs": {"loss": 0.054949548095464706, "val_loss": 0.050960518419742584}}