{"sparsity": {"nnz_weights": [56, 49, 49, 7], "total_weights": [56, 49, 49, 7], "nnz_biases": [6, 6, 6, 1], "total_biases": [7, 7, 7, 1]}, "basic_statistics": {"weight_avg": [0.058738984167575836, -0.050282880663871765, 0.03414585813879967, -0.1774713099002838], "bias_avg": [0.07833648473024368, 0.026602651923894882, -0.051155295222997665, 0.24431033432483673]}, "layerwise_pca": {"explained_variance": [[0.03650370612740517, 0.024686137214303017, 0.01027908455580473, 0.00493988860398531, 0.0014661239692941308, 2.4599075914011337e-05, 1.4383451588074248e-17], [0.09430694580078125, 0.02621094509959221, 0.009227623231709003, 0.0007253788644447923, 9.611667906028742e-08, 1.4061997711980445e-21, 6.31175881105867e-38], [0.17195738852024078, 0.02088896930217743, 0.004948300775140524, 0.002504516625776887, 4.879381231148727e-05, 1.5663189331199938e-17, 3.00391543167685e-23], [0.0384080708026886]]}, "linear_probes": {"mse": [0.01991830425809894, 0.019319342603454765, 0.016616861379756365, 0.016665501087240714], "mae": [0.10251523807102875, 0.10155822521625567, 0.09268856252017005, 0.09315908095452695]}, "cca": [[0.9999999446695337, 0.6313641008689258, 0.5754948902125047], [0.6313641008689258, 0.9999997644420416, 0.6016728735663232], [0.5754948902125047, 0.6016730133644371, 0.9999997644420416]], "logs": {"loss": 0.016292180866003036, "val_loss": 0.01670577935874462}}