{"sparsity": {"nnz_weights": [56, 49, 49, 49, 49, 49, 49, 7], "total_weights": [56, 49, 49, 49, 49, 49, 49, 7], "nnz_biases": [6, 5, 4, 6, 3, 5, 2, 1], "total_biases": [7, 7, 7, 7, 7, 7, 7, 1]}, "basic_statistics": {"weight_avg": [-0.010622859932482243, 0.07601390779018402, -0.02586744725704193, 0.011529362760484219, -0.055736806243658066, -0.024855153635144234, -0.03515574708580971, 0.38993242383003235], "bias_avg": [-0.008441747166216373, -0.0018768645823001862, -0.005198591388761997, -0.00189248810056597, -0.0025182017125189304, -0.0029157449025660753, -0.004685606341809034, -0.06299734115600586]}, "layerwise_pca": {"explained_variance": [[0.026246946305036545, 0.014011417515575886, 0.0015049594221636653, 0.000429427542258054, 0.00015534940757788718, 1.2633427104447037e-05, 0.0], [0.006298683118075132, 0.005151453893631697, 0.0005014832713641226, 8.86225316207856e-05, 1.4400820873561315e-06, 1.4269536663391591e-08, 0.0], [0.005492191296070814, 0.0008511531632393599, 0.00014013465261086822, 2.178336217184551e-05, 7.851473651026602e-20, 0.0, 0.0], [0.001988966017961502, 0.00048459559911862016, 8.687820809427649e-05, 2.5217063011950813e-05, 3.2434552394988714e-06, 6.675904984376757e-08, 1.3959200427005754e-22], [0.0002930074406322092, 4.8167657951125875e-05, 7.196102160378359e-06, 5.972694339106965e-08, 3.084035427036724e-08, 4.1434047304278465e-09, 3.0493219060900856e-10], [7.390776590909809e-05, 3.406627365620807e-05, 3.12545148517529e-06, 4.237041650867468e-07, 1.1503164643045238e-08, 1.6250606137283518e-20, 0.0], [0.0, 0.0, 0.0, 0.0, 0.0, 0.0, 0.0], [3.553574687791385e-15]]}, "linear_probes": {"mse": [0.0279339014777792, 0.028594584093718, 0.03556057022817096, 0.042596852849296374, 0.045588742510740535, 0.04517168993053168, 0.055873784336270375, 0.05587378433627076], "mae": [0.1259018846013984, 0.12862280128544934, 0.14651158858025679, 0.16137403786778245, 0.16605182735539994, 0.16424279798280614, 0.18530244595895137, 0.1853024515324477]}, "cca": [[0.9999999446695337, 0.569523494470762, 0.43512019180754585, 0.41436717185401456, 0.2646535606014189, 0.3873536167071328, 0.1435830936783487], [0.569523494470762, 0.9999995842145657, 0.5219221825184235, 0.44925494272219374, 0.30356296682710343, 0.26975224576836104, 0.14344968122650772], [0.4351201323652357, 0.5219221825184235, 0.9999995842145657, 0.47435092900612325, 0.3027930432954256, 0.27667435319155637, 0.42886483706391637], [0.4143671138465704, 0.44925494272219374, 0.47435099107029544, 0.9999992237596628, 0.35163947889361885, 0.29056554349768, 0.1432042865840312], [0.2646535606014189, 0.30356296682710343, 0.3027930432954256, 0.35163947889361885, 0.9999999446695337, 0.3607636120240727, 0.0003663168215626309], [0.3873536167071328, 0.26975224576836104, 0.27667435319155637, 0.29056554349768, 0.3607636120240727, 1.000000124897042, 0.285932662405295], [0.1435830595321233, 0.14344968122650772, 0.42886483706391637, 0.14320425248287855, 0.0003663168215626309, 0.285932662405295, 0.9999999446695337]], "logs": {"loss": 0.06602334976196289, "val_loss": 0.06442441046237946}}