{"sparsity": {"nnz_weights": [88, 121, 121, 121, 121, 121, 121, 11], "total_weights": [88, 121, 121, 121, 121, 121, 121, 11], "nnz_biases": [11, 10, 10, 9, 9, 10, 11, 1], "total_biases": [11, 11, 11, 11, 11, 11, 11, 1]}, "basic_statistics": {"weight_avg": [0.0414290688931942, 0.008772860281169415, -0.002770718652755022, 0.026538673788309097, 0.04736517369747162, 0.038483887910842896, 0.09546604752540588, -0.026855207979679108], "bias_avg": [0.02384842559695244, 0.019008157774806023, 0.0071745095774531364, 0.018530601635575294, 0.03757067769765854, 0.03389769420027733, 0.03909407556056976, 0.08046834915876389]}, "layerwise_pca": {"explained_variance": [[0.12428689002990723, 0.05874519795179367, 0.020042119547724724, 0.005033303517848253, 0.0025757048279047012, 0.001412970363162458, 0.00099712994415313, 0.0004905000678263605, 8.983692532638088e-05, 7.032045687083155e-05, 6.70864892526879e-08], [0.04898248612880707, 0.0320763923227787, 0.014774295501410961, 0.003105735871940851, 0.001488530426286161, 0.000859363004565239, 0.0004990887246094644, 0.0002242555929115042, 2.616769841187135e-19, 1.2095378229016323e-20, 6.393084120318717e-37], [0.025939563289284706, 0.022639799863100052, 0.012300301343202591, 0.0014372337609529495, 0.0008937154780142009, 0.0004508290730882436, 0.00019007247465196997, 7.219121471280232e-05, 4.236843499324678e-18, 1.055662270003317e-18, 0.0], [0.037388190627098083, 0.012786796316504478, 0.00411043269559741, 0.0010048451367765665, 0.0005517922691069543, 0.00022116480977274477, 0.00010671553172869608, 2.8425887649063952e-05, 4.0878816739147406e-20, 8.179964035936315e-21, 0.0], [0.07831728458404541, 0.011876682750880718, 0.0027603204362094402, 0.0013922833604738116, 0.00015616418386343867, 0.00013161959941498935, 5.985195821267553e-05, 1.8839520635083318e-05, 1.5544192989434437e-18, 9.722174918057952e-20, 7.083646016799348e-25], [0.15186820924282074, 0.023149123415350914, 0.007663618307560682, 0.001238310826011002, 0.0004631421761587262, 9.753313497640193e-05, 5.6708558986429125e-05, 4.910190182272345e-05, 2.0405328541528434e-05, 6.168822437757626e-06, 0.0], [0.5706247687339783, 0.038864221423864365, 0.002030483912676573, 0.0010816778521984816, 0.00043831608491018414, 0.00013329606736078858, 7.925224053906277e-05, 3.5270331864012405e-05, 1.3434219908958767e-05, 5.0146568355557974e-06, 1.820650170828203e-18], [0.039814263582229614]]}, "linear_probes": {"mse": [0.019562884145126854, 0.018396711164158946, 0.016844183673465594, 0.015953358011711122, 0.015813734896528146, 0.01531846001157925, 0.015047855341147399, 0.015066909791174988], "mae": [0.10220437792170153, 0.09906746888631723, 0.09279434451244908, 0.08952535251367547, 0.08884837025002344, 0.08674503992701527, 0.08612665960294597, 0.08564748400086439]}, "cca": [[0.9999997664158452, 0.5353407707807698, 0.46316931983173243, 0.415266648365208, 0.41382287052871125, 0.3892748134068039, 0.36713928196121515], [0.5353407707807698, 0.9999997664158452, 0.5555062632474853, 0.44552299522862104, 0.4358110090561292, 0.39643054152525214, 0.3629680152756601], [0.46316931983173243, 0.5555061560910624, 0.9999997664158452, 0.5555462333141101, 0.5483330522094589, 0.4201209755415272, 0.47426458960432105], [0.4152667410134747, 0.44552289926452265, 0.5555462333141101, 0.9999997664158452, 0.554400852220252, 0.608481928413994, 0.5850140165908225], [0.41382287052871125, 0.4358110090561292, 0.5483330522094589, 0.5544007451704984, 0.9999997664158452, 0.6291951200101277, 0.5631040610089919], [0.3892748134068039, 0.39643054152525214, 0.4201209755415272, 0.6084818162644349, 0.6291951200101277, 1.0000000539594576, 0.7304904489212318], [0.36713928196121515, 0.3629680152756601, 0.47426458960432105, 0.5850140165908225, 0.5631039531222551, 0.7304904489212318, 1.0000001977312793]], "logs": {"loss": 0.015886249020695686, "val_loss": 0.015371371060609818}}