{"basic_statistics": {"weight_avg": [-0.02456062100827694, 0.02893972396850586, -0.33506447076797485, -0.0006104310159571469, 0.03936632350087166, -0.11066702008247375, 0.0933682918548584, 0.0832429975271225, 0.0910060703754425, -0.26168903708457947, 0.16731375455856323, -0.21402399241924286], "bias_avg": [0.0, 0.0, 0.0, 0.0, 0.0, 0.0, 0.0, 0.0, 0.0, 0.0, 0.0, -0.4192778766155243]}, "sparsity": {"nnz_weights": [24, 9, 9, 9, 9, 9, 9, 9, 9, 9, 9, 3], "total_weights": [24, 9, 9, 9, 9, 9, 9, 9, 9, 9, 9, 3], "nnz_biases": [0, 0, 0, 0, 0, 0, 0, 0, 0, 0, 0, 1], "total_biases": [3, 3, 3, 3, 3, 3, 3, 3, 3, 3, 3, 1]}, "layerwise_pca": {"explained_variance": [[0.040624555200338364, 0.016746608540415764, 0.001984992763027549], [0.024933166801929474, 0.000387065316317603, 0.0], [0.0, 0.0, 0.0], [0.0, 0.0, 0.0], [0.0, 0.0, 0.0], [0.0, 0.0, 0.0], [0.0, 0.0, 0.0], [0.0, 0.0, 0.0], [0.0, 0.0, 0.0], [0.0, 0.0, 0.0], [0.0, 0.0, 0.0], [8.882322062922759e-16]]}, "linear_probes": {"mse": [0.054367144858017205, 0.05688596630680078, 0.05849114173516994, 0.05849114173516994, 0.05849114173516994, 0.05849114173516994, 0.05849114173516994, 0.05849114173516994, 0.05849114173516994, 0.05849114173516994, 0.05849114173516994, 0.05849114173516994], "mae": [0.1865133049965341, 0.1911573839038127, 0.1924013781907581, 0.1924013781907581, 0.1924013781907581, 0.1924013781907581, 0.1924013781907581, 0.1924013781907581, 0.1924013781907581, 0.1924013781907581, 0.1924013781907581, 0.1924013781907581]}}