{"loss": 0.05672912672162056, "val_loss": 0.05613003298640251}