{"sparsity": {"nnz_weights": [56, 49, 49, 49, 49, 49, 49, 49, 49, 49, 49, 7], "total_weights": [56, 49, 49, 49, 49, 49, 49, 49, 49, 49, 49, 7], "nnz_biases": [7, 5, 6, 7, 5, 7, 6, 5, 5, 7, 6, 1], "total_biases": [7, 7, 7, 7, 7, 7, 7, 7, 7, 7, 7, 1]}, "basic_statistics": {"weight_avg": [0.06340049207210541, 0.10647071897983551, 0.012556510046124458, 0.12823167443275452, -0.06490791589021683, -0.036397986114025116, -0.062441252171993256, -0.0208231583237648, -0.07792386412620544, 0.06328121572732925, 0.02307569794356823, -0.2360447496175766], "bias_avg": [0.004334635101258755, 0.01276144664734602, 0.028217537328600883, -0.025681788101792336, 0.038651060312986374, -0.0004648751928471029, 0.01958136074244976, 0.005661542993038893, 0.022311627864837646, 0.01284181047230959, 0.002118862932547927, 1.70730721950531]}, "layerwise_pca": {"explained_variance": [[0.06832839548587799, 0.0281028151512146, 0.013626676984131336, 0.0029486408457159996, 0.0012397088576108217, 0.00042381856474094093, 8.677623668518208e-07], [0.06487998366355896, 0.024357115849852562, 0.015684908255934715, 0.0023066820576786995, 0.000493737927172333, 1.7393358350724028e-17, 8.10117336602931e-22], [0.03654856234788895, 0.010663716122508049, 0.0014853144530206919, 0.0004467465041670948, 0.0002682124322745949, 2.126337494701147e-05, 1.3275901480242307e-21], [0.05494457110762596, 0.0043998719193041325, 0.001033544773235917, 0.00030557982972823083, 6.828430196037516e-05, 4.938412894262001e-05, 3.600001501343015e-20], [0.04290182143449783, 0.0025946672540158033, 0.0007188288145698607, 0.0002766982070170343, 8.925781730795279e-05, 8.103154984623225e-21, 0.0], [0.07231432944536209, 0.0015051780501380563, 0.00033586155041120946, 0.00020133271755184978, 5.230647002463229e-05, 1.0856281543133634e-19, 0.0], [0.1030704453587532, 0.0035394406877458096, 0.0007364689372479916, 0.0001691938959993422, 3.995049701188691e-05, 4.5938459152239375e-06, 3.496576782910037e-20], [0.164039745926857, 0.000412189110647887, 9.552093979436904e-05, 4.033336881548166e-05, 1.359804537059972e-05, 4.583472397641682e-19, 3.8859977340073843e-22], [0.18964341282844543, 0.00011839469516417012, 5.5328026064671576e-05, 1.7655809642747045e-05, 1.1478274834864055e-19, 7.093252275020507e-21, 2.2965880531819427e-40], [0.34132686257362366, 0.00011260976316407323, 4.764861660078168e-05, 7.63543721404858e-06, 2.3804389570614148e-07, 0.0, 0.0], [0.7433872222900391, 2.5680601538624614e-05, 4.142857505939901e-06, 5.518759053906855e-20, 5.551457159199068e-24, 7.006492321624085e-43, 0.0], [0.03884144127368927]]}, "linear_probes": {"mse": [0.02083723974794957, 0.020118615545594017, 0.02086315606044411, 0.016798975237171408, 0.01624119521509404, 0.015696419407885243, 0.015663898091228458, 0.015836016980787262, 0.015885292808089323, 0.015752317166987325, 0.01616564669930288, 0.0158228076169252], "mae": [0.10735015453984381, 0.10550621038401332, 0.10857197147417773, 0.09441455596088166, 0.09188153639604686, 0.08936346209465103, 0.08922446415587912, 0.09040756890980325, 0.09098428862589719, 0.08970137931063348, 0.09253149757994067, 0.09052309181590557]}, "cca": [[1.000000124897042, 0.632029467638891, 0.44144370772950686, 0.4569702534184269, 0.37403517418886373, 0.3338662329546054, 0.2933413556780319, 0.25130951741825364, 0.2871645664001546, 0.29718792757924867, 0.22639925859870605], [0.632029467638891, 0.9999995842145657, 0.43538605842746236, 0.5864074171066866, 0.36036871178047086, 0.4651848844052913, 0.42481238022565393, 0.24942728119764013, 0.5670899904934166, 0.28824452157609365, 0.5156203775925731], [0.4414437676021947, 0.43538605842746236, 0.9999994039871061, 0.5640784144726061, 0.48051211824536566, 0.3044040661702009, 0.2732951354446738, 0.3739452916842246, 0.2437077464003648, 0.2435431306176972, 0.2102170760281378], [0.4569702534184269, 0.5864074171066866, 0.5640784144726061, 0.9999999446695337, 0.5072878664319173, 0.574466099123031, 0.4312430047010776, 0.3665534113481255, 0.4744898387871542, 0.4035203013183702, 0.4186278096946308], [0.37403517418886373, 0.36036871178047086, 0.48051211824536566, 0.5072878664319173, 0.9999999446695337, 0.586557309078801, 0.5591556630021667, 0.5643872809129614, 0.3658597600344576, 0.40445682735724475, 0.4397759157313966], [0.3338662329546054, 0.4651848844052913, 0.3044040164518996, 0.574466099123031, 0.586557309078801, 0.9999994039871061, 0.5786318892564931, 0.41794079354078356, 0.5066287313018185, 0.5458518543883477, 0.43978631394205486], [0.2933413556780319, 0.42481238022565393, 0.27329508833533517, 0.4312430047010776, 0.5591557303862699, 0.5786318892564931, 0.9999992237596628, 0.4901152892265393, 0.5841883351252234, 0.4817083974195547, 0.45908845473387316], [0.25130951741825364, 0.24942728119764013, 0.37394523657870593, 0.3665534113481255, 0.5643872809129614, 0.41794079354078356, 0.4901152261394941, 0.9999994039871061, 0.6270364124102424, 0.5306717924947719, 0.5602959110194986], [0.2871645664001546, 0.5670899904934166, 0.24370770191412255, 0.4744898387871542, 0.3658597600344576, 0.5066287313018185, 0.5841883351252234, 0.6270364124102424, 0.9999988633048247, 0.5379295743728189, 0.8058964381406375], [0.29718792757924867, 0.28824452157609365, 0.2435431306176972, 0.4035203013183702, 0.40445682735724475, 0.5458519209660011, 0.4817083974195547, 0.5306717268494074, 0.5379295743728189, 0.9999999446695337, 0.40106254110300604], [0.22639921572129498, 0.5156203775925731, 0.2102170760281378, 0.41862786799954066, 0.4397759157313966, 0.43978631394205486, 0.45908845473387316, 0.5602959110194986, 0.8058964381406375, 0.40106248403442024, 0.9999992237596628]], "logs": {"loss": 0.0162836741656065, "val_loss": 0.015992367640137672}}