{"basic_statistics": {"weight_avg": [-0.051329080015420914, 0.02280992455780506, 0.06846971064805984, 0.11684630066156387], "bias_avg": [0.05583071708679199, 0.02528717927634716, 0.03574420511722565, 0.04375390335917473]}, "sparsity": {"nnz_weights": [88, 121, 121, 11], "total_weights": [88, 121, 121, 11], "nnz_biases": [7, 9, 10, 1], "total_biases": [11, 11, 11, 1]}, "layerwise_pca": {"explained_variance": [[0.04382621496915817, 0.0256363395601511, 0.0182779673486948, 0.0026773912832140923, 0.0006720949313603342, 0.00041342139593325555, 4.1983152186730877e-05, 3.6057507297176854e-20, 4.668787839738208e-36, 0.0, 0.0], [0.0824296623468399, 0.01981537975370884, 0.009217914193868637, 0.0020867297425866127, 0.0007145088165998459, 0.0002443778212182224, 0.00022385436750482768, 0.00010312398808309808, 0.0, 0.0, 0.0], [0.3789480924606323, 0.019322391599416733, 0.013936643488705158, 0.010721936821937561, 0.0018393660429865122, 0.0006323925335891545, 0.00046646426199004054, 0.0001583881094120443, 6.0103368014097214e-05, 3.264044062234461e-05, 2.917455034482018e-20], [0.037310291081666946]]}, "linear_probes": {"mse": [0.01986606881511711, 0.018513202613526215, 0.016980124124499098, 0.017024811995904596], "mae": [0.10357584769074336, 0.09828637686638975, 0.09260004115398103, 0.09334564120588056]}}