{"loss": 0.017360907047986984, "val_loss": 0.018692241981625557}