{"sparsity": {"nnz_weights": [56, 49, 49, 7], "total_weights": [56, 49, 49, 7], "nnz_biases": [6, 6, 6, 1], "total_biases": [7, 7, 7, 1]}, "basic_statistics": {"weight_avg": [0.06222466006875038, -0.02513810619711876, 0.04444034397602081, -0.08858530968427658], "bias_avg": [0.09200368821620941, 0.03239094093441963, 0.015530352480709553, 0.03087383136153221]}, "layerwise_pca": {"explained_variance": [[0.04286644607782364, 0.02744390070438385, 0.010551495477557182, 0.007426384370774031, 0.0012452977243810892, 7.893461884123099e-07, 1.6366831475695754e-20], [0.12429191917181015, 0.032538559287786484, 0.008832505904138088, 0.00045798643259331584, 0.0, 0.0, 0.0], [0.238427996635437, 0.017126960679888725, 0.008001652546226978, 0.0011496007209643722, 7.62409035814926e-05, 2.2423152591480947e-19, 3.853401496532673e-21], [0.035122714936733246]]}, "linear_probes": {"mse": [0.02088621972095512, 0.020712092178099436, 0.018820730826150767, 0.018777314704711515], "mae": [0.10511225852343764, 0.10658851295193994, 0.0993503212368253, 0.09943111270772749]}, "cca": [[1.0000003051245667, 0.6288794926604494, 0.6264321630481585], [0.6288794926604494, 0.9999992237596628, 0.6731811380180456], [0.6264321630481585, 0.6731812858904261, 0.9999997644420416]], "logs": {"loss": 0.018450969830155373, "val_loss": 0.01884349435567856}}