{"sparsity": {"nnz_weights": [88, 121, 121, 121, 121, 121, 121, 121, 121, 121, 121, 11], "total_weights": [88, 121, 121, 121, 121, 121, 121, 121, 121, 121, 121, 11], "nnz_biases": [10, 9, 11, 11, 11, 10, 11, 9, 11, 9, 10, 1], "total_biases": [11, 11, 11, 11, 11, 11, 11, 11, 11, 11, 11, 1]}, "basic_statistics": {"weight_avg": [0.009608582593500614, 0.03265777602791786, 0.021696370095014572, 0.022625315934419632, 0.02255376987159252, 0.060750607401132584, 0.02878258004784584, -0.010190458968281746, -0.0033534907270222902, 0.008166956715285778, 0.052661966532468796, -0.023138171061873436], "bias_avg": [0.014566417783498764, -0.010424181818962097, 0.011689885519444942, -0.0020506279543042183, 0.026131920516490936, 0.010667957365512848, 0.04676149785518646, 0.021998954936861992, 0.03434562310576439, 0.02826342172920704, 0.028469378128647804, -0.048899367451667786]}, "layerwise_pca": {"explained_variance": [[0.050152674317359924, 0.022919626906514168, 0.010067767463624477, 0.007949220947921276, 0.00165584497153759, 0.001326006487943232, 0.0002619434962980449, 9.529867384117097e-05, 9.007085317667438e-18, 0.0, 0.0], [0.029753785580396652, 0.018443351611495018, 0.003474049735814333, 0.001299521652981639, 0.001011262065730989, 0.00031489384127780795, 0.00010685304005164653, 5.7583190937293693e-05, 8.429833811679704e-19, 1.1144524364565829e-23, 0.0], [0.02163529209792614, 0.004742729011923075, 0.002296284306794405, 0.0011507676681503654, 0.00041233908268623054, 0.0002576905826572329, 0.00022225732391234487, 7.090499275363982e-05, 4.083072053617798e-05, 4.217162938857655e-07, 0.0], [0.01582704856991768, 0.0026824644301086664, 0.0018719767685979605, 0.00045828273869119585, 0.00036304566310718656, 0.00013518775813281536, 0.0001209533802466467, 5.359627175494097e-05, 2.552916885179002e-05, 3.505670065351296e-07, 2.413459961861082e-19], [0.019603032618761063, 0.005459875334054232, 0.0008440716774202883, 0.0003255606861785054, 0.00012470253568608314, 8.408810390392318e-05, 4.074557000421919e-05, 2.8862919862149283e-05, 2.93362654701923e-06, 0.0, 0.0], [0.025363881140947342, 0.0037292989436537027, 0.0007199044921435416, 0.0002398366923443973, 5.6702265283092856e-05, 5.568463166127913e-05, 2.8581509468494914e-05, 1.967929165402893e-05, 6.4251494222844485e-06, 2.7098653355913128e-20, 6.576547195653943e-23], [0.060096994042396545, 0.005373698193579912, 0.0016967785777524114, 0.00013079470954835415, 5.648238584399223e-05, 2.8733384169754572e-05, 1.5131351574382279e-05, 9.768936251930427e-06, 3.1774509352544555e-06, 1.775474528854232e-18, 0.0], [0.0824652761220932, 0.006258876994252205, 0.004276126157492399, 0.00033379383967258036, 0.00011054197966586798, 1.4813346751907375e-05, 5.822383627673844e-06, 4.092601191673753e-19, 1.2266613526787585e-24, 0.0, 0.0], [0.13960230350494385, 0.007507639937102795, 0.0030521636363118887, 7.524932880187407e-05, 2.609768671391066e-05, 9.346051228931174e-06, 7.457598712790059e-06, 1.7005265817715554e-06, 2.6774483785629855e-07, 4.3475721191689226e-20, 0.0], [0.22867760062217712, 0.005481288768351078, 0.0023210011422634125, 9.632285218685865e-05, 3.093093982897699e-05, 4.63403466710588e-06, 1.7222253063664539e-06, 2.0932199603915035e-20, 2.3840203534443138e-21, 1.1211953828161405e-22, 2.673915690670686e-40], [0.5264968276023865, 0.04005977883934975, 0.004726225510239601, 0.0023484493140131235, 0.00015825749142095447, 5.172898818273097e-05, 5.263996172288898e-06, 1.511728328296158e-06, 8.224411658375175e-07, 2.24002917548205e-07, 4.612571444329593e-22], [0.03880742937326431]]}, "linear_probes": {"mse": [0.020134222359156566, 0.018994733765255303, 0.018426140059343572, 0.01765426060536768, 0.01592827111690021, 0.015493870214521224, 0.015525294580160932, 0.014560101391743246, 0.014518548813819542, 0.01465592984494817, 0.014553135849127543, 0.01462266239774336], "mae": [0.10289125876656983, 0.1009175014420022, 0.10018374570174605, 0.09665360044567105, 0.08969289398884166, 0.08882960116283793, 0.08886469637053866, 0.08456743902637423, 0.08434188301537188, 0.08484316114220534, 0.0843531831322772, 0.08473326471784082]}, "cca": [[0.9999997664158452, 0.5407667612443767, 0.5113686351013175, 0.46865545975221967, 0.6265411922800065, 0.4014598994401953, 0.5434324115632463, 0.37165023953321513, 0.3974033509489397, 0.29124366936321294, 0.3081790119097473], [0.5407666555191265, 1.0000000539594576, 0.6137299072050321, 0.4616472060679836, 0.43563335119688934, 0.38480976953924667, 0.3388581623950854, 0.35522668157682474, 0.2864087899268642, 0.36011900330881147, 0.28755823240732586], [0.5113686351013175, 0.6137297945728826, 1.0000000539594576, 0.5845124610288508, 0.5148681293040805, 0.4414837545616592, 0.3933824602528272, 0.2915072999453837, 0.313946115224181, 0.2961008663647972, 0.324796907290204], [0.46865545975221967, 0.4616471083827698, 0.5845124610288508, 0.9999997664158452, 0.5896077955756027, 0.5206051034788753, 0.46102154899769876, 0.3213351684659397, 0.34835102242183, 0.39731399118558514, 0.3370474058380637], [0.6265411922800065, 0.43563335119688934, 0.5148681293040805, 0.5896077955756027, 0.9999997664158452, 0.6272984295240153, 0.6436752265167963, 0.5018591113072417, 0.5349566730365247, 0.3856986642395038, 0.42951917318082555], [0.4014598994401953, 0.38480976953924667, 0.4414837545616592, 0.520605207214513, 0.6272984295240153, 0.9999997664158452, 0.5899440008724561, 0.5148399663335165, 0.536831873580597, 0.4809932234017124, 0.5190168792794597], [0.5434324115632463, 0.3388581623950854, 0.3933825504268136, 0.46102154899769876, 0.6436752265167963, 0.5899440008724561, 0.9999997664158452, 0.5666957095019867, 0.4986432465061212, 0.4403064879848609, 0.49775307561578136], [0.37165023953321513, 0.35522668157682474, 0.2915073387576037, 0.32133512771638484, 0.5018591113072417, 0.5148400694931752, 0.5666957095019867, 0.9999996226440544, 0.6047732033444556, 0.4972386372733178, 0.6298676937531592], [0.3974032603152864, 0.2864087129842584, 0.313946115224181, 0.34835102242183, 0.5349565678807732, 0.5368319789205006, 0.49864334803012605, 0.6047732033444556, 0.9999997664158452, 0.642006888590877, 0.6577463769988919], [0.29124366936321294, 0.36011900330881147, 0.29610090548162304, 0.3973140818090583, 0.3856986642395038, 0.4809932234017124, 0.4403064879848609, 0.4972386372733178, 0.642006888590877, 0.9999997664158452, 0.6016760924302079], [0.3081790119097473, 0.28755823240732586, 0.324796907290204, 0.3370474475719915, 0.42951917318082555, 0.5190169828567419, 0.49775307561578136, 0.6298676937531592, 0.6577463769988919, 0.6016760924302079, 0.9999997664158452]], "logs": {"loss": 0.014898356050252914, "val_loss": 0.015579896047711372}}