{"sparsity": {"nnz_weights": [88, 121, 121, 121, 121, 121, 121, 121, 121, 121, 121, 11], "total_weights": [88, 121, 121, 121, 121, 121, 121, 121, 121, 121, 121, 11], "nnz_biases": [10, 9, 11, 11, 11, 10, 11, 9, 11, 9, 10, 1], "total_biases": [11, 11, 11, 11, 11, 11, 11, 11, 11, 11, 11, 1]}, "basic_statistics": {"weight_avg": [0.009109428152441978, 0.0284848902374506, 0.014284804463386536, 0.034558676183223724, 0.012631910853087902, 0.06169714406132698, 0.027745645493268967, -0.009916134178638458, 0.0005657771253027022, 0.011252944357693195, 0.052629053592681885, -0.02703828178346157], "bias_avg": [0.00856759026646614, -0.012531396932899952, 0.013014489784836769, -0.008525042794644833, 0.02086484059691429, 0.011579787358641624, 0.04560460150241852, 0.021834921091794968, 0.03443944826722145, 0.028543494641780853, 0.029099108651280403, -0.05355461686849594]}, "layerwise_pca": {"explained_variance": [[0.0546087846159935, 0.02246967889368534, 0.010761836543679237, 0.007493150420486927, 0.0020494689233601093, 0.001378989894874394, 0.0002083462313748896, 9.013475937535986e-05, 1.1105976350790423e-19, 0.0, 0.0], [0.029608717188239098, 0.01821727491915226, 0.0036307426635175943, 0.0014874051557853818, 0.0011970755876973271, 0.00023038996732793748, 0.00010138296784134582, 4.3242649553576484e-05, 1.382367385893639e-18, 2.5008954059811293e-25, 0.0], [0.017917729914188385, 0.0039764586836099625, 0.00251793023198843, 0.0013633620692417026, 0.0004713998641818762, 0.00037574145244434476, 0.0002713747089728713, 7.548457506345585e-05, 5.937155947322026e-05, 4.3179541535209864e-05, 0.0], [0.011566911824047565, 0.0024284792598336935, 0.001592322951182723, 0.0007272034999914467, 0.00045252946438267827, 0.00021962824393995106, 0.0001434570731362328, 9.666240657679737e-05, 2.3501184841734357e-05, 4.316010008921196e-19, 1.0518073886289697e-19], [0.01694508083164692, 0.004000387154519558, 0.0007518935017287731, 0.00042795209446921945, 0.0002471521438565105, 0.00017611411749385297, 4.550707308226265e-05, 2.8239663151907735e-05, 7.218176051537739e-06, 0.0, 0.0], [0.025292031466960907, 0.0021741888485848904, 0.0006065151537768543, 0.00033042512950487435, 0.00011544924200279638, 9.56493167905137e-05, 5.730512202717364e-05, 3.081884642597288e-05, 1.0751505215012003e-05, 2.532323684079074e-08, 3.4865559421533547e-19], [0.06441877037286758, 0.002274804748594761, 0.0014540617121383548, 0.00021993045811541378, 0.00011507301678648219, 8.344306843355298e-05, 2.6760275432025082e-05, 2.2703186914441176e-05, 3.0935134418541566e-06, 1.0895791049610405e-20, 0.0], [0.099240742623806, 0.005253089591860771, 0.0020249176304787397, 0.0005862002144567668, 0.0001602808915777132, 1.9263208741904236e-05, 9.89653926808387e-06, 3.8795704426775046e-07, 1.1266555372141693e-19, 1.154460562505566e-24, 0.0], [0.17614276707172394, 0.008081053383648396, 0.0011230799136683345, 0.00011054956848965958, 3.8124249840620905e-05, 1.4495806681225076e-05, 5.290315584716154e-06, 3.250404006394092e-06, 1.1072721690652543e-06, 5.2583100097139536e-21, 0.0], [0.30442097783088684, 0.007599405944347382, 0.0009561943588778377, 0.0001215240772580728, 4.9409816710976884e-05, 3.3664164220681414e-06, 3.466595899226377e-07, 3.027463722850006e-19, 4.9044872993241606e-20, 1.1040585629415719e-23, 1.9968784900934237e-35], [0.7041019201278687, 0.043860096484422684, 0.004497322719544172, 0.0025376789271831512, 7.573577022412792e-05, 3.148877658532001e-05, 7.614944479428232e-06, 3.4273648452654015e-06, 9.309266033596941e-07, 4.817530552259086e-08, 2.0663948879355147e-22], [0.050513654947280884]]}, "linear_probes": {"mse": [0.02004473673463079, 0.019142843494041658, 0.018512088268204822, 0.01745133610106978, 0.015656084029651407, 0.015030505135067028, 0.014216216876776842, 0.013924093495475487, 0.013998411381510782, 0.013940169291736974, 0.01390219675777661, 0.01415445448196355], "mae": [0.1027504951549392, 0.10139120407638659, 0.1003287949441157, 0.09587168511583115, 0.08825418267069644, 0.08671944470287753, 0.08337290985901528, 0.08194791462727133, 0.08255729103424338, 0.08191028625893215, 0.0818468174944817, 0.08401758453328285]}, "cca": [[0.9999997664158452, 0.529672042084733, 0.504527780788604, 0.45923266236700433, 0.5991906397725457, 0.3785898576004714, 0.5170170748866822, 0.36520771875100616, 0.3796579074880397, 0.26160713417818404, 0.29945637245535034], [0.529672042084733, 0.9999997664158452, 0.6045460323219604, 0.4716219112755921, 0.41054848733211263, 0.3617445732458164, 0.3143968704296301, 0.26079618628136814, 0.26659378551465807, 0.32230867808574454, 0.27081201969868246], [0.5045278829098989, 0.6045460323219604, 0.9999997664158452, 0.5958705732626558, 0.5521212207368545, 0.4647386310581551, 0.3842058605517774, 0.3089987600430455, 0.3200034294160229, 0.2892158452363108, 0.3335890267375044], [0.45923266236700433, 0.4716219112755921, 0.5958705732626558, 0.9999996226440544, 0.5998905244456978, 0.5861005409689297, 0.4286656386632537, 0.3352862870577527, 0.4323507557846462, 0.4654343826279201, 0.3242272449717389], [0.5991906397725457, 0.41054848733211263, 0.5521212207368545, 0.5998905244456978, 0.9999997664158452, 0.5990514240325421, 0.6194721984118753, 0.5038306354928337, 0.5193176076639826, 0.38301254491092734, 0.4271757108488972], [0.3785898576004714, 0.3617445732458164, 0.4647386310581551, 0.5861005409689297, 0.5990514240325421, 0.9999997664158452, 0.6016203334184163, 0.4384671804944818, 0.5404300787268684, 0.48571300061669054, 0.4331180570162484], [0.5170170748866822, 0.3143968704296301, 0.3842058605517774, 0.4286656386632537, 0.6194721984118753, 0.6016203334184163, 0.9999997664158452, 0.5876469098279865, 0.4971591578166939, 0.42710129194150875, 0.4681409424507747], [0.36520771875100616, 0.26079618628136814, 0.3089987600430455, 0.3352862870577527, 0.5038306354928337, 0.4384671804944818, 0.5876469098279865, 0.9999996226440544, 0.5869798710242704, 0.5016490149980655, 0.5926417416112237], [0.3796579074880397, 0.26659378551465807, 0.3200034294160229, 0.4323507557846462, 0.5193175040567077, 0.5404300787268684, 0.4971591578166939, 0.5869799811744915, 0.9999997664158452, 0.6561272011818357, 0.6147296991572531], [0.26160713417818404, 0.3223086372745094, 0.2892158065769401, 0.4654343826279201, 0.38301254491092734, 0.48571290041764376, 0.42710129194150875, 0.5016490149980655, 0.6561272011818357, 0.9999997664158452, 0.5520646025830884], [0.29945637245535034, 0.27081201969868246, 0.3335890267375044, 0.3242272449717389, 0.4271757108488972, 0.4331180570162484, 0.4681409424507747, 0.5926417416112237, 0.6147295864333997, 0.55206470940706, 0.9999999101876462]], "logs": {"loss": 0.013930446468293667, "val_loss": 0.015173962339758873}}