{"basic_statistics": {"weight_avg": [0.13694241642951965, -0.6266518831253052, -0.23997460305690765, 0.056682005524635315, -0.036411866545677185, -0.15264470875263214, -0.11407335847616196, -0.17571984231472015], "bias_avg": [0.0, 0.0, 0.0, 0.0, 0.0, 0.0, 0.0, -0.42443594336509705]}, "sparsity": {"nnz_weights": [24, 9, 9, 9, 9, 9, 9, 3], "total_weights": [24, 9, 9, 9, 9, 9, 9, 3], "nnz_biases": [0, 0, 0, 0, 0, 0, 0, 1], "total_biases": [3, 3, 3, 3, 3, 3, 3, 1]}, "layerwise_pca": {"explained_variance": [[0.03899601101875305, 0.0011943092104047537, 0.0007575293420813978], [0.0, 0.0, 0.0], [0.0, 0.0, 0.0], [0.0, 0.0, 0.0], [0.0, 0.0, 0.0], [0.0, 0.0, 0.0], [0.0, 0.0, 0.0], [8.882322062922759e-16]]}, "linear_probes": {"mse": [0.041968269264900014, 0.0566229835102629, 0.0566229835102629, 0.0566229835102629, 0.0566229835102629, 0.0566229835102629, 0.0566229835102629, 0.0566229835102629], "mae": [0.15724406417348813, 0.18744645505477903, 0.18744645505477903, 0.18744645505477903, 0.18744645505477903, 0.18744645505477903, 0.18744645505477903, 0.18744645505477903]}}