{"loss": 0.056500546634197235, "val_loss": 0.057041946798563004}