{"basic_statistics": {"weight_avg": [-0.026809031143784523, 0.055224139243364334, 0.006372181698679924, 0.010183149017393589, -0.04375702887773514, -0.013490079902112484, 0.04075091332197189, 0.03729814663529396, 0.06327757984399796, 0.02859518863260746, 0.015724586322903633, -0.2825244665145874], "bias_avg": [0.041961606591939926, 0.005107831675559282, 0.0011639323784038424, 0.015472612343728542, 0.011657092720270157, 0.015713203698396683, 0.01057432871311903, 0.008850764483213425, -0.0016187723958864808, -0.010308333672583103, -0.01154487393796444, 0.8124232292175293]}, "sparsity": {"nnz_weights": [88, 121, 121, 121, 121, 121, 121, 121, 121, 121, 121, 11], "total_weights": [88, 121, 121, 121, 121, 121, 121, 121, 121, 121, 121, 11], "nnz_biases": [11, 11, 10, 11, 10, 11, 11, 10, 11, 9, 11, 1], "total_biases": [11, 11, 11, 11, 11, 11, 11, 11, 11, 11, 11, 1]}, "layerwise_pca": {"explained_variance": [[0.05684036761522293, 0.01690252311527729, 0.005555947311222553, 0.003819795558229089, 0.0012693462194874883, 0.0008324767695739865, 0.00046798563562333584, 0.00017685189959593117, 7.371990068349987e-05, 6.200467032613233e-05, 1.307499496761011e-05], [0.023893285542726517, 0.009301240555942059, 0.003988910466432571, 0.0017262469045817852, 0.0014002505922690034, 0.0006120550679042935, 0.00029556785011664033, 0.00017134037625510246, 0.00012067650095559657, 5.226202483754605e-05, 4.146224455325864e-05], [0.013095836155116558, 0.006943340413272381, 0.003515019081532955, 0.0017140236450359225, 0.0006522613693960011, 0.00024890416534617543, 0.00018896401161327958, 8.967554458649829e-05, 9.46858745010104e-06, 4.934432853085714e-21, 2.8095034620413454e-26], [0.006337250117212534, 0.005270018707960844, 0.0013796433340758085, 0.0009547576191835105, 0.0002413288748357445, 0.00013049262634012848, 9.239024802809581e-05, 4.228513716952875e-05, 1.3850863979314454e-05, 9.40542613576123e-19, 9.220683262324468e-21], [0.008916160091757774, 0.0026721549220383167, 0.0005054721841588616, 9.843732550507411e-05, 8.957440149970353e-05, 3.616428148234263e-05, 2.2087353499955498e-05, 4.510930295964499e-08, 4.9315451526425944e-20, 0.0, 0.0], [0.015193706378340721, 0.00039989606011658907, 0.00024088688951451331, 9.072401735465974e-05, 3.929816011805087e-05, 2.3119842808227986e-05, 1.638655703573022e-05, 7.3899827839341015e-06, 4.0574614104116336e-06, 4.051648829772603e-06, 3.986819525482882e-19], [0.030358532443642616, 0.0003060285816900432, 0.0002550607605371624, 0.00016170783783309162, 9.930197848007083e-05, 2.1240866772131994e-05, 1.0170048881263938e-05, 6.801250037824502e-06, 1.9560163764253957e-06, 1.1268335953218411e-07, 3.706437593414212e-21], [0.0824781209230423, 0.00024166185176, 6.831088830949739e-05, 4.1894571040757e-05, 1.3306237633514684e-05, 4.03137937610154e-06, 2.3658255940972595e-06, 1.4347273236126057e-06, 0.0, 0.0, 0.0], [0.18017451465129852, 0.00025191958411596715, 6.835687236161903e-05, 1.804150997486431e-05, 4.400212219479727e-06, 2.434766201986349e-06, 2.331186806259211e-06, 4.586316890708986e-07, 1.1412734579607786e-07, 5.058004468144152e-22, 0.0], [0.31185421347618103, 3.329531318740919e-05, 6.256367669266183e-06, 2.7437095013738144e-06, 1.7177584368255339e-06, 2.3663009329766282e-08, 3.963153763497651e-11, 2.0300684112299388e-22, 3.665773456059866e-27, 0.0, 0.0], [0.38273897767066956, 6.535780994454399e-05, 4.1930456973204855e-06, 1.7796172642192687e-06, 7.821907956895302e-07, 8.614277646756818e-08, 1.2674392646516708e-09, 5.66735193333758e-22, 2.8632548427354675e-22, 9.400693217716684e-23, 2.7935725665393823e-38], [0.029106589034199715]]}, "linear_probes": {"mse": [0.02125991066561017, 0.018526591258300005, 0.018501245641885353, 0.017550679058591676, 0.016825486809988806, 0.01626812761686179, 0.016238037480127834, 0.01634019128658169, 0.0163713749387168, 0.016888938478047382, 0.016694035472772154, 0.017767799394601835], "mae": [0.10582429101688139, 0.09712714962958552, 0.09729809030719626, 0.09335953669421948, 0.09185491921713944, 0.08884716311284761, 0.08852127105652385, 0.08904424502348585, 0.0893597314887872, 0.09167720237802178, 0.09076553039364792, 0.0948209854573837]}}