{"loss": 0.01834481954574585, "val_loss": 0.017424972727894783}