{"basic_statistics": {"weight_avg": [-0.02341771125793457, -0.16376346349716187, -0.08127745240926743, -0.47611454129219055], "bias_avg": [0.08695980161428452, -0.06604433804750443, -0.0358276441693306, 1.7243753671646118]}, "sparsity": {"nnz_weights": [24, 9, 9, 3], "total_weights": [24, 9, 9, 3], "nnz_biases": [3, 2, 1, 1], "total_biases": [3, 3, 3, 1]}, "layerwise_pca": {"explained_variance": [[0.02165267989039421, 0.0020916378125548363, 8.355592581210658e-05], [0.12215585261583328, 2.9237362468848005e-06, 0.0], [0.4641110897064209, 0.0, 0.0], [0.03543910011649132]]}, "linear_probes": {"mse": [0.01805565222726324, 0.016785348028946746, 0.0168439307310323, 0.016386313104285507], "mae": [0.09797674383862999, 0.09511785193743716, 0.09559471230176893, 0.09345516731630112]}}