{"loss": 0.017904020845890045, "val_loss": 0.016439111903309822}