{"basic_statistics": {"weight_avg": [-0.07096075266599655, 0.0416281595826149, 0.07071181386709213, 0.20648516714572906], "bias_avg": [0.04308683052659035, 0.02731642872095108, 0.03998108208179474, 0.05389638990163803]}, "sparsity": {"nnz_weights": [88, 121, 121, 11], "total_weights": [88, 121, 121, 11], "nnz_biases": [7, 9, 10, 1], "total_biases": [11, 11, 11, 1]}, "layerwise_pca": {"explained_variance": [[0.040733978152275085, 0.02863490954041481, 0.014028782024979591, 0.003556411247700453, 0.000770393293350935, 0.0005999785498715937, 9.513601253274828e-05, 6.10439649033164e-25, 0.0, 0.0, 0.0], [0.07460864633321762, 0.03312438726425171, 0.014055700972676277, 0.002333757234737277, 0.0007480559288524091, 0.00033629170502536, 0.00026445090770721436, 0.00019744879682548344, 0.0, 0.0, 0.0], [0.3986884653568268, 0.05866750329732895, 0.016027847304940224, 0.011709124781191349, 0.0021674272138625383, 0.0007863360224291682, 0.00034549759584479034, 0.0002685539366211742, 7.155842467909679e-05, 4.330537194618955e-05, 2.6338283733695096e-19], [0.03974856436252594]]}, "linear_probes": {"mse": [0.02069863587196474, 0.01907958359615849, 0.01800558707278201, 0.017131889012444366], "mae": [0.10547181778776137, 0.09936860518442896, 0.09558968998976725, 0.09209094057011716]}}