{"loss": 0.016185656189918518, "val_loss": 0.017965247854590416}