{"basic_statistics": {"weight_avg": [-0.02456062100827694, 0.02893972396850586, -0.33506447076797485, -0.0006104310159571469, 0.03936632350087166, -0.11066702008247375, 0.0933682918548584, 0.0832429975271225, 0.0910060703754425, -0.26168903708457947, 0.16731375455856323, -0.21402399241924286], "bias_avg": [0.0, 0.0, 0.0, 0.0, 0.0, 0.0, 0.0, 0.0, 0.0, 0.0, 0.0, -0.4187409281730652]}, "sparsity": {"nnz_weights": [24, 9, 9, 9, 9, 9, 9, 9, 9, 9, 9, 3], "total_weights": [24, 9, 9, 9, 9, 9, 9, 9, 9, 9, 9, 3], "nnz_biases": [0, 0, 0, 0, 0, 0, 0, 0, 0, 0, 0, 1], "total_biases": [3, 3, 3, 3, 3, 3, 3, 3, 3, 3, 3, 1]}, "layerwise_pca": {"explained_variance": [[0.04074991121888161, 0.016646936535835266, 0.001985683338716626], [0.024999534711241722, 0.00038610846968367696, 0.0], [0.0, 0.0, 0.0], [0.0, 0.0, 0.0], [0.0, 0.0, 0.0], [0.0, 0.0, 0.0], [0.0, 0.0, 0.0], [0.0, 0.0, 0.0], [0.0, 0.0, 0.0], [0.0, 0.0, 0.0], [0.0, 0.0, 0.0], [8.882322062922759e-16]]}, "linear_probes": {"mse": [0.05399457192611746, 0.057702481805857964, 0.05888487303283111, 0.05888487303283111, 0.05888487303283111, 0.05888487303283111, 0.05888487303283111, 0.05888487303283111, 0.05888487303283111, 0.05888487303283111, 0.05888487303283111, 0.05888487303283111], "mae": [0.18608422837306832, 0.19211749511210988, 0.19300549936807193, 0.19300549936807193, 0.19300549936807193, 0.19300549936807193, 0.19300549936807193, 0.19300549936807193, 0.19300549936807193, 0.19300549936807193, 0.19300549936807193, 0.19300549936807193]}}