{"loss": 0.05672913417220116, "val_loss": 0.05613141134381294}