{"sparsity": {"nnz_weights": [56, 49, 49, 49, 49, 49, 49, 49, 49, 49, 49, 7], "total_weights": [56, 49, 49, 49, 49, 49, 49, 49, 49, 49, 49, 7], "nnz_biases": [7, 7, 7, 6, 7, 7, 6, 7, 4, 6, 6, 1], "total_biases": [7, 7, 7, 7, 7, 7, 7, 7, 7, 7, 7, 1]}, "basic_statistics": {"weight_avg": [0.057889919728040695, 0.019297821447253227, 0.0607847198843956, -0.08072763681411743, 0.013552018441259861, 0.08968378603458405, 0.010287190787494183, 0.009809689596295357, -0.11988852173089981, 0.046428143978118896, 0.03710976243019104, 0.12264161556959152], "bias_avg": [0.02254312112927437, 0.0013237508246675134, 0.006678372621536255, 0.003653725143522024, 0.01453915424644947, 0.013044365681707859, 0.017734700813889503, -0.0024707424454391003, 0.00864481646567583, 0.02763807587325573, 0.021214382722973824, -0.05817967280745506]}, "layerwise_pca": {"explained_variance": [[0.08472401648759842, 0.009856530465185642, 0.006706533022224903, 0.00227156444452703, 0.001328390440903604, 0.0007351906970143318, 0.00021128389926161617], [0.01719984970986843, 0.013220531865954399, 0.0017479072557762265, 0.0009266198030672967, 0.0006909656804054976, 0.0001849983527790755, 1.4779848811485863e-07], [0.017134228721261024, 0.003958620596677065, 0.0010521720396354795, 0.000551813340280205, 7.885716472693854e-19, 0.0, 0.0], [0.00966685451567173, 0.000896077835932374, 0.0003942812327295542, 0.00022297035320661962, 8.10118876870547e-07, 0.0, 0.0], [0.0035937060602009296, 0.0005352268926799297, 0.00024033532827161252, 6.310418393695727e-05, 5.751497837991337e-07, 2.560897769399162e-07, 0.0], [0.0033341217786073685, 0.0005240417667664587, 0.00027465904713608325, 7.264583109645173e-05, 1.3519672393158544e-05, 3.4915844935312634e-06, 0.0], [0.003832391696050763, 0.0001280425931327045, 3.8493639294756576e-05, 1.5507572243222967e-05, 7.591118901473237e-06, 8.105840090439754e-20, 0.0], [0.005769629497081041, 4.800897295353934e-05, 2.607450915093068e-05, 3.1374986519949744e-06, 1.0195165031810156e-20, 0.0, 0.0], [0.0037048899102956057, 3.5360495530767366e-05, 1.2809058716811705e-05, 7.181512931056056e-20, 1.8886240100931286e-22, 0.0, 0.0], [0.002857792191207409, 3.133345308015123e-05, 2.1940652459306875e-06, 1.0019314231612952e-06, 1.8221601724928064e-16, 2.0986110048944364e-24, 9.887380531773812e-34], [0.003422935027629137, 9.671120096754748e-06, 3.741659782008355e-07, 8.377333671205633e-08, 1.1346513062449048e-08, 2.1857833692510696e-22, 2.987335468715277e-23], [4.7657165850978345e-05]]}, "linear_probes": {"mse": [0.027646685744938032, 0.0284452726921771, 0.02910460575207481, 0.029472931684368195, 0.029384654531309767, 0.029239061749144604, 0.02998427514799304, 0.03021090715151602, 0.03016306007761155, 0.030141855792324267, 0.030139248485321908, 0.031700110164394425], "mae": [0.1234021026738085, 0.12569498740631263, 0.12618181982854645, 0.12748259331311532, 0.12689436584011096, 0.12665841523150256, 0.1279184448804599, 0.1291160914812401, 0.1292976589536231, 0.12904601438779145, 0.12921560883688807, 0.13489573194037777]}, "cca": [[0.9999999446695337, 0.6650803649507842, 0.5298727954882635, 0.42469415688857126, 0.520495018145896, 0.5407446347404813, 0.4124023001569575, 0.32723654760345205, 0.2637219721164184, 0.3457356111121125, 0.33346204135734425], [0.6650802179708292, 1.000000124897042, 0.549362327735076, 0.43978858483200156, 0.5450331898864716, 0.5638594230165138, 0.4206219327503017, 0.3293117961501549, 0.27208440312141136, 0.3686051515433389, 0.35462622801998933], [0.5298727954882635, 0.549362327735076, 0.9999995842145657, 0.5762966399036357, 0.6757494644368762, 0.5413661844177113, 0.6813449311469283, 0.30791719658525907, 0.5412059406502802, 0.32248310882018166, 0.4599873559335655], [0.42469415688857126, 0.43978858483200156, 0.5762966399036357, 0.9999999446695337, 0.5618189489713521, 0.6857256796340933, 0.49334433841386477, 0.559379265799458, 0.44215576112505267, 0.3751871871926937, 0.3843868827914341], [0.520495018145896, 0.5450331233587674, 0.6757494644368762, 0.5618190165157415, 0.9999999446695337, 0.702629862707129, 0.6923721615048066, 0.4600731074744045, 0.490039461528927, 0.4400711173161024, 0.4221200050983579], [0.5407446347404813, 0.5638594906834494, 0.5413661844177113, 0.6857255303903084, 0.702629862707129, 0.9999997644420416, 0.6109970466497755, 0.6312239100428282, 0.38953141189469825, 0.5511438940431442, 0.5285269667247628], [0.4124023001569575, 0.4206219327503017, 0.6813449311469283, 0.49334433841386477, 0.6923721615048066, 0.6109971875269561, 0.9999997644420416, 0.5626906769975923, 0.5530342889018698, 0.5150413414262422, 0.6148548397349194], [0.32723649605424854, 0.3293117961501549, 0.30791719658525907, 0.559379198401887, 0.4600731074744045, 0.6312239100428282, 0.5626906094008258, 0.9999999446695337, 0.5481750849194539, 0.7762532294851374, 0.4400547378768372], [0.2637219721164184, 0.27208440312141136, 0.5412059406502802, 0.44215576112505267, 0.490039461528927, 0.38953141189469825, 0.5530342889018698, 0.5481750182002726, 1.000000124897042, 0.5716858199614633, 0.5466620719488954], [0.3457356111121125, 0.36860509683270337, 0.32248310882018166, 0.37518713199574655, 0.4400711173161024, 0.5511438940431442, 0.5150413414262422, 0.7762532294851374, 0.5716858199614633, 0.9999990435322356, 0.6102220454821625], [0.33346209339458915, 0.35462622801998933, 0.4599873559335655, 0.3843868827914341, 0.4221200050983579, 0.5285269012121928, 0.6148548397349194, 0.4400547378768372, 0.5466620719488954, 0.6102220454821625, 0.9999995842145657]], "logs": {"loss": 0.06234041973948479, "val_loss": 0.056555457413196564}}