{"basic_statistics": {"weight_avg": [0.13156650960445404, 0.26678845286369324, 0.2006871998310089, 0.07363001257181168], "bias_avg": [-0.05758727714419365, 0.04184241592884064, -0.020360946655273438, 0.5398540496826172]}, "sparsity": {"nnz_weights": [24, 9, 9, 3], "total_weights": [24, 9, 9, 3], "nnz_biases": [3, 3, 3, 1], "total_biases": [3, 3, 3, 1]}, "layerwise_pca": {"explained_variance": [[0.036620739847421646, 0.008561269380152225, 6.972165283514187e-05], [0.06266285479068756, 0.007086300291121006, 9.632986620999873e-05], [0.19165737926959991, 0.0005037998198531568, 0.0], [0.022449908778071404]]}, "linear_probes": {"mse": [0.0211199706297354, 0.02002242030281239, 0.022745145492986608, 0.022451700967859693], "mae": [0.10791411412045182, 0.10502608840403671, 0.11326292945323917, 0.11255204306206586]}}