{"loss": 0.02480647899210453, "val_loss": 0.02480645477771759}