{"basic_statistics": {"weight_avg": [0.06512624770402908, 0.0020783410873264074, -0.0165866706520319, 0.0291653573513031, -0.0071564773097634315, -0.007014111150056124, 0.01567370817065239, 0.13197080790996552], "bias_avg": [0.03208937868475914, 0.009651764295995235, 0.06823543459177017, 0.012239173986017704, 0.04619629681110382, 0.01946859061717987, 0.06047157198190689, -0.019832409918308258]}, "sparsity": {"nnz_weights": [88, 121, 121, 121, 121, 121, 121, 11], "total_weights": [88, 121, 121, 121, 121, 121, 121, 11], "nnz_biases": [10, 10, 9, 10, 8, 11, 11, 1], "total_biases": [11, 11, 11, 11, 11, 11, 11, 1]}, "layerwise_pca": {"explained_variance": [[0.0981072336435318, 0.05804932862520218, 0.009086607955396175, 0.0075460271909832954, 0.002407430438324809, 0.0006400756537914276, 0.0005270177498459816, 0.0004537768545560539, 0.00015062166494317353, 5.956368477200158e-05, 1.6485210197887013e-18], [0.08807902783155441, 0.011037918739020824, 0.008372335694730282, 0.004593217745423317, 0.0011418717913329601, 0.0009648955310694873, 0.0005419565131887794, 0.00023506669094786048, 0.00011530503979884088, 1.375789749060194e-18, 0.0], [0.03409391641616821, 0.011288691312074661, 0.006451099645346403, 0.0027793862391263247, 0.0009766819421201944, 0.0005152909434400499, 0.00022148001880850643, 0.00012622729991562665, 4.768393773701973e-05, 2.282907234853968e-18, 1.4584696695344398e-20], [0.022501489147543907, 0.01519415620714426, 0.003039941191673279, 0.0011825115652754903, 0.0004279875138308853, 4.01350662286859e-05, 3.384916635695845e-05, 1.3282145800985745e-06, 7.318756541092352e-19, 6.660787872052293e-21, 3.5550709629204043e-22], [0.033688921481370926, 0.014590694569051266, 0.001771364244632423, 0.00036596995778381824, 0.00012101829634048045, 7.335007830988616e-05, 1.0616825420584064e-05, 2.2674253606179075e-19, 5.768291040672806e-23, 5.6721917978029984e-36, 0.0], [0.11024028807878494, 0.021930718794465065, 0.0009229420684278011, 0.0006141345365904272, 0.00027072580996900797, 0.00010763348109321669, 5.607057755696587e-05, 1.4391228432941716e-05, 5.14488601766061e-06, 9.56854305062939e-19, 0.0], [0.41842883825302124, 0.019559521228075027, 0.010957400314509869, 0.0023894079495221376, 0.00044241477735340595, 0.0003130682453047484, 0.00013548543211072683, 1.6187195797101595e-05, 4.8560659706708975e-06, 1.2795456427738827e-07, 2.2843513500318178e-20], [0.0441964790225029]]}, "linear_probes": {"mse": [0.01989719543079507, 0.01927532268242724, 0.01855101054752585, 0.018413835291086356, 0.016043601387302677, 0.015336832897009356, 0.014701162404884617, 0.014728913412454612], "mae": [0.10247967923167835, 0.09959559520307938, 0.09918634031895754, 0.09933805124966257, 0.0892873332238341, 0.08632825117660242, 0.08363774267882493, 0.08404217589889164]}}