{"loss": 0.014294445514678955, "val_loss": 0.015471299178898335}