{"basic_statistics": {"weight_avg": [-0.057297490537166595, 0.029044480994343758, 0.06748277693986893, 0.164383664727211], "bias_avg": [0.04727192968130112, 0.022854529321193695, 0.03600650653243065, 0.06232621148228645]}, "sparsity": {"nnz_weights": [88, 121, 121, 11], "total_weights": [88, 121, 121, 11], "nnz_biases": [7, 9, 10, 1], "total_biases": [11, 11, 11, 1]}, "layerwise_pca": {"explained_variance": [[0.044634390622377396, 0.02700457163155079, 0.01530395820736885, 0.003080477938055992, 0.0005528562469407916, 0.0004190402978565544, 4.101738159079105e-05, 2.8493898315432387e-19, 0.0, 0.0, 0.0], [0.0735873356461525, 0.02310749888420105, 0.012361625209450722, 0.002393108094111085, 0.0007899457705207169, 0.0003163769724778831, 0.00021367859153542668, 0.00013292104995343834, 0.0, 0.0, 0.0], [0.3717656433582306, 0.03288968652486801, 0.013855370692908764, 0.012630128301680088, 0.0016986544942483306, 0.0007952521555125713, 0.00042833411134779453, 0.0002312272263225168, 7.287854532478377e-05, 4.398337478050962e-05, 2.743988474563686e-20], [0.03800724074244499]]}, "linear_probes": {"mse": [0.019387463286444487, 0.017944099682373614, 0.01669399410832071, 0.01582639594197057], "mae": [0.10163706320202612, 0.09593337798579703, 0.09179443934079719, 0.08926404685010884]}}