{"loss": 0.016691021621227264, "val_loss": 0.01807471178472042}