{"sparsity": {"nnz_weights": [56, 49, 49, 49, 49, 49, 49, 49, 49, 49, 49, 7], "total_weights": [56, 49, 49, 49, 49, 49, 49, 49, 49, 49, 49, 7], "nnz_biases": [7, 5, 4, 7, 3, 6, 5, 5, 5, 4, 5, 1], "total_biases": [7, 7, 7, 7, 7, 7, 7, 7, 7, 7, 7, 1]}, "basic_statistics": {"weight_avg": [0.09428729116916656, 0.07296589016914368, 0.004173538647592068, 0.09383229166269302, -0.052855607122182846, -0.025208348408341408, -0.011269967071712017, -0.035085611045360565, -0.055621080100536346, 0.040019214153289795, 0.011624118313193321, -0.2030762881040573], "bias_avg": [0.010373351164162159, 0.01971544697880745, 0.0052542248740792274, 0.0031813238747417927, 0.01354356948286295, 0.0027713640592992306, 0.005311556160449982, 0.019101541489362717, 0.01310815755277872, 0.019124580547213554, 0.01839209906756878, -0.03373450040817261]}, "layerwise_pca": {"explained_variance": [[0.061483900994062424, 0.036992475390434265, 0.0042745983228087425, 0.0032071080058813095, 0.003087807446718216, 0.0006413334049284458, 0.00023156654788181186], [0.05193707346916199, 0.024476222693920135, 0.0033500927966088057, 0.001420632004737854, 0.0006178943440318108, 4.938492009297271e-18, 1.014543849676284e-22], [0.007863685488700867, 0.0054497020319104195, 0.0005883458652533591, 0.0001455756719224155, 1.9136480191460086e-18, 1.1203679466126542e-23, 0.0], [0.009303438477218151, 0.001134288846515119, 0.00026632953085936606, 1.1661380085570272e-05, 7.273469691426726e-06, 1.1734164218069054e-06, 3.7771462390104316e-14], [0.0015032250666990876, 1.619463182578329e-05, 3.239020315959351e-06, 7.942499384441808e-21, 0.0, 0.0, 0.0], [0.0011920919641852379, 1.955988409463316e-06, 1.2935113424816791e-08, 0.0, 0.0, 0.0, 0.0], [0.0008947828318923712, 4.629307426284868e-08, 5.39020650336397e-09, 2.5441442120718055e-25, 0.0, 0.0, 0.0], [0.00044593162601813674, 9.597507677483463e-09, 5.765014576830652e-10, 3.3385118048736564e-16, 4.575915791745487e-22, 3.5764194066592854e-29, 0.0], [0.00015241563960444182, 1.0178260456683574e-09, 2.735575377332822e-10, 1.660329105765472e-25, 2.5050975532859652e-29, 8.407790785948902e-45, 0.0], [0.00014849517901893705, 5.830325666700276e-10, 2.290219680567418e-10, 3.56794739695028e-14, 0.0, 0.0, 0.0], [0.0001439129264326766, 6.343175429357473e-10, 8.201526263684755e-12, 2.022225770626114e-14, 1.3083558866310596e-25, 1.4463655882185394e-27, 9.823102234916968e-43], [7.166347131715156e-06]]}, "linear_probes": {"mse": [0.028028404686236904, 0.037253322714311476, 0.05638633948339597, 0.056109538886011584, 0.057896650560932066, 0.057707074723567946, 0.057707095828739355, 0.05770703028580501, 0.05770719939336187, 0.057707102859829267, 0.05770681959417256, 0.058359224370885296], "mae": [0.1280054006207383, 0.15108571367861542, 0.18819743371847814, 0.1879652728598948, 0.19010942739095263, 0.18965701388416276, 0.1896626759788778, 0.18963311992994486, 0.1896452635677277, 0.18970787461014796, 0.18971881598990206, 0.1906177425840788]}, "cca": [[0.9999999446695337, 0.6032509694188987, 0.3773968740154357, 0.48668540116006753, 0.2998850631865955, 0.3118155481505645, 0.3435502666390176, 0.3536867256352565, 0.2973674099865958, 0.35416010181645113, 0.3544451378713985], [0.603251109400227, 0.9999999446695337, 0.3678013985114786, 0.478084517663435, 0.291756509740383, 0.4739193709036097, 0.5033989420561673, 0.37542004404352675, 0.5998776691928681, 0.5177970435142782, 0.6606085457933984], [0.3773968740154357, 0.3678013985114786, 0.9999988633048247, 0.5715717677851201, 0.7985986803617574, 0.5798979697717398, 0.571212312182429, 0.644674052935386, 0.4424373145743711, 0.502022377702411, 0.5020519401234408], [0.48668540116006753, 0.478084517663435, 0.5715717677851201, 0.9999999446695337, 0.42877130578324546, 0.42364695810720676, 0.4084871992589427, 0.5124492193188469, 0.4192181799675337, 0.5125597927373248, 0.5125857927701694], [0.2998850631865955, 0.291756509740383, 0.7985986803617574, 0.42877130578324546, 1.0000028283116162, 0.7204147814247547, 0.7185709655589433, 0.60783746328538, 0.5662983349183719, 0.465244565534452, 0.4652303671021128], [0.31181559847048845, 0.4739193709036097, 0.5798979697717398, 0.42364695810720676, 0.72041462845261, 0.9999994039871061, 0.631679049984606, 0.5716475287745278, 0.7003194549922682, 0.5716473925092487, 0.5716937236401398], [0.3435502666390176, 0.5033989420561673, 0.571212312182429, 0.4084871992589427, 0.7185709655589433, 0.631679049984606, 1.0000004853521074, 0.7142248085415385, 0.7507316104395484, 0.5715679526162815, 0.7143912969513947], [0.3536867256352565, 0.37542004404352675, 0.644674052935386, 0.5124492193188469, 0.6078376037978371, 0.5716475287745278, 0.7142248085415385, 1.0000004853521074, 0.5718881985977353, 0.7143577844584083, 0.7145378471771308], [0.2973674099865958, 0.5998776691928681, 0.4424373745144022, 0.4192181799675337, 0.5662983349183719, 0.7003194549922682, 0.7507316104395484, 0.5718883348917123, 1.0000004853521074, 0.5714057515924021, 0.8571429195287449], [0.35416004818854063, 0.5177970435142782, 0.502022377702411, 0.5125597927373248, 0.465244565534452, 0.5716473925092487, 0.5715679526162815, 0.7143577844584083, 0.5714057515924021, 0.9999995842145657, 0.7142057694748344], [0.3544451378713985, 0.6606085457933984, 0.5020520039741042, 0.5125857927701694, 0.4652303671021128, 0.5716935873693549, 0.7143911446201027, 0.7145378471771308, 0.8571429195287449, 0.7142057694748344, 1.0000004853521074]], "logs": {"loss": 0.05899548903107643, "val_loss": 0.05859261378645897}}