{"sparsity": {"nnz_weights": [88, 121, 121, 121, 121, 121, 121, 121, 121, 121, 121, 11], "total_weights": [88, 121, 121, 121, 121, 121, 121, 121, 121, 121, 121, 11], "nnz_biases": [10, 9, 11, 11, 11, 10, 11, 9, 11, 9, 10, 1], "total_biases": [11, 11, 11, 11, 11, 11, 11, 11, 11, 11, 11, 1]}, "basic_statistics": {"weight_avg": [0.0077220420353114605, 0.026062803342938423, 0.007149715442210436, 0.0413844920694828, 0.008738975040614605, 0.06104351580142975, 0.027681361883878708, -0.010077222250401974, 0.0023679803125560284, 0.014165555126965046, 0.05349058285355568, -0.03006810136139393], "bias_avg": [0.007321105804294348, -0.012691703625023365, 0.01571238785982132, -0.007973567582666874, 0.014918634667992592, 0.008120449259877205, 0.04467570036649704, 0.02079160325229168, 0.034330371767282486, 0.028541434556245804, 0.031116612255573273, -0.05623124539852142]}, "layerwise_pca": {"explained_variance": [[0.0548306480050087, 0.022659841924905777, 0.010777986608445644, 0.006938905455172062, 0.0023085055872797966, 0.0013881516642868519, 0.00020877597853541374, 7.989780715433881e-05, 7.407309327593451e-19, 0.0, 0.0], [0.029525505378842354, 0.017150990664958954, 0.0035906473640352488, 0.0017390664434060454, 0.0011894148774445057, 0.00018329381418880075, 7.77043096604757e-05, 5.2091396355535835e-05, 6.047795597856156e-19, 4.4138191541049534e-24, 0.0], [0.017011281102895737, 0.003855875926092267, 0.0024463937152177095, 0.0017113533103838563, 0.0005774966557510197, 0.0004247791366651654, 0.00032643508166074753, 0.00011444730625953525, 7.802151958458126e-05, 4.1768260416574776e-05, 2.1367350555578923e-08], [0.00974369328469038, 0.002781954361125827, 0.0017599506536498666, 0.0009610562701709569, 0.0005170845543034375, 0.00029173746588639915, 0.00017699516320135444, 9.818127000471577e-05, 1.9296603568363935e-05, 1.0243003600862721e-07, 1.511001260674783e-19], [0.014683117158710957, 0.004011599346995354, 0.0010839662281796336, 0.0006172811845317483, 0.0003619238268584013, 0.0002128111373167485, 4.510906364885159e-05, 2.080065678455867e-05, 9.096888788917568e-06, 0.0, 0.0], [0.02127452753484249, 0.002002923982217908, 0.0006696502678096294, 0.0003582267090678215, 0.00019965450337622315, 0.00012845976743847132, 6.315975042525679e-05, 3.8882197259226814e-05, 1.2468608474591747e-05, 2.3661822923919e-20, 7.064940726086173e-21], [0.05303393676877022, 0.0021429769694805145, 0.001091571873985231, 0.00033479451667517424, 0.00023129083274398, 9.211080759996548e-05, 4.917873229715042e-05, 1.8526108760852367e-05, 2.449004114168929e-06, 6.9216478408327e-21, 0.0], [0.08023721724748611, 0.004306025803089142, 0.001568844891153276, 0.0005606879713013768, 0.00012739446538034827, 2.7612370104179718e-05, 8.791138498054352e-06, 1.352751421990206e-08, 9.80210560683115e-21, 3.860863552716212e-24, 0.0], [0.14598694443702698, 0.006940958555787802, 0.0010779540752992034, 0.00011021215323125944, 2.5991806978709064e-05, 1.558707663207315e-05, 5.3217040658637416e-06, 2.2702977275912417e-06, 1.2248729035491124e-06, 5.595671664355228e-21, 0.0], [0.2578936517238617, 0.006974404212087393, 0.0007135947817005217, 0.00014144027954898775, 3.168872353853658e-05, 3.861201548716053e-06, 1.5974197253854072e-07, 4.247554997118751e-20, 3.520742008244593e-21, 5.408673335354065e-23, 2.5292731475052437e-36], [0.6061802506446838, 0.04199083894491196, 0.003698106622323394, 0.002076247474178672, 6.5590713347774e-05, 1.600825817149598e-05, 6.984053470660001e-06, 4.329229341237806e-06, 1.0898994560193387e-06, 3.676322180012903e-08, 6.863563949272404e-22], [0.04322449490427971]]}, "linear_probes": {"mse": [0.020039487760245195, 0.019231494753387535, 0.018458850685521083, 0.017004366167620216, 0.015462181197959248, 0.01456831475634813, 0.01472249739251686, 0.013561633810583684, 0.013572117552697533, 0.013565518919880346, 0.013546590692835453, 0.013500259994956918], "mae": [0.10270422163686166, 0.10163765017311813, 0.09998012274115219, 0.09482472811508329, 0.08734943164229744, 0.08505690024330911, 0.08594164963432169, 0.08042805515822131, 0.0808538512373101, 0.0805419077304606, 0.08049083764381657, 0.08038015544440794]}, "cca": [[0.9999999101876462, 0.5218107938549575, 0.5128178602056075, 0.4568219230909614, 0.59886660702556, 0.3891308550832584, 0.5361225384972024, 0.3590641735648784, 0.3800727850810455, 0.23866104008437813, 0.27719763053578494], [0.5218107938549575, 0.9999997664158452, 0.5156744531665822, 0.46992983179553055, 0.3987406861814096, 0.36964319280618113, 0.3361859010651694, 0.2599013940664579, 0.2635566188878949, 0.29898418992885145, 0.24768252398793453], [0.5128178602056075, 0.5156744531665822, 1.0000000539594576, 0.6222091082348594, 0.5611227407307162, 0.47951972712013974, 0.41839439156751723, 0.31333844864697497, 0.336358230561018, 0.2816999127304094, 0.3285005488989919], [0.45682202026432606, 0.46992983179553055, 0.6222091082348594, 0.9999997664158452, 0.5976904999691793, 0.5037064474314031, 0.44557913599768734, 0.3311841384754075, 0.34106094098853196, 0.3596761485183929, 0.30987125557203915], [0.59886660702556, 0.3987406861814096, 0.5611226330339502, 0.5976904999691793, 1.0000001977312793, 0.6129151715075006, 0.6345809595336557, 0.49805640749997854, 0.5199011841122776, 0.37045017223144067, 0.41904785404240513], [0.3891308550832584, 0.36964319280618113, 0.47951972712013974, 0.5037064474314031, 0.6129151715075006, 0.9999996226440544, 0.6123434009232007, 0.5313494125321085, 0.5515842129327925, 0.47802165222402043, 0.5223414235286131], [0.5361225384972024, 0.3361859010651694, 0.41839448456403777, 0.44557913599768734, 0.634581074063135, 0.6123434009232007, 0.9999997664158452, 0.5835765505264848, 0.49487916637539536, 0.41273178088257817, 0.4532954347451695], [0.3590641735648784, 0.2599013574186467, 0.31333848888629295, 0.3311841384754075, 0.49805640749997854, 0.5313495173327335, 0.5835765505264848, 0.9999997664158452, 0.5825414188770579, 0.4804975878788737, 0.6043515398705701], [0.3800727850810455, 0.2635566188878949, 0.336358230561018, 0.34106094098853196, 0.5199011841122776, 0.5515842129327925, 0.49487916637539536, 0.5825413091440882, 0.9999999101876462, 0.6413118590264317, 0.6164267993018381], [0.23866104008437813, 0.29898418992885145, 0.2816999127304094, 0.3596761485183929, 0.37045017223144067, 0.47802165222402043, 0.41273178088257817, 0.4804975878788737, 0.6413118590264317, 0.9999996226440544, 0.5576123793468355], [0.27719763053578494, 0.24768252398793453, 0.32850050769760936, 0.3098712155559737, 0.41904785404240513, 0.5223414235286131, 0.45329533794761223, 0.604351428102296, 0.6164269121811944, 0.5576123793468355, 0.9999997664158452]], "logs": {"loss": 0.01337116863578558, "val_loss": 0.013516302220523357}}