{"basic_statistics": {"weight_avg": [-0.026872990652918816, 0.08123379945755005, 0.009489589370787144, 0.00904911570250988, -0.03970929607748985, -0.02970435470342636, 0.05404007062315941, 0.06446779519319534, 0.06058482825756073, 0.0056914533488452435, 0.04842895269393921, -0.16257856786251068], "bias_avg": [0.04079446941614151, -0.001051797065883875, 0.0010309605859220028, 0.00809949729591608, 0.0041082464158535, 0.0161276888102293, 0.013997755013406277, 0.014706670306622982, 0.01437239721417427, 0.010280936025083065, 0.03840455040335655, 1.0579050779342651]}, "sparsity": {"nnz_weights": [88, 121, 121, 121, 121, 121, 121, 121, 121, 121, 121, 11], "total_weights": [88, 121, 121, 121, 121, 121, 121, 121, 121, 121, 121, 11], "nnz_biases": [11, 11, 10, 11, 10, 11, 11, 10, 11, 9, 11, 1], "total_biases": [11, 11, 11, 11, 11, 11, 11, 11, 11, 11, 11, 1]}, "layerwise_pca": {"explained_variance": [[0.05513177439570427, 0.018491998314857483, 0.005754857324063778, 0.004950562492012978, 0.00149889278691262, 0.0008907357114367187, 0.0004390975518617779, 0.00016478815814480186, 0.00011883394472533837, 9.151966514764354e-05, 6.150058652565349e-06], [0.025847017765045166, 0.011867760680615902, 0.0038191969506442547, 0.003157917410135269, 0.0014211724046617746, 0.0007077555637806654, 0.00041755748679861426, 0.00021342581021599472, 0.0001316579437116161, 6.652518641203642e-05, 4.091795926797204e-05], [0.013742664828896523, 0.008820085786283016, 0.004239657428115606, 0.0018413197249174118, 0.0011482146801427007, 0.0004038706829305738, 0.0003714683116413653, 8.73748431331478e-05, 7.27110164007172e-05, 6.939184231377537e-21, 2.0421252114217648e-24], [0.008172981441020966, 0.005202154628932476, 0.0022659888491034508, 0.0010781550081446767, 0.00028006883803755045, 0.00023071873874869198, 0.00014474989438895136, 5.817592318635434e-05, 1.2008687008346897e-05, 1.649872839704766e-18, 1.761248857625304e-19], [0.01128736138343811, 0.002767316997051239, 0.0006962228799238801, 0.00011325966625008732, 7.445338269462809e-05, 5.339065319276415e-05, 2.425578486509039e-06, 1.0118869795405772e-06, 7.279504546280026e-18, 0.0, 0.0], [0.018427127972245216, 0.0005763228400610387, 0.0004665024171117693, 0.00021519052097573876, 6.347669841488823e-05, 4.01121869799681e-05, 2.826564923452679e-05, 1.7372702131979167e-05, 8.47947558213491e-06, 5.4786846703791525e-06, 4.114807779842522e-06], [0.03652740269899368, 0.001303093391470611, 0.0003623009251896292, 0.00021908493363298476, 0.00014277199807111174, 4.970468580722809e-05, 2.5927369279088452e-05, 1.3119926734361798e-05, 1.095381139748497e-05, 1.7842356783148716e-06, 1.6240702588152756e-20], [0.09861436486244202, 0.0029196864925324917, 0.0001752438984112814, 8.484195859637111e-05, 1.918713496706914e-05, 1.3560435945692006e-05, 5.971428890916286e-06, 2.4392786599491956e-06, 0.0, 0.0, 0.0], [0.21983826160430908, 0.005491907242685556, 8.144429011736065e-05, 3.907022255589254e-05, 2.4009250410017557e-05, 1.0670109986676835e-05, 4.99040925205918e-06, 3.725048600244918e-06, 9.710140602692263e-07, 4.203293713089806e-07, 4.562849831774326e-21], [0.37487852573394775, 0.018707498908042908, 0.0007705988246016204, 2.0073466657777317e-05, 1.404185331921326e-05, 4.389748482935829e-06, 2.288434188812971e-06, 3.488695625753482e-21, 2.6279708299749314e-22, 0.0, 0.0], [0.42827948927879333, 0.09039932489395142, 0.0002387070271652192, 9.59083772613667e-05, 1.0307440788892563e-05, 3.1786196359462338e-06, 2.159773657695041e-06, 5.310447477313573e-07, 1.7240427041542716e-07, 2.0901012309882372e-20, 6.339252408000435e-22], [0.042116448283195496]]}, "linear_probes": {"mse": [0.020765701857881833, 0.018077666475707507, 0.017411255232104374, 0.015788657464869557, 0.014991490715913759, 0.014259296268862949, 0.014236282119435057, 0.014392022048663886, 0.014124416408442093, 0.014333123815993444, 0.014133294046624448, 0.01413834370258103], "mae": [0.10560366239435097, 0.09749028591109946, 0.09566348297434749, 0.08933164140725167, 0.08685634980708334, 0.08303313733703296, 0.08289978000602743, 0.08369769077705057, 0.08209191597572389, 0.0832432849481586, 0.08193597236380885, 0.08216385209769084]}}