{"loss": 0.014071660116314888, "val_loss": 0.01351683959364891}