{"basic_statistics": {"weight_avg": [-0.02456062100827694, 0.02893972396850586, -0.33506447076797485, -0.0006104310159571469, 0.03936632350087166, -0.11066702008247375, 0.0933682918548584, 0.0832429975271225, 0.0910060703754425, -0.26168903708457947, 0.16731375455856323, -0.21402399241924286], "bias_avg": [0.0, 0.0, 0.0, 0.0, 0.0, 0.0, 0.0, 0.0, 0.0, 0.0, 0.0, -0.06360601633787155]}, "sparsity": {"nnz_weights": [24, 9, 9, 9, 9, 9, 9, 9, 9, 9, 9, 3], "total_weights": [24, 9, 9, 9, 9, 9, 9, 9, 9, 9, 9, 3], "nnz_biases": [0, 0, 0, 0, 0, 0, 0, 0, 0, 0, 0, 1], "total_biases": [3, 3, 3, 3, 3, 3, 3, 3, 3, 3, 3, 1]}, "layerwise_pca": {"explained_variance": [[0.04065927490592003, 0.01673898473381996, 0.0020140844862908125], [0.024900592863559723, 0.0003904186887666583, 0.0], [0.0, 0.0, 0.0], [0.0, 0.0, 0.0], [0.0, 0.0, 0.0], [0.0, 0.0, 0.0], [0.0, 0.0, 0.0], [0.0, 0.0, 0.0], [0.0, 0.0, 0.0], [0.0, 0.0, 0.0], [0.0, 0.0, 0.0], [3.5529288251691035e-15]]}, "linear_probes": {"mse": [0.05519233372088568, 0.05740899584234044, 0.05843119965978051, 0.05843119965978051, 0.05843119965978051, 0.05843119965978051, 0.05843119965978051, 0.05843119965978051, 0.05843119965978051, 0.05843119965978051, 0.05843119965978051, 0.05843119965978051], "mae": [0.18778588696173662, 0.1920464328753879, 0.1929205253621297, 0.1929205253621297, 0.1929205253621297, 0.1929205253621297, 0.1929205253621297, 0.1929205253621297, 0.1929205253621297, 0.1929205253621297, 0.1929205253621297, 0.1929205253621297]}}