{"loss": 0.0658574253320694, "val_loss": 0.06469983607530594}