{"basic_statistics": {"weight_avg": [0.022596755996346474, 0.1475253701210022, -0.03473213315010071, 0.008423984050750732], "bias_avg": [0.01997356303036213, 0.007484861649572849, 0.010690114460885525, -0.03230475261807442]}, "sparsity": {"nnz_weights": [56, 49, 49, 7], "total_weights": [56, 49, 49, 7], "nnz_biases": [7, 7, 5, 1], "total_biases": [7, 7, 7, 1]}, "layerwise_pca": {"explained_variance": [[0.054412759840488434, 0.012906242161989212, 0.009086832404136658, 0.003258085111156106, 0.0017611791845411062, 0.0012247010599821806, 0.0004001619527116418], [0.028815921396017075, 0.014370039105415344, 0.011579214595258236, 0.004426466766744852, 0.000987412640824914, 0.0009082910255528986, 8.122355211526155e-05], [0.01760300062596798, 0.005164322908967733, 0.0010041944915428758, 0.000299345439998433, 0.0001391792029608041, 1.0787146563018276e-18, 0.0], [0.0012108134105801582]]}, "linear_probes": {"mse": [0.02751597339604434, 0.029936840508832968, 0.03358766817601645, 0.04541966349683065], "mae": [0.12270773684097197, 0.1308104528721167, 0.1395278152846362, 0.16344447333702966]}}