{"loss": 0.05801642686128616, "val_loss": 0.04867968335747719}