{"basic_statistics": {"weight_avg": [0.04025700315833092, 0.03423033654689789, 0.027217885479331017, 0.2435559630393982], "bias_avg": [0.026848960667848587, 0.027199717238545418, 0.030074942857027054, 0.12150560319423676]}, "sparsity": {"nnz_weights": [88, 121, 121, 11], "total_weights": [88, 121, 121, 11], "nnz_biases": [11, 9, 9, 1], "total_biases": [11, 11, 11, 1]}, "layerwise_pca": {"explained_variance": [[0.08451735228300095, 0.04612802341580391, 0.01599239744246006, 0.006218662951141596, 0.001540417200885713, 0.001252294983714819, 0.000365336803952232, 0.00012844466255046427, 0.00011455427011242136, 3.4228751246700995e-06, 1.9178864363311732e-07], [0.09856455028057098, 0.06804648786783218, 0.01840672455728054, 0.003325734054669738, 0.0009391042985953391, 0.00038945316919125617, 0.00024132385442499071, 7.378820009762421e-05, 3.659741923911497e-05, 1.8519255595961033e-19, 0.0], [0.34339654445648193, 0.0667811781167984, 0.017355719581246376, 0.003043131669983268, 0.0009070960804820061, 0.0004029089177493006, 0.00024041335564106703, 5.7726243539946154e-05, 1.3062497916566879e-17, 9.110023395406293e-19, 9.754937833637783e-23], [0.03949766233563423]]}, "linear_probes": {"mse": [0.01955759154147074, 0.018330930920685693, 0.01711226963621154, 0.01623515741211263], "mae": [0.10309745628653443, 0.09938811043842485, 0.09414753971596646, 0.09063232404544098]}}