{"loss": 0.016704866662621498, "val_loss": 0.015466357581317425}