{"sparsity": {"nnz_weights": [56, 49, 49, 49, 49, 49, 49, 49, 49, 49, 49, 7], "total_weights": [56, 49, 49, 49, 49, 49, 49, 49, 49, 49, 49, 7], "nnz_biases": [7, 5, 6, 7, 5, 7, 6, 5, 5, 6, 6, 1], "total_biases": [7, 7, 7, 7, 7, 7, 7, 7, 7, 7, 7, 1]}, "basic_statistics": {"weight_avg": [0.09240754693746567, 0.09361794590950012, 0.03029896691441536, 0.09551449865102768, -0.04656548798084259, -0.010355925187468529, -0.007263312581926584, -0.013784508220851421, -0.04309022054076195, 0.05701085552573204, 0.01693901978433132, -0.23041336238384247], "bias_avg": [-0.004932557698339224, 0.02224798873066902, 0.009997705928981304, -0.022554563358426094, 0.02204379439353943, -0.0051753707230091095, 0.01129518635571003, -0.0009598210453987122, 0.019249187782406807, 0.008253603242337704, -0.0030790786258876324, 0.7651928663253784]}, "layerwise_pca": {"explained_variance": [[0.0660494938492775, 0.033419132232666016, 0.011221124790608883, 0.003246259642764926, 0.0019475847948342562, 0.0004168306477367878, 1.5449882084794808e-07], [0.07237966358661652, 0.02510209195315838, 0.013422097079455853, 0.0029343971982598305, 0.0005363589152693748, 4.715623289291037e-19, 1.7851278574652837e-21], [0.03633352369070053, 0.011072119697928429, 0.002075252588838339, 0.0008088574977591634, 0.00021869147894904017, 3.1987652667619514e-20, 6.178073054665049e-21], [0.056612931191921234, 0.0049930051900446415, 0.001356918946839869, 0.00013579106598626822, 8.383794192923233e-05, 3.0383778721443377e-05, 2.9475771157194686e-08], [0.04284479096531868, 0.001063134171999991, 0.00040269707096740603, 0.0001561459939694032, 2.3215185137814842e-05, 1.831846598409624e-21, 0.0], [0.07412449270486832, 0.0013518037740141153, 8.223899203585461e-05, 1.5631905625923537e-05, 6.422551905416185e-06, 4.594411740073661e-23, 0.0], [0.11193753033876419, 0.0026519647799432278, 0.0009103137999773026, 7.957729394547641e-05, 5.283662903821096e-05, 4.610454652720364e-06, 2.5178064676696895e-22], [0.1536048948764801, 0.0004625371366273612, 8.738224278204143e-05, 2.4303137251990847e-05, 3.8591665543208364e-06, 7.239012194139177e-19, 3.272274804471493e-20], [0.15663829445838928, 0.0003575919254217297, 2.4443930669804104e-05, 8.875792445905972e-06, 5.700371081036847e-20, 7.825903571704931e-22, 8.629400420784138e-37], [0.26835015416145325, 0.0002912494237534702, 8.180746954167262e-05, 9.171424608211964e-06, 1.7915623118369695e-07, 0.0, 0.0], [0.5426278114318848, 0.00010581645619822666, 3.833789833151968e-06, 4.753472553805534e-21, 1.6183393118187672e-23, 0.0, 0.0], [0.028269050642848015]]}, "linear_probes": {"mse": [0.02220091260656565, 0.022113902667399408, 0.02050742865557982, 0.01786727272280595, 0.01734211719650615, 0.01689833882282266, 0.016840901872244702, 0.016996722044506838, 0.017549942192920148, 0.017210182576230425, 0.017862055770670265, 0.018683682809076882], "mae": [0.11237629424488613, 0.11280565126411944, 0.10785820994202001, 0.09721209747691675, 0.09476103831843737, 0.09289247122486681, 0.09268851634572162, 0.09358220962969493, 0.09534158126442711, 0.09436139119825128, 0.09753556276390427, 0.10020252808288366]}, "cca": [[0.9999999446695337, 0.6684143638494869, 0.40721880471291577, 0.41622909350280884, 0.3679570609007397, 0.29278420137466654, 0.2721664798214261, 0.2591729346488774, 0.27517424841802757, 0.2832993046078108, 0.20816667974233788], [0.6684143638494869, 0.9999999446695337, 0.4017755873448761, 0.4084222929422481, 0.3723965048610601, 0.4354019345175613, 0.41410519364064513, 0.26289555984705665, 0.5604418208634071, 0.28387645921207494, 0.4941984243085784], [0.4072188622178357, 0.4017755873448761, 0.9999988633048247, 0.5743841415606182, 0.528602833005609, 0.2661770958464871, 0.24865482523007845, 0.5189956673558547, 0.3761960920110466, 0.2463951437029144, 0.3346389114345324], [0.41622909350280884, 0.4084222929422481, 0.5743841415606182, 0.9999995842145657, 0.5488574340587482, 0.38430196573033826, 0.3818599343694607, 0.36462802469954575, 0.3453361572946006, 0.3554166975355478, 0.2698996953345179], [0.3679571155632613, 0.3723964498697764, 0.528602833005609, 0.5488574340587482, 0.9999999446695337, 0.46999624464258105, 0.47076316826029085, 0.5878423896310859, 0.40979886882417055, 0.3927253466283044, 0.44291228689121453], [0.29278420137466654, 0.435401993979117, 0.2661770958464871, 0.38430196573033826, 0.46999624464258105, 0.9999990435322356, 0.5014338645144127, 0.49413634395385486, 0.6193058638564334, 0.6346489238396528, 0.4626317176154596], [0.2721664798214261, 0.41410519364064513, 0.24865487016557455, 0.38185999005509075, 0.47076316826029085, 0.5014338007030688, 0.9999999446695337, 0.45462098939249734, 0.6638297130254825, 0.5192109616380114, 0.5209407117527088], [0.2591729346488774, 0.26289555984705665, 0.5189956673558547, 0.36462802469954575, 0.5878423896310859, 0.4941362806085457, 0.45462098939249734, 0.9999988633048247, 0.5765746881708245, 0.4268647876585244, 0.5272195557053578], [0.27517424841802757, 0.5604417534018548, 0.3761960920110466, 0.3453361572946006, 0.40979886882417055, 0.6193057220246244, 0.6638297130254825, 0.5765746881708245, 0.9999988633048247, 0.5498389876866311, 0.8140956800845954], [0.2832993046078108, 0.28387650722473673, 0.2463951437029144, 0.3554166975355478, 0.3927253466283044, 0.6346489238396528, 0.5192109616380114, 0.4268647876585244, 0.5498390545069977, 0.9999999446695337, 0.36742986588342524], [0.20816667974233788, 0.4941984243085784, 0.3346389114345324, 0.2698996953345179, 0.44291228689121453, 0.46263177890816515, 0.5209407767934137, 0.5272195557053578, 0.8140956800845954, 0.3674299205067736, 0.9999990435322356]], "logs": {"loss": 0.020253561437129974, "val_loss": 0.02110399678349495}}