{"basic_statistics": {"weight_avg": [-0.08505252748727798, 0.006337539758533239, 0.049017906188964844, -0.0032978923991322517], "bias_avg": [0.014062252826988697, 0.0007435831939801574, 0.012881186790764332, -0.045531194657087326]}, "sparsity": {"nnz_weights": [88, 121, 121, 11], "total_weights": [88, 121, 121, 11], "nnz_biases": [7, 9, 9, 1], "total_biases": [11, 11, 11, 1]}, "layerwise_pca": {"explained_variance": [[0.03024812787771225, 0.02167765609920025, 0.0043804580345749855, 0.0018597615417093039, 0.0004165151040069759, 0.0003389008925296366, 0.0001229201297974214, 2.1312827085898738e-20, 0.0, 0.0, 0.0], [0.018718259409070015, 0.006919538602232933, 0.0034007825888693333, 0.0005515877273865044, 0.0002894980716519058, 0.00012291401799302548, 6.677798228338361e-05, 4.107109998585656e-05, 4.4384829889143015e-25, 0.0, 0.0], [0.016226526349782944, 0.0024057659320533276, 0.0005463872803375125, 0.0002595828555058688, 0.00013283175940159708, 8.207138307625428e-05, 3.733904304681346e-05, 1.440878531866474e-05, 2.502981487850775e-06, 1.7792797147683408e-19, 2.5375081662256666e-25], [0.00018667097901925445]]}, "linear_probes": {"mse": [0.023564000556297156, 0.025687051045978657, 0.025005302016386406, 0.05096159293481744], "mae": [0.11395237744112338, 0.12071899308909866, 0.11961123012664354, 0.17396788376835454]}}