{"loss": 0.06017275154590607, "val_loss": 0.05576203018426895}