{"basic_statistics": {"weight_avg": [0.10388072580099106, 0.2852020263671875, 0.22525504231452942, 0.3418947458267212], "bias_avg": [-0.021356703713536263, -0.04248495399951935, 0.0061365761794149876, -0.06195424497127533]}, "sparsity": {"nnz_weights": [24, 9, 9, 3], "total_weights": [24, 9, 9, 3], "nnz_biases": [3, 3, 3, 1], "total_biases": [3, 3, 3, 1]}, "layerwise_pca": {"explained_variance": [[0.04301570728421211, 0.002788126701489091, 0.0011061106342822313], [0.011758210137486458, 0.0005998030537739396, 1.2174050425528549e-05], [0.0016145226545631886, 0.00016858847811818123, 4.9647450163845615e-24], [5.901483746129088e-05]]}, "linear_probes": {"mse": [0.05382630012280617, 0.05521704067762423, 0.05579129244119172, 0.05614386156543034], "mae": [0.18203229418589548, 0.18498154148575507, 0.1854343605314063, 0.18641750310882177]}}