{"loss": 0.06597216427326202, "val_loss": 0.062025588005781174}