{"basic_statistics": {"weight_avg": [0.1586267650127411, 0.4160270392894745, 0.34087106585502625, 0.7906162738800049], "bias_avg": [-0.04357514902949333, 0.010472163558006287, -0.08012959361076355, 1.1599715948104858]}, "sparsity": {"nnz_weights": [24, 9, 9, 3], "total_weights": [24, 9, 9, 3], "nnz_biases": [3, 3, 3, 1], "total_biases": [3, 3, 3, 1]}, "layerwise_pca": {"explained_variance": [[0.0280645452439785, 0.0051992516964674, 0.0015953711699694395], [0.04955187812447548, 0.01006310060620308, 0.00048421075916849077], [0.2184951901435852, 0.014030380174517632, 0.0031762532889842987], [0.03723345696926117]]}, "linear_probes": {"mse": [0.02013469734236028, 0.019026259685965323, 0.0174478591442766, 0.017292116044932977], "mae": [0.10389918802041266, 0.10017958747974214, 0.09379708243640825, 0.09433471452029092]}}