{"loss": 0.017101099714636803, "val_loss": 0.017439989373087883}