{"sparsity": {"nnz_weights": [56, 49, 49, 7], "total_weights": [56, 49, 49, 7], "nnz_biases": [6, 6, 6, 1], "total_biases": [7, 7, 7, 1]}, "basic_statistics": {"weight_avg": [0.057206034660339355, -0.04183883219957352, 0.04816721752285957, -0.13692134618759155], "bias_avg": [0.07967082411050797, 0.031473614275455475, -0.013949340209364891, 0.1501033902168274]}, "layerwise_pca": {"explained_variance": [[0.03576996177434921, 0.023036116734147072, 0.010254164226353168, 0.006056561134755611, 0.0013123146491125226, 1.4946759620215744e-05, 1.3012821584880007e-17], [0.09690991044044495, 0.026651857420802116, 0.008449069224298, 0.00059655518271029, 1.0774754599651715e-07, 9.589467001247348e-23, 4.1363039429163914e-30], [0.1920071691274643, 0.018886372447013855, 0.00604415824636817, 0.0016830760287120938, 1.7799266061047092e-05, 6.808635808294548e-19, 1.0547983655821754e-25], [0.03680521249771118]]}, "linear_probes": {"mse": [0.01982701750781084, 0.019334162334390587, 0.01726989204526539, 0.01720968453161835], "mae": [0.10173400773166956, 0.10151881165305485, 0.09448456371264223, 0.0945132761634128]}, "cca": [[0.9999999446695337, 0.624215134621701, 0.5940814695108543], [0.624215134621701, 0.9999995842145657, 0.6497428082005366], [0.5940814695108543, 0.6497428082005366, 0.9999994039871061]], "logs": {"loss": 0.01693422719836235, "val_loss": 0.017394894734025}}