{"sparsity": {"nnz_weights": [88, 121, 121, 121, 121, 121, 121, 11], "total_weights": [88, 121, 121, 121, 121, 121, 121, 11], "nnz_biases": [10, 11, 11, 10, 10, 11, 10, 1], "total_biases": [11, 11, 11, 11, 11, 11, 11, 1]}, "basic_statistics": {"weight_avg": [0.027970194816589355, 0.08520985394716263, 0.05763630568981171, 0.060172051191329956, -0.009884651750326157, -0.0013148844009265304, 0.08892367780208588, 0.11304871737957001], "bias_avg": [0.03969212621450424, 0.03602713719010353, 0.03587474301457405, 0.05054231733083725, 0.010981672443449497, 0.021043317392468452, 0.034692805260419846, -0.027435949072241783]}, "layerwise_pca": {"explained_variance": [[0.029475321993231773, 0.025913331657648087, 0.019938025623559952, 0.004034507088363171, 0.001801689388230443, 0.0006646853871643543, 0.0003513216506689787, 0.00013203559501562268, 0.00011616283882176504, 3.063508484046906e-05, 9.637919722579979e-18], [0.030094541609287262, 0.014669355936348438, 0.009228403680026531, 0.0036748512648046017, 0.0013228676980361342, 0.0009053772082552314, 0.000380539771867916, 0.00022958691988606006, 0.0001288844650844112, 3.903531251125969e-05, 1.0747591659310274e-05], [0.04648977145552635, 0.02343015745282173, 0.012580870650708675, 0.0033376882784068584, 0.002059154910966754, 0.00046630200813524425, 0.00017979477706830949, 4.999275552108884e-05, 3.644642492872663e-05, 1.2375440097117897e-19, 0.0], [0.09161727875471115, 0.03550267592072487, 0.012284067459404469, 0.0016457996098324656, 0.0005590694490820169, 0.0003766461741179228, 0.00011434443877078593, 2.4542359824408777e-05, 5.871281246072613e-06, 2.6130258149395667e-19, 0.0], [0.2042558491230011, 0.02409820631146431, 0.007229092065244913, 0.0007476379396393895, 0.0005820379592478275, 9.236358891939744e-05, 1.1071891776737175e-06, 5.085117631088114e-18, 2.582163633583792e-22, 7.842227622578423e-36, 0.0], [0.23211093246936798, 0.02683217264711857, 0.009336769580841064, 0.002714363159611821, 0.0006219703936949372, 0.0003417149418964982, 0.0002571586228441447, 0.0001409954420523718, 1.6612269973848015e-05, 1.2974761143740064e-18, 5.986267965189901e-20], [0.5586392879486084, 0.039130810648202896, 0.013504530303180218, 0.0013326617190614343, 0.0003191680007148534, 0.00017439159273635596, 0.00011332643043715507, 2.8677794034592807e-05, 9.104727723752148e-06, 1.4986932453295523e-21, 0.0], [0.03870922699570656]]}, "linear_probes": {"mse": [0.01798276112873432, 0.016789670235095925, 0.01554409903229871, 0.015565335749242584, 0.01566150749950318, 0.01497061798956942, 0.014951737655248301, 0.014767368620330441], "mae": [0.09654206687165184, 0.09263802927673215, 0.08931104426684731, 0.08959119647129916, 0.08959574352179164, 0.08554482628207254, 0.08551170898136419, 0.08492977285483727]}, "cca": [[0.9999996226440544, 0.7044545665116495, 0.5690433774705329, 0.5618910969546598, 0.4128740353263228, 0.4515245140156749, 0.46813081040983723], [0.7044545665116495, 1.0000000539594576, 0.6468984772759593, 0.6338005667121717, 0.4511848065631263, 0.5066609958701324, 0.509880805844494], [0.5690434859247531, 0.6468984772759593, 0.9999999101876462, 0.7515320006496092, 0.6532052799293989, 0.4749727834961174, 0.5679443997583359], [0.5618910969546598, 0.6338004522531471, 0.7515320006496092, 0.9999999101876462, 0.569321379569229, 0.46792494715460653, 0.47519069649839385], [0.4128741277073015, 0.4511848065631263, 0.6532052799293989, 0.5693214880499382, 0.999999478872274, 0.6046226083365386, 0.667124102142354], [0.4515245140156749, 0.5066609958701324, 0.4749727834961174, 0.46792494715460653, 0.6046226083365386, 0.9999997664158452, 0.7273842808592121], [0.46813081040983723, 0.509880805844494, 0.5679443997583359, 0.475190597390627, 0.667124102142354, 0.7273842808592121, 0.9999997664158452]], "logs": {"loss": 0.01599554345011711, "val_loss": 0.014802339486777782}}