{"basic_statistics": {"weight_avg": [0.015113105066120625, 0.0489395447075367, 0.13607938587665558, -0.219879150390625, 0.3039460778236389, 0.08449045568704605, 0.2687482535839081, 0.09829971194267273, -0.11601773649454117, 0.13100463151931763, 0.1970861256122589, 0.7942593693733215], "bias_avg": [0.0, 0.0, 0.0, 0.0, 0.0, 0.0, 0.0, 0.0, 0.0, 0.0, 0.0, -0.4228155016899109]}, "sparsity": {"nnz_weights": [24, 9, 9, 9, 9, 9, 9, 9, 9, 9, 9, 3], "total_weights": [24, 9, 9, 9, 9, 9, 9, 9, 9, 9, 9, 3], "nnz_biases": [0, 0, 0, 0, 0, 0, 0, 0, 0, 0, 0, 1], "total_biases": [3, 3, 3, 3, 3, 3, 3, 3, 3, 3, 3, 1]}, "layerwise_pca": {"explained_variance": [[0.01618017815053463, 0.006182356271892786, 0.0], [0.0009037413983605802, 9.47294247453101e-05, 0.0], [8.567710756324232e-05, 8.09442553872941e-06, 0.0], [5.8967736549675465e-05, 1.459463646824588e-06, 4.567938255930666e-18], [4.914499368169345e-05, 5.175446631255909e-07, 4.473800718164885e-17], [2.3717593649053015e-05, 1.4728107622374864e-11, 0.0], [1.6571342712268233e-05, 1.13901665876881e-11, 4.36947033001898e-18], [0.0, 0.0, 0.0], [0.0, 0.0, 0.0], [0.0, 0.0, 0.0], [0.0, 0.0, 0.0], [3.5529288251691035e-15]]}, "linear_probes": {"mse": [0.047696032636054125, 0.04879567388372541, 0.048394916547685456, 0.04839488297388768, 0.04839446940281992, 0.048394915153635705, 0.04839503918617917, 0.05633206900189715, 0.05633206900189715, 0.05633206900189715, 0.05633206900189715, 0.0563320690018976], "mae": [0.17059370262738577, 0.17314368647220615, 0.17225969890769555, 0.17229348324269053, 0.17229632285264493, 0.17226626081884786, 0.17229842625537917, 0.18663851879587687, 0.18663851879587687, 0.18663851879587687, 0.18663851879587687, 0.18663852487474206]}}