{"loss": 0.05640321969985962, "val_loss": 0.05742635577917099}