{"sparsity": {"nnz_weights": [88, 121, 121, 121, 121, 121, 121, 121, 121, 121, 121, 11], "total_weights": [88, 121, 121, 121, 121, 121, 121, 121, 121, 121, 121, 11], "nnz_biases": [11, 11, 10, 9, 10, 9, 9, 11, 9, 10, 9, 1], "total_biases": [11, 11, 11, 11, 11, 11, 11, 11, 11, 11, 11, 1]}, "basic_statistics": {"weight_avg": [0.09357558935880661, 0.03210492804646492, 0.023197297006845474, 0.04304550588130951, 0.02056472934782505, 0.020137693732976913, 0.016911162063479424, 0.03640219569206238, 0.007472238037735224, -0.0033039648551493883, -0.04554688557982445, 0.11598196625709534], "bias_avg": [0.03750740736722946, 0.024330835789442062, 0.024034440517425537, 0.017471373081207275, 0.021763669326901436, 0.011966603808104992, 0.008220433257520199, 0.013727507553994656, 0.025840438902378082, 0.006784628611057997, 0.028984053060412407, 0.025336723774671555]}, "layerwise_pca": {"explained_variance": [[0.09999551624059677, 0.06631805747747421, 0.01563471369445324, 0.008424992673099041, 0.002895134733989835, 0.00142968341242522, 0.0007027855608612299, 0.000478446512715891, 0.000432744127465412, 0.0003249533474445343, 0.0001143410918302834], [0.07882937788963318, 0.03879477456212044, 0.014667912386357784, 0.004948428366333246, 0.002077108481898904, 0.001516435295343399, 0.0003342347627039999, 0.00026252062525600195, 0.00010510032734600827, 4.69851256639231e-05, 7.80845211661469e-19], [0.055876027792692184, 0.024466577917337418, 0.017179036512970924, 0.0024948003701865673, 0.002321634441614151, 0.00043849568464793265, 0.000244889291934669, 0.00018217027536593378, 0.0001307932543568313, 1.2424325501967501e-20, 0.0], [0.031214531511068344, 0.026634348556399345, 0.013257100246846676, 0.0023818551562726498, 0.0018359905807301402, 0.0005054340581409633, 0.00022530771093443036, 0.00014731848204974085, 2.8412439860403538e-05, 1.8836073008399203e-18, 1.5827902303984716e-20], [0.05356326326727867, 0.021403390914201736, 0.007665470242500305, 0.0011564730666577816, 0.0007467068498954177, 0.00046463721082545817, 0.0001562348916195333, 0.0001181114639621228, 0.0, 0.0, 0.0], [0.08225204050540924, 0.01356220431625843, 0.004294563550502062, 0.0005394427571445704, 0.0003579084586817771, 0.00015188465476967394, 2.808813405863475e-05, 2.2740558594623736e-20, 0.0, 0.0, 0.0], [0.13980421423912048, 0.024688251316547394, 0.0037971241399645805, 0.00042873978964053094, 0.00012132800475228578, 4.308557618060149e-05, 1.9353967218194157e-05, 1.8368553355685435e-05, 1.3462224615068408e-06, 7.301261541889885e-20, 3.742906645684354e-21], [0.18599112331867218, 0.02373502030968666, 0.006765374448150396, 0.0009872568771243095, 0.00023581314599141479, 5.029102248954587e-05, 3.7331465136958286e-05, 2.0431685697985813e-05, 1.1199605069123209e-05, 0.0, 0.0], [0.19601811468601227, 0.05702836066484451, 0.0015856173122301698, 0.00036303859087638557, 0.00024240381026174873, 7.749358337605372e-05, 4.427650128491223e-05, 1.8132946934201755e-05, 4.990421530237654e-06, 9.282419693471907e-21, 0.0], [0.3109308183193207, 0.06894805282354355, 0.000680867291521281, 0.000326629844494164, 0.00013503464288078249, 1.997212166315876e-05, 9.832307114265859e-06, 9.35896621187574e-21, 8.821938788169685e-22, 1.4117247975226566e-37, 1.5568425938648718e-42], [0.6493251323699951, 0.04211084544658661, 0.0011420742375776172, 0.00020066354773007333, 0.00010165169078391045, 6.773899713152787e-06, 3.2621790069242707e-06, 2.7878060653020167e-21, 0.0, 0.0, 0.0], [0.03829177841544151]]}, "linear_probes": {"mse": [0.019950709192514918, 0.019448120976359493, 0.018908210943510948, 0.019246770704358294, 0.017709093345129316, 0.016363174627278532, 0.015771210078779994, 0.015301129778875457, 0.014874979655800275, 0.015091532513706391, 0.015262279680174937, 0.014901922502275889], "mae": [0.10382577713280759, 0.1009769532067567, 0.10029383396266237, 0.10191312601264584, 0.09729955334900078, 0.09087746612216935, 0.08911024706713094, 0.08714462406334923, 0.08468395023578201, 0.08581994959433528, 0.086361177244046, 0.0840375476898645]}, "cca": [[1.0000000539594576, 0.6579612905435552, 0.5784692370366481, 0.5214752900805748, 0.4742346887087685, 0.3787709615856908, 0.42140879681774507, 0.3971765272767284, 0.3613723644799633, 0.3289592391065991, 0.31541868123751726], [0.6579612905435552, 0.9999997664158452, 0.6366947549105052, 0.5238073523242303, 0.47098627277227934, 0.3661780835328624, 0.37519524121266945, 0.35507678398290016, 0.3278578335800262, 0.3946197168559758, 0.2919775442169804], [0.5784692370366481, 0.6366947549105052, 0.9999999101876462, 0.5829625403817328, 0.5107755860242998, 0.4982748839663858, 0.4191763923381638, 0.4851369267815047, 0.458207692805698, 0.43364211908738587, 0.4045829493883172], [0.5214752900805748, 0.5238073523242303, 0.5829625403817328, 1.0000001977312793, 0.5927725728068057, 0.5173294255953972, 0.4429746762735621, 0.4302294501204539, 0.3935294575720201, 0.4448761442381717, 0.42600136325960525], [0.4742346887087685, 0.47098627277227934, 0.5107754832726528, 0.5927725728068057, 0.9999997664158452, 0.6730855151900993, 0.5013177164312517, 0.5368199702380604, 0.4171474018521673, 0.46959863797219853, 0.5235385108196883], [0.37877087310223795, 0.3661779965327334, 0.4982747824798976, 0.5173294255953972, 0.6730855151900993, 0.9999996226440544, 0.6109707117891762, 0.5595646976135992, 0.5143135740813757, 0.5493315907219405, 0.6935771898043196], [0.42140879681774507, 0.37519524121266945, 0.4191763923381638, 0.4429746762735621, 0.5013177164312517, 0.6109705994104967, 0.9999999101876462, 0.6299479109657941, 0.6200183053066595, 0.4523881216773795, 0.4019879688605256], [0.39717643666894403, 0.35507678398290016, 0.4851369267815047, 0.4302294501204539, 0.5368199702380604, 0.5595646976135992, 0.6299479109657941, 0.9999999101876462, 0.6758999781068475, 0.47101172955099585, 0.4894829624979593], [0.3613724076936416, 0.3278578335800262, 0.458207692805698, 0.3935294575720201, 0.4171474018521673, 0.5143135740813757, 0.6200183053066595, 0.6758999781068475, 0.9999997664158452, 0.6137291187802031, 0.5589825888177571], [0.3289592391065991, 0.3946197168559758, 0.43364211908738587, 0.4448761442381717, 0.4695985394493091, 0.5493315907219405, 0.4523881216773795, 0.47101172955099585, 0.6137291187802031, 0.999999478872274, 0.6499068752656441], [0.3154186408648498, 0.29197750537347067, 0.4045829493883172, 0.42600136325960525, 0.5235385108196883, 0.6935771898043196, 0.40198806001548476, 0.4894829624979593, 0.5589825888177571, 0.6499068752656441, 0.9999996226440544]], "logs": {"loss": 0.014470383524894714, "val_loss": 0.015359948389232159}}