{"basic_statistics": {"weight_avg": [0.13694241642951965, -0.6266518831253052, -0.23997460305690765, 0.056682005524635315, -0.036411866545677185, -0.15264470875263214, -0.11407335847616196, -0.17571984231472015], "bias_avg": [0.0, 0.0, 0.0, 0.0, 0.0, 0.0, 0.0, -0.42338478565216064]}, "sparsity": {"nnz_weights": [24, 9, 9, 9, 9, 9, 9, 3], "total_weights": [24, 9, 9, 9, 9, 9, 9, 3], "nnz_biases": [0, 0, 0, 0, 0, 0, 0, 1], "total_biases": [3, 3, 3, 3, 3, 3, 3, 1]}, "layerwise_pca": {"explained_variance": [[0.03919437527656555, 0.001193285919725895, 0.0007625232683494687], [0.0, 0.0, 0.0], [0.0, 0.0, 0.0], [0.0, 0.0, 0.0], [0.0, 0.0, 0.0], [0.0, 0.0, 0.0], [0.0, 0.0, 0.0], [0.0]]}, "linear_probes": {"mse": [0.043346856288436875, 0.057919619194490984, 0.057919619194490984, 0.057919619194490984, 0.057919619194490984, 0.057919619194490984, 0.057919619194490984, 0.057919619194490984], "mae": [0.15876212680976629, 0.19163355841433877, 0.19163355841433877, 0.19163355841433877, 0.19163355841433877, 0.19163355841433877, 0.19163355841433877, 0.19163355841433877]}}