{"loss": 0.056499939411878586, "val_loss": 0.05704252049326897}