{"basic_statistics": {"weight_avg": [0.03356003388762474, 0.1418725550174713, -0.0624433234333992, 0.07665810734033585], "bias_avg": [0.09094613790512085, 0.0014592792140319943, 0.007840980775654316, 0.08504758030176163]}, "sparsity": {"nnz_weights": [56, 49, 49, 7], "total_weights": [56, 49, 49, 7], "nnz_biases": [7, 7, 5, 1], "total_biases": [7, 7, 7, 1]}, "layerwise_pca": {"explained_variance": [[0.07632969319820404, 0.018493952229619026, 0.01245439238846302, 0.003379774047061801, 0.001782599138095975, 0.0007649280596524477, 0.00040512895793654025], [0.07266136258840561, 0.04006243497133255, 0.021346677094697952, 0.009119187481701374, 0.001857361989095807, 0.0006616720929741859, 0.0004128061409574002], [0.21834084391593933, 0.04055348038673401, 0.013991194777190685, 0.00350449001416564, 0.001758152968250215, 4.3394126545103347e-17, 0.0], [0.03900571167469025]]}, "linear_probes": {"mse": [0.018873614617201283, 0.017937132180426984, 0.017275978702084527, 0.01626115609211355], "mae": [0.09814687462598273, 0.09585206970276496, 0.09320367667147357, 0.09002414948982425]}}