{"loss": 0.016578588634729385, "val_loss": 0.014649893157184124}