{"basic_statistics": {"weight_avg": [0.0759599581360817, 0.049315065145492554, 0.021521590650081635, 0.21151696145534515, 0.032500505447387695, 0.09138057380914688, 0.043276749551296234, -0.1384814977645874], "bias_avg": [0.12517763674259186, 0.04682684689760208, 0.06402280181646347, 0.01661239191889763, 0.08443863689899445, 0.08742020279169083, 0.05324254557490349, 0.13217991590499878]}, "sparsity": {"nnz_weights": [56, 49, 49, 49, 49, 49, 49, 7], "total_weights": [56, 49, 49, 49, 49, 49, 49, 7], "nnz_biases": [7, 7, 7, 7, 5, 5, 6, 1], "total_biases": [7, 7, 7, 7, 7, 7, 7, 1]}, "layerwise_pca": {"explained_variance": [[0.04889634996652603, 0.02875376120209694, 0.016075370833277702, 0.010570453479886055, 0.0007933409069664776, 0.00014759205805603415, 1.234022022345016e-07], [0.02351795695722103, 0.022421667352318764, 0.011005295440554619, 0.0051914057694375515, 0.0010024685179814696, 0.00019055204757023603, 1.6687349358152362e-18], [0.050674907863140106, 0.036099255084991455, 0.01583278551697731, 0.0009931731037795544, 0.0004139117372687906, 0.0002445102436468005, 8.22483270894736e-05], [0.17295698821544647, 0.02798616699874401, 0.024076182395219803, 0.0018566636135801673, 0.0006250996957533062, 0.00043059332529082894, 7.507207919843495e-05], [0.305531769990921, 0.0211460180580616, 0.013124474324285984, 0.0062063345685601234, 0.0007945454563014209, 1.0961736266187394e-17, 4.023262055870737e-22], [0.44216591119766235, 0.05976135656237602, 0.007738007232546806, 0.0034586440306156874, 2.940398917417042e-05, 3.63372336724542e-18, 1.9322746531252366e-19], [0.8119798898696899, 0.1070125475525856, 0.0020532095804810524, 0.0003091315447818488, 2.0205100101002439e-16, 0.0, 0.0], [0.037484657019376755]]}, "linear_probes": {"mse": [0.020076836270281728, 0.019195822091242643, 0.01902143488439821, 0.01897161748393424, 0.016319916476770967, 0.016638967520954527, 0.016597318163098528, 0.01565140022718571], "mae": [0.1053837296378169, 0.10093299461962849, 0.10165814364455404, 0.10131055602893979, 0.09097783045053172, 0.09198040731744868, 0.09192373392336968, 0.08783081295996875]}}