{"loss": 0.015769457444548607, "val_loss": 0.016026165336370468}