{"sparsity": {"nnz_weights": [56, 49, 49, 49, 49, 49, 49, 49, 49, 49, 49, 7], "total_weights": [56, 49, 49, 49, 49, 49, 49, 49, 49, 49, 49, 7], "nnz_biases": [7, 7, 7, 6, 7, 7, 6, 7, 4, 6, 6, 1], "total_biases": [7, 7, 7, 7, 7, 7, 7, 7, 7, 7, 7, 1]}, "basic_statistics": {"weight_avg": [0.05913269519805908, 0.02434493601322174, 0.029774978756904602, -0.10996189713478088, 0.04737692326307297, 0.12767300009727478, 0.03803381323814392, 0.009205721318721771, -0.09441468119621277, 0.06216311827301979, 0.04966187849640846, 0.18076011538505554], "bias_avg": [0.045470379292964935, -0.009878809563815594, 0.034013811498880386, 0.017226766794919968, 0.03842524439096451, 0.03410102054476738, 0.03164313733577728, -0.011816592887043953, 0.042060744017362595, 0.134672611951828, 0.0059686386957764626, 0.1229635700583458]}, "layerwise_pca": {"explained_variance": [[0.09800682961940765, 0.015728823840618134, 0.010692971758544445, 0.0038797203451395035, 0.0014945706352591515, 0.0006003353628329933, 0.00023427739506587386], [0.043829601258039474, 0.01387846004217863, 0.005853715352714062, 0.001676855143159628, 0.0007370021776296198, 0.00014997665130067617, 3.524882049532607e-05], [0.022634126245975494, 0.015077624469995499, 0.0042321523651480675, 0.0005292639252729714, 0.00018088291108142585, 0.0, 0.0], [0.024696744978427887, 0.0048600975424051285, 0.0018207496032118797, 6.550221587531269e-05, 4.0747353182888294e-20, 0.0, 0.0], [0.02157728001475334, 0.0048627788200974464, 0.002120350254699588, 1.2341548426775262e-05, 7.052072419355682e-07, 0.0, 0.0], [0.047433871775865555, 0.005197583697736263, 0.0013514168094843626, 0.0009368408937007189, 1.636522210901603e-05, 3.2222533263848163e-06, 0.0], [0.1265888512134552, 0.002819998189806938, 0.001516247051768005, 0.0001591675536474213, 3.632025982369669e-05, 1.3887102326800898e-19, 0.0], [0.4185163378715515, 0.0030792022589594126, 0.00046017413842491806, 6.401169957825914e-05, 2.1168285456951708e-05, 0.0, 0.0], [0.41387349367141724, 0.0007216931553557515, 2.797251545416657e-05, 5.150106109889109e-19, 2.276506317656012e-23, 0.0, 0.0], [0.5932662487030029, 0.0004462908545974642, 3.029941944987513e-05, 1.0056982802097991e-07, 1.3231383988454581e-08, 6.683578690491743e-11, 2.704298507004059e-20], [1.0487138032913208, 0.0004188631719443947, 2.950688030978199e-05, 6.431105248339009e-07, 3.132563364260932e-08, 1.8988754910593036e-21, 2.7049732291237393e-25], [0.0422232411801815]]}, "linear_probes": {"mse": [0.020843854697866333, 0.019088145535163595, 0.018251193644285138, 0.017598525764259267, 0.01712364693487283, 0.016692654222681683, 0.01583290974514883, 0.015799605210438786, 0.015836679499509596, 0.015782628200345563, 0.015634906411858905, 0.015486776904059292], "mae": [0.10685671206153831, 0.10130777581378622, 0.09726439320749046, 0.09528511318883615, 0.09391383868381895, 0.09175057658716271, 0.08806494294138686, 0.08784384942524627, 0.08795117991140959, 0.08770566821029875, 0.0870025394340833, 0.08686804939150947]}, "cca": [[1.000000124897042, 0.7560171376182032, 0.5331974763431211, 0.43882941710080764, 0.5594776705834212, 0.593465687241933, 0.5174833101685375, 0.42589359691399814, 0.3568464112551218, 0.3857383244186577, 0.3800106872144511], [0.7560172943246682, 0.9999999446695337, 0.572616921855797, 0.4615122102520855, 0.5701424486672023, 0.5744139187987197, 0.5147680764353046, 0.4220197775698661, 0.36966982228543493, 0.4034252832298161, 0.39832735755203635], [0.5331974763431211, 0.572616921855797, 0.9999995842145657, 0.6163154129467411, 0.6740153965077492, 0.5629003140989701, 0.654084616869641, 0.41990823017512874, 0.645599065705036, 0.39116656657451593, 0.388973857631074], [0.43882941710080764, 0.461512271470586, 0.6163154129467411, 0.9999995842145657, 0.6770577058528683, 0.6240142344611043, 0.5965416667732646, 0.49372341882601184, 0.436001513251743, 0.3214933053317302, 0.4570544439177918], [0.5594776705834212, 0.5701424486672023, 0.6740153965077492, 0.6770577058528683, 0.9999999446695337, 0.7728499724769092, 0.7278167453837422, 0.6357923191036028, 0.5265326180709248, 0.40609719710494324, 0.399905113307895], [0.593465687241933, 0.5744139187987197, 0.5629003140989701, 0.6240142344611043, 0.7728499724769092, 0.9999997644420416, 0.6680179094481835, 0.710470808281473, 0.40159865124951466, 0.446465721409727, 0.4412664425058231], [0.5174833101685375, 0.5147680764353046, 0.654084616869641, 0.5965416667732646, 0.7278167453837422, 0.6680179094481835, 1.000000124897042, 0.5455726634277848, 0.5167728182698609, 0.43745517845517107, 0.568163508316502], [0.42589359691399814, 0.4220197775698661, 0.41990823017512874, 0.49372335550717544, 0.6357923191036028, 0.710470808281473, 0.5455726634277848, 0.9999995842145657, 0.4035554493977023, 0.46010507534675427, 0.4425166187862085], [0.3568464112551218, 0.36966982228543493, 0.645599065705036, 0.43600145374926413, 0.5265326180709248, 0.40159865124951466, 0.5167728830498574, 0.4035554493977023, 0.9999995842145657, 0.5714972380420866, 0.5702450619648991], [0.3857383244186577, 0.4034253404662605, 0.39116656657451593, 0.32149325423689235, 0.4060971396792752, 0.446465721409727, 0.43745523805676456, 0.46010507534675427, 0.5714972380420866, 1.000000124897042, 0.6375232999669151], [0.3800106872144511, 0.39832741442569386, 0.3889738014291392, 0.45705438299566886, 0.39990505632171597, 0.4412664425058231, 0.5681634403918017, 0.4425165588408098, 0.570245130013916, 0.6375232999669151, 0.9999997644420416]], "logs": {"loss": 0.014998093247413635, "val_loss": 0.015548722818493843}}