{"sparsity": {"nnz_weights": [24, 9, 9, 3], "total_weights": [24, 9, 9, 3], "nnz_biases": [1, 2, 2, 1], "total_biases": [3, 3, 3, 1]}, "basic_statistics": {"weight_avg": [-0.17379070818424225, 0.2442833036184311, 0.18138420581817627, -0.2376549392938614], "bias_avg": [-0.023784993216395378, -0.044346049427986145, -0.07096005231142044, 0.3274804949760437]}, "layerwise_pca": {"explained_variance": [[0.029492292553186417, 0.0, 0.0], [0.09155776351690292, 1.614386565051973e-05, 0.0], [0.18067151308059692, 9.990388207370415e-05, 0.0], [0.01646415889263153]]}, "linear_probes": {"mse": [0.023683048334542087, 0.02144699280516689, 0.023159174486222827, 0.023269347655970076], "mae": [0.11806072504279211, 0.10990143110180976, 0.11472262154132536, 0.11602620764921172]}, "cca": [[0.9999999641035373, 0.6665857243555185, 0.6643778462290632], [0.6665857243555185, 0.9999999641035373, 0.38977438978692663], [0.6643778462290632, 0.38977438978692663, 0.9999998264525137]], "logs": {"loss": 0.027802247554063797, "val_loss": 0.02634044922888279}}