{"basic_statistics": {"weight_avg": [0.009650771506130695, -0.117690309882164, -0.09028749912977219, -0.43968665599823], "bias_avg": [0.11926678568124771, -0.05764928460121155, -0.02763860486447811, 1.4621498584747314]}, "sparsity": {"nnz_weights": [24, 9, 9, 3], "total_weights": [24, 9, 9, 3], "nnz_biases": [3, 2, 1, 1], "total_biases": [3, 3, 3, 1]}, "layerwise_pca": {"explained_variance": [[0.025894690304994583, 0.001687691081315279, 2.996541661559604e-05], [0.1514594703912735, 1.818697903388511e-08, 0.0], [0.5189535617828369, 0.0, 0.0], [0.03415359556674957]]}, "linear_probes": {"mse": [0.018881845702171083, 0.018652787169826275, 0.018780705296177588, 0.018210242764238316], "mae": [0.0987595468803459, 0.10062154389752033, 0.10113813144290974, 0.09832008510806224]}}