{"loss": 0.018881505355238914, "val_loss": 0.017353158444166183}