{"sparsity": {"nnz_weights": [56, 49, 49, 7], "total_weights": [56, 49, 49, 7], "nnz_biases": [6, 6, 5, 1], "total_biases": [7, 7, 7, 1]}, "basic_statistics": {"weight_avg": [0.039775364100933075, -0.03461434319615364, 0.019092729315161705, -0.10492191463708878], "bias_avg": [0.016917729750275612, 0.002785409102216363, 0.007899809628725052, -0.04962021857500076]}, "layerwise_pca": {"explained_variance": [[0.018960047513246536, 0.018229342997074127, 0.0041787996888160706, 0.0015411237254738808, 0.0004515291948337108, 7.598544016218511e-06, 4.083504079016745e-20], [0.014808794483542442, 0.0016754778334870934, 0.0009715424966998398, 5.901894382986939e-06, 1.0631948706980833e-21, 2.8207962031148105e-22, 0.0], [0.006207047495990992, 0.0007703404990024865, 2.8429509256966412e-05, 1.625219920242671e-05, 1.3318475566848065e-06, 9.658452930322959e-20, 1.3599542923654345e-24], [2.7504727768246084e-05]]}, "linear_probes": {"mse": [0.04042363213821533, 0.04484686175879392, 0.043177890573579396, 0.0548655186014095], "mae": [0.15356418012423606, 0.16209675119181358, 0.15925888822071368, 0.18179819922261053]}, "cca": [[1.0000003051245667, 0.5747330481100497, 0.6064744144584893], [0.5747331847426024, 0.9999995842145657, 0.5076874185034674], [0.6064745548133114, 0.5076874185034674, 1.000000124897042]], "logs": {"loss": 0.06043147295713425, "val_loss": 0.05633200332522392}}