{"sparsity": {"nnz_weights": [88, 121, 121, 121, 121, 121, 121, 121, 121, 121, 121, 11], "total_weights": [88, 121, 121, 121, 121, 121, 121, 121, 121, 121, 121, 11], "nnz_biases": [11, 11, 10, 9, 10, 9, 9, 11, 9, 10, 9, 1], "total_biases": [11, 11, 11, 11, 11, 11, 11, 11, 11, 11, 11, 1]}, "basic_statistics": {"weight_avg": [0.09344740211963654, 0.03987463191151619, 0.0229165181517601, 0.04482610896229744, 0.024644453078508377, 0.025167595595121384, 0.016721662133932114, 0.040005847811698914, 0.007024104706943035, 0.0005076464731246233, -0.046369072049856186, 0.10643117129802704], "bias_avg": [0.04149651899933815, 0.02425967901945114, 0.027882693335413933, 0.024167440831661224, 0.027054540812969208, 0.011531949043273926, 0.012563821859657764, 0.010970333591103554, 0.030382541939616203, 0.004843712318688631, 0.026965998113155365, 0.02181287854909897]}, "layerwise_pca": {"explained_variance": [[0.09552028775215149, 0.05989496782422066, 0.01674153469502926, 0.008720275945961475, 0.002789838006719947, 0.0016262088902294636, 0.0007454572478309274, 0.00043091303086839616, 0.0004078970814589411, 0.00022429766249842942, 7.02274264767766e-05], [0.08650129288434982, 0.028117962181568146, 0.011314279399812222, 0.005846127402037382, 0.002251769881695509, 0.0008444437989965081, 0.00030365315615199506, 0.00016098804189823568, 7.357930007856339e-05, 6.117514567449689e-05, 2.3679451241371757e-19], [0.05814824998378754, 0.02273511327803135, 0.012457330711185932, 0.0029558809474110603, 0.0010462693171575665, 0.000527184980455786, 0.00025026066577993333, 0.00013284101441968232, 6.632630538661033e-05, 3.071584866759795e-23, 0.0], [0.03420295938849449, 0.021665198728442192, 0.006250860635191202, 0.002402165438979864, 0.0011122062569484115, 0.00044958145008422434, 0.0002137167757609859, 0.00010785508493427187, 1.167722530226456e-05, 1.0494894553616554e-17, 8.314086945553042e-19], [0.055474914610385895, 0.012684361077845097, 0.004064282868057489, 0.0016125680413097143, 0.0010952404700219631, 0.00037399333086796105, 6.731120811309665e-05, 1.7323785868939012e-05, 0.0, 0.0, 0.0], [0.08776043355464935, 0.008056329563260078, 0.002287809271365404, 0.0010475842282176018, 0.0003649872087407857, 0.00015831094060558826, 6.393424700945616e-05, 1.1126731960258255e-20, 0.0, 0.0, 0.0], [0.16905510425567627, 0.012628749012947083, 0.002182828960940242, 0.000620201404672116, 9.689550643088296e-05, 4.951364462613128e-05, 2.4252538423752412e-05, 6.876939551148098e-06, 2.70294253823522e-06, 3.8239132831769815e-18, 5.838092129382951e-21], [0.2356252819299698, 0.015624168328940868, 0.003615948371589184, 0.0005970188649371266, 0.0003496007702779025, 0.00010936379840131849, 6.59617071505636e-05, 2.8623457183130085e-05, 8.26700033940142e-06, 0.0, 0.0], [0.2670098841190338, 0.02769634686410427, 0.0015103277983143926, 0.00034157076152041554, 0.00010835884313564748, 4.404580977279693e-05, 1.6749110727687366e-05, 6.35238757240586e-06, 1.4070002946228883e-20, 6.890163581689988e-24, 0.0], [0.41634899377822876, 0.02797599881887436, 0.0011125414166599512, 7.275055395439267e-05, 5.533848889172077e-05, 5.352023435989395e-05, 7.270309197338065e-06, 9.479628760351212e-21, 1.1177938398363765e-21, 5.222619735939317e-36, 8.057466169867698e-43], [0.7218088507652283, 0.020526781678199768, 0.001487152767367661, 5.0660266424529254e-05, 3.5992990888189524e-05, 1.2057547792210244e-05, 4.902587368854703e-20, 8.249196878948577e-25, 0.0, 0.0, 0.0], [0.0423697791993618]]}, "linear_probes": {"mse": [0.019938293651653984, 0.01948931975715038, 0.019063494237781198, 0.018821083499126028, 0.018093442730832618, 0.017132506187524415, 0.016651233459411757, 0.016400029336400206, 0.01646504707599211, 0.016096106091105768, 0.01609419303132705, 0.016116011188982093], "mae": [0.10361808798806386, 0.10161322242449257, 0.10047994628334475, 0.09953548456456626, 0.09776368611456672, 0.09304878994143279, 0.09102083527302421, 0.09046973644521344, 0.09032774463637337, 0.08918554392348099, 0.08970098164787782, 0.09022924292145812]}, "cca": [[1.0000000539594576, 0.659249641264115, 0.599705578036037, 0.5486376832298251, 0.48915238834157226, 0.4179208014109628, 0.46250968057980074, 0.39934945712007097, 0.39574567157054924, 0.3797490689782421, 0.3405990471809562], [0.659249641264115, 0.9999997664158452, 0.6726397268101582, 0.5349018882899528, 0.45572248579206975, 0.37310134764043246, 0.3977955288630968, 0.3400869907681115, 0.33615764224224554, 0.4029234888844309, 0.28906033949169796], [0.599705578036037, 0.6726398447240637, 0.9999999101876462, 0.5768190305599887, 0.4988284434740225, 0.49589746238702176, 0.42967371568098334, 0.4577656718111856, 0.4513486074472439, 0.42441144902221595, 0.3985404373472854], [0.5486375767379328, 0.5349018882899528, 0.5768189213673106, 0.9999999101876462, 0.6204921700780233, 0.577093245970094, 0.5241702520937576, 0.432386774306017, 0.5135933153881328, 0.47563123349251346, 0.4396272114102234], [0.48915238834157226, 0.45572248579206975, 0.49882834193117664, 0.6204921700780233, 0.9999999101876462, 0.676760979552703, 0.5409364635912136, 0.5477613921153089, 0.4243251899355197, 0.4939723555601383, 0.5405291169845079], [0.41792070846709994, 0.37310134764043246, 0.49589746238702176, 0.577093245970094, 0.676760979552703, 0.9999996226440544, 0.6123848034101488, 0.5853206408764529, 0.663228798259881, 0.6147705058712218, 0.7096629950394386], [0.46250968057980074, 0.3977955288630968, 0.42967371568098334, 0.524170148003541, 0.5409365693330621, 0.6123849159188136, 0.9999997664158452, 0.6027162482104906, 0.6440671206674334, 0.5160134563668222, 0.5123307840212874], [0.39934945712007097, 0.3400869488464247, 0.4577656718111856, 0.432386774306017, 0.5477613921153089, 0.5853206408764529, 0.6027162482104906, 0.9999999101876462, 0.7101706809850312, 0.5305813969131505, 0.5063484047060146], [0.3957455811261225, 0.33615764224224554, 0.4513486074472439, 0.5135932123534572, 0.4243252835888401, 0.663228798259881, 0.6440671206674334, 0.7101708021438795, 0.9999996226440544, 0.6701089674277486, 0.6963038357950082], [0.3797490689782421, 0.4029234888844309, 0.4244113553593872, 0.47563123349251346, 0.49397245660752664, 0.6147705058712218, 0.5160134563668222, 0.5305813969131505, 0.6701089674277486, 0.9999997664158452, 0.6516271037234767], [0.3405990471809562, 0.28906033949169796, 0.3985404373472854, 0.4396272114102234, 0.5405291169845079, 0.7096629950394386, 0.5123307840212874, 0.5063484047060146, 0.6963038357950082, 0.6516271037234767, 0.999999478872274]], "logs": {"loss": 0.0160884577780962, "val_loss": 0.016481390222907066}}