{"sparsity": {"nnz_weights": [24, 9, 9, 3], "total_weights": [24, 9, 9, 3], "nnz_biases": [1, 2, 2, 1], "total_biases": [3, 3, 3, 1]}, "basic_statistics": {"weight_avg": [-0.12634775042533875, 0.284679114818573, 0.23146745562553406, -0.27189692854881287], "bias_avg": [-0.03549272567033768, -0.06477214395999908, -0.08506109565496445, 1.0925276279449463]}, "layerwise_pca": {"explained_variance": [[0.029101837426424026, 0.0, 0.0], [0.11847032606601715, 1.7734753782860935e-05, 0.0], [0.3152006268501282, 0.000922566105145961, 0.0], [0.031744614243507385]]}, "linear_probes": {"mse": [0.02092369708145305, 0.01995808268165852, 0.018394588725258905, 0.01942123858382794], "mae": [0.11001405279475475, 0.1049584544641433, 0.10089814693193933, 0.1044596114369862]}, "cca": [[0.9999999641035373, 0.6667122756156658, 0.6655881211016824], [0.6667122756156658, 0.9999998264525137, 0.5183851746511863], [0.6655881211016824, 0.5183851746511863, 0.9999999641035373]], "logs": {"loss": 0.020398544147610664, "val_loss": 0.019618118181824684}}