{"basic_statistics": {"weight_avg": [0.1347850114107132, 0.008735754527151585, 0.03569899499416351, -0.048847585916519165, -0.036675456911325455, 0.08278267085552216, 0.05308305099606514, 0.0672307088971138, 0.05955556035041809, 0.12657563388347626, -0.0008877254440449178, -0.07047621160745621], "bias_avg": [0.016053250059485435, -0.01174047403037548, 0.00219551264308393, 0.008369713090360165, 0.009464696981012821, 0.02207035757601261, 0.02767585776746273, 0.030263617634773254, 0.01888662949204445, 0.024032363668084145, -0.01830381341278553, 1.51823890209198]}, "sparsity": {"nnz_weights": [56, 49, 49, 49, 49, 49, 49, 49, 49, 49, 49, 7], "total_weights": [56, 49, 49, 49, 49, 49, 49, 49, 49, 49, 49, 7], "nnz_biases": [7, 6, 7, 7, 5, 7, 6, 7, 7, 6, 6, 1], "total_biases": [7, 7, 7, 7, 7, 7, 7, 7, 7, 7, 7, 1]}, "layerwise_pca": {"explained_variance": [[0.08767631649971008, 0.028826912865042686, 0.0129545908421278, 0.008083934895694256, 0.0024090500082820654, 0.0006440558936446905, 0.00019267250900156796], [0.10904511064291, 0.008536560460925102, 0.0007080313516780734, 0.0006287558353506029, 1.8342928953529736e-08, 5.643480571185776e-19, 0.0], [0.0495646707713604, 0.00967335980385542, 0.0008768410771153867, 0.0002692769339773804, 5.7453184126643464e-05, 3.774435342052129e-08, 0.0], [0.03558842092752457, 0.011541018262505531, 0.0002682774211280048, 6.270439189393073e-05, 6.988525001361268e-06, 5.294225613461379e-10, 2.5560540087735006e-26], [0.008220084942877293, 0.0020310094114392996, 6.159245458547957e-06, 0.0, 0.0, 0.0, 0.0], [0.010437973774969578, 0.0023246610071510077, 2.6122159397345968e-05, 1.8834467482520267e-05, 6.495085017377278e-06, 6.232803330647649e-19, 0.0], [0.027157112956047058, 0.0008618189021945, 0.0002704800572246313, 3.241264494135976e-05, 1.6963827874860726e-05, 8.514016371918842e-06, 7.870229855295917e-23], [0.07262621074914932, 0.0006496949354186654, 0.0003012222587130964, 6.192171713337302e-05, 1.833477108448278e-05, 1.6816907191241626e-06, 1.7801546903228882e-07], [0.16626814007759094, 0.0010734667303040624, 0.0002512867213226855, 7.416110020130873e-05, 1.6314444337695022e-06, 8.305995606860961e-07, 7.56409107294522e-20], [0.38247689604759216, 0.0009792670607566833, 8.056830120040104e-05, 1.187121483781084e-06, 3.785009141665796e-07, 7.070011776022511e-08, 3.7841812618842594e-21], [0.8043549060821533, 0.0003140536427963525, 1.5422085652971873e-06, 1.1435218993938179e-06, 5.6620712353291584e-24, 0.0, 0.0], [0.037414729595184326]]}, "linear_probes": {"mse": [0.019738662644141813, 0.019756578228711626, 0.01738107106892603, 0.017127355080659226, 0.018064948197575467, 0.017228487178035934, 0.016130987662489736, 0.016020904247403205, 0.01610037718552108, 0.016119520275517652, 0.016420692059272515, 0.016867824572406452], "mae": [0.10418622311721987, 0.10547353288988025, 0.0965273979056823, 0.09643005814591847, 0.10088124916202114, 0.0969550027566021, 0.09121365970556866, 0.09023375847075882, 0.09068386106292456, 0.09073284986883383, 0.09226498455836561, 0.09426810638918992]}}