{"loss": 0.01703033223748207, "val_loss": 0.017743000760674477}