{"basic_statistics": {"weight_avg": [0.13724076747894287, 0.012994739226996899, 0.04542851820588112, -0.0459720641374588, -0.03138319402933121, 0.07692039757966995, 0.04810437560081482, 0.06662560254335403, 0.05722125247120857, 0.12133532762527466, 0.002029239432886243, -0.07355090230703354], "bias_avg": [0.014509848318994045, -0.006926503032445908, 0.000924158317502588, 0.014988365583121777, 0.011718529276549816, 0.021071042865514755, 0.027514366433024406, 0.022660495713353157, 0.013108120299875736, 0.012259763665497303, -0.020142119377851486, 0.7869672179222107]}, "sparsity": {"nnz_weights": [56, 49, 49, 49, 49, 49, 49, 49, 49, 49, 49, 7], "total_weights": [56, 49, 49, 49, 49, 49, 49, 49, 49, 49, 49, 7], "nnz_biases": [7, 6, 7, 7, 4, 7, 6, 7, 7, 6, 6, 1], "total_biases": [7, 7, 7, 7, 7, 7, 7, 7, 7, 7, 7, 1]}, "layerwise_pca": {"explained_variance": [[0.08845416456460953, 0.027434591203927994, 0.011732611805200577, 0.006690912414342165, 0.0025836704298853874, 0.0004974357434548438, 0.00031171253067441285], [0.10559286922216415, 0.007881391793489456, 0.0006156130693852901, 0.00048354477621614933, 1.248846915794444e-20, 0.0, 0.0], [0.04713142663240433, 0.009258612990379333, 0.000821436638943851, 0.00017712978296913207, 3.156386082991958e-05, 3.516525083487063e-20, 0.0], [0.033096715807914734, 0.00996211264282465, 0.00020760632469318807, 4.06255858251825e-05, 6.297958861978259e-06, 4.84313477500109e-06, 5.208325936824632e-26], [0.006686762906610966, 0.00189411046449095, 0.0, 0.0, 0.0, 0.0, 0.0], [0.008152834139764309, 0.002123895799741149, 3.865066173602827e-05, 1.5483759852941148e-05, 1.431894336434425e-08, 1.5060412385370836e-21, 1.1210387714598537e-44], [0.022316986694931984, 0.0007233708165585995, 9.135455911746249e-05, 2.5919342078850605e-05, 1.4265652680478524e-05, 7.995817213668488e-06, 6.3228498567010024e-21], [0.05612915754318237, 0.000637199729681015, 0.0003548612876329571, 5.845670966664329e-05, 2.0380735804792494e-05, 3.9919627852214035e-06, 8.58358930599934e-07], [0.12224210798740387, 0.0005555999814532697, 0.00022825153428129852, 3.2569976610830054e-05, 2.862162318706396e-06, 1.2058848142260103e-06, 7.118084113244549e-07], [0.2798358201980591, 0.0005425568670034409, 0.00012063524627592415, 1.7531952835270204e-05, 8.005248673725873e-06, 4.928738306375635e-08, 1.5605126732270273e-19], [0.5768144130706787, 0.00020047354337293655, 3.23399763146881e-05, 4.793055722984718e-06, 1.4272082200523308e-20, 0.0, 0.0], [0.027274392545223236]]}, "linear_probes": {"mse": [0.019970209040633662, 0.02001837414616015, 0.017842945671599865, 0.01726070995384062, 0.01797943572321995, 0.016572853130009575, 0.016156780207479397, 0.016148729523473147, 0.01631817286729398, 0.016613908339245177, 0.017066618763460772, 0.018110879330739477], "mae": [0.10504905154421923, 0.10647010644738834, 0.09810232688981863, 0.09568614721976622, 0.09985767672755536, 0.09305135203485217, 0.09027684168948623, 0.09038607173261114, 0.09113899077005815, 0.09287357745810257, 0.0944341947563521, 0.09828277418427224]}}