{"loss": 0.0198938250541687, "val_loss": 0.020098645240068436}