{"basic_statistics": {"weight_avg": [0.04991084337234497, 0.026902319863438606, 0.03368733823299408, 0.20213064551353455], "bias_avg": [0.030089639127254486, 0.029364196583628654, 0.03773242235183716, 0.09037221223115921]}, "sparsity": {"nnz_weights": [88, 121, 121, 11], "total_weights": [88, 121, 121, 11], "nnz_biases": [11, 9, 9, 1], "total_biases": [11, 11, 11, 1]}, "layerwise_pca": {"explained_variance": [[0.084209144115448, 0.04930591955780983, 0.0182174239307642, 0.004647060297429562, 0.001221711514517665, 0.0010085293324664235, 0.00022559714852832258, 6.821005808888003e-05, 1.7864756955532357e-05, 7.372650401293868e-08, 1.1994071732723986e-17], [0.09077586978673935, 0.07356884330511093, 0.018966790288686752, 0.0024309316650032997, 0.0005489495233632624, 0.00017167373152915388, 6.956174183869734e-05, 5.1124588935635984e-05, 1.793145202100277e-05, 3.087722408757816e-20, 3.257441594587898e-39], [0.36076393723487854, 0.06189899519085884, 0.01582743413746357, 0.003031313419342041, 0.0006636105244979262, 0.0004961520317010581, 0.00022746327158529311, 5.8126232033828273e-05, 2.7935920841500175e-17, 1.1870675100292433e-19, 3.082464318871849e-20], [0.03671238198876381]]}, "linear_probes": {"mse": [0.020055806410209497, 0.01924413134452284, 0.01750798125238817, 0.016866263619666602], "mae": [0.10407756574552895, 0.10090855782434005, 0.09486668728800784, 0.09203971597500539]}}