{"loss": 0.01749543473124504, "val_loss": 0.016116326674818993}