{"basic_statistics": {"weight_avg": [0.13166067004203796, 0.004816025495529175, 0.03342843055725098, -0.047106411308050156, -0.04208309203386307, 0.08479283004999161, 0.057377684861421585, 0.06827335804700851, 0.060904279351234436, 0.12567055225372314, -0.006136157549917698, -0.06790236383676529], "bias_avg": [0.012962025590240955, -0.018786029890179634, 0.003761272644624114, 0.006465856451541185, 0.00877802912145853, 0.022286104038357735, 0.02825017459690571, 0.03284401446580887, 0.02372685633599758, 0.028911437839269638, -0.020046964287757874, 1.7119114398956299]}, "sparsity": {"nnz_weights": [56, 49, 49, 49, 49, 49, 49, 49, 49, 49, 49, 7], "total_weights": [56, 49, 49, 49, 49, 49, 49, 49, 49, 49, 49, 7], "nnz_biases": [7, 6, 7, 7, 5, 7, 6, 7, 7, 6, 6, 1], "total_biases": [7, 7, 7, 7, 7, 7, 7, 7, 7, 7, 7, 1]}, "layerwise_pca": {"explained_variance": [[0.08639611303806305, 0.030206451192498207, 0.010905616916716099, 0.009116054512560368, 0.0024371198378503323, 0.0005849420558661222, 0.00029138903482817113], [0.10775059461593628, 0.008621592074632645, 0.0007962646195665002, 0.0005248597590252757, 6.153238123025107e-23, 0.0, 0.0], [0.049544207751750946, 0.009727348573505878, 0.0008652557153254747, 0.00023953263007570058, 6.684568506898358e-05, 1.3554431933299665e-20, 0.0], [0.03585043549537659, 0.0117897754535079, 0.00026253185933455825, 6.270298035815358e-05, 8.215663001465145e-06, 1.0183092233834717e-19, 2.9641894486832266e-29], [0.008567232638597488, 0.002329229610040784, 6.707482043566415e-06, 0.0, 0.0, 0.0, 0.0], [0.01081036776304245, 0.002647684421390295, 3.1754363590152934e-05, 2.239257810288109e-05, 8.406609595112968e-06, 4.455610389000801e-21, 0.0], [0.027708331122994423, 0.0009747626027092338, 0.00029882811941206455, 3.539918543538079e-05, 1.3887675777368713e-05, 1.0497042239876464e-05, 7.405490439013597e-23], [0.07394879311323166, 0.0007581486715935171, 0.0003925597993656993, 2.579519059509039e-05, 1.0456048585183453e-05, 1.0079830872200546e-06, 1.3616488558909623e-07], [0.1702948659658432, 0.0011452139588072896, 0.0002712769201025367, 3.205591201549396e-05, 1.8294750816494343e-06, 3.7866126945118594e-07, 3.5916615174404345e-20], [0.3878888189792633, 0.001136945211328566, 1.573302870383486e-05, 1.6712018577891286e-06, 6.341555831568257e-07, 7.549040503818105e-08, 5.121959544712887e-20], [0.8179088234901428, 0.0002607940696179867, 1.0173923783440841e-06, 1.0877477585324868e-08, 1.2217720988111043e-20, 0.0, 0.0], [0.036637306213378906]]}, "linear_probes": {"mse": [0.01992823960970471, 0.020138339860189317, 0.01741708533007791, 0.017271889850076393, 0.01812205471909278, 0.016967209501412058, 0.016150532806415454, 0.016125145168917738, 0.016189606012266107, 0.016354232932960015, 0.0163820943189883, 0.016280806085334713], "mae": [0.10364190274367201, 0.10552980401528295, 0.09494288583027612, 0.09509285678447428, 0.0990977158679867, 0.09465655502295263, 0.09014204370173785, 0.0897992793400108, 0.0899008967315251, 0.09071559958025413, 0.09075974776005437, 0.09112413518395317]}}