{"loss": 0.01649796962738037, "val_loss": 0.016570203006267548}