{"sparsity": {"nnz_weights": [88, 121, 121, 121, 121, 121, 121, 121, 121, 121, 121, 11], "total_weights": [88, 121, 121, 121, 121, 121, 121, 121, 121, 121, 121, 11], "nnz_biases": [11, 11, 10, 9, 10, 9, 10, 11, 9, 10, 9, 1], "total_biases": [11, 11, 11, 11, 11, 11, 11, 11, 11, 11, 11, 1]}, "basic_statistics": {"weight_avg": [0.093651682138443, 0.035592880100011826, 0.022643573582172394, 0.0431269071996212, 0.020729562267661095, 0.018730102106928825, 0.02081710658967495, 0.057812754064798355, 0.0055482229217886925, -0.0053482986986637115, -0.04486982896924019, 0.1262076199054718], "bias_avg": [0.03793511539697647, 0.021669842302799225, 0.01764621213078499, 0.0166005901992321, 0.019912002608180046, 0.01096503809094429, 0.007066717837005854, 0.015834972262382507, 0.021136509254574776, 0.007613626308739185, 0.02967946045100689, 0.028223184868693352]}, "layerwise_pca": {"explained_variance": [[0.10645730793476105, 0.06522700190544128, 0.015550725162029266, 0.00892668217420578, 0.002943954663351178, 0.0014930501347407699, 0.0007336754933930933, 0.0004841912304982543, 0.0004224687581881881, 0.0003396857064217329, 0.00013738690176978707], [0.07864296436309814, 0.04562409967184067, 0.015452027320861816, 0.004521674010902643, 0.0020775129087269306, 0.0016562409000471234, 0.00042105879401788116, 0.00030243946821428835, 0.00010212423512712121, 8.618673018645495e-05, 2.821501695684955e-19], [0.05283495411276817, 0.029359867796301842, 0.017382949590682983, 0.002947915345430374, 0.0021452924702316523, 0.00047545996494591236, 0.00026055998750962317, 0.00021780469978693873, 0.00014549317711498588, 4.673053473041761e-22, 0.0], [0.03343847021460533, 0.02896878309547901, 0.011846695095300674, 0.0033785856794565916, 0.002198850503191352, 0.0005677361623384058, 0.00019692211935762316, 0.00014061437104828656, 4.102544698980637e-05, 7.042377507260062e-18, 2.5185186721965816e-18], [0.05135507136583328, 0.02645770087838173, 0.008212900720536709, 0.0014258531155064702, 0.0010429603280499578, 0.0005461116670630872, 0.00024276885960716754, 0.00016576492635067552, 4.5755150779314135e-08, 0.0, 0.0], [0.08350389450788498, 0.012598005123436451, 0.0048764715902507305, 0.0007904543308541179, 0.0004141268436796963, 0.00012491302913986146, 5.084977965452708e-05, 1.843139027409715e-20, 0.0, 0.0, 0.0], [0.14189563691616058, 0.0250234454870224, 0.0045542605221271515, 0.0004682292928919196, 0.00023585185408592224, 0.00020253572438377887, 6.72768583172001e-05, 3.343614298501052e-05, 1.0907424439210445e-05, 1.7552413282828638e-06, 5.519451817669868e-20], [0.19394493103027344, 0.03129065781831741, 0.00884090643376112, 0.0011185916373506188, 0.0002499485854059458, 7.624245336046442e-05, 5.572860027314164e-05, 2.6539148166193627e-05, 2.035056422755588e-05, 0.0, 0.0], [0.23624956607818604, 0.06377925723791122, 0.003139928914606571, 0.000575660727918148, 0.0004825129872187972, 0.000211804494028911, 3.411478974157944e-05, 2.6362582502770238e-05, 5.786618203273974e-06, 5.527158168298536e-20, 0.0], [0.30847129225730896, 0.09478579461574554, 0.0022238045930862427, 0.0008121494320221245, 0.00028485985239967704, 4.906357207801193e-05, 9.346332262794022e-06, 2.742281122080588e-20, 2.2488899697493435e-22, 1.320846668475492e-37, 2.147432443340745e-39], [0.7388349771499634, 0.05391659960150719, 0.0013922590296715498, 0.0003067271609324962, 0.00011331714631523937, 6.8921135607524775e-06, 1.5508271999919998e-08, 8.405449916626576e-21, 0.0, 0.0, 0.0], [0.042068783193826675]]}, "linear_probes": {"mse": [0.01983904053646947, 0.019363845719269263, 0.01881023578670175, 0.01903106978952328, 0.018125671389636142, 0.015483378035013836, 0.014829918167570177, 0.014589936835896088, 0.014210908789592568, 0.01436510987343033, 0.014536093359033997, 0.014040306595586497], "mae": [0.10362145569182538, 0.10095424721265636, 0.1002983603154386, 0.10137041007194562, 0.09806250400777619, 0.08843042255934598, 0.08570307817068064, 0.08440453425283834, 0.08299652733989418, 0.08354585333984346, 0.08422027203352281, 0.08174346159917095]}, "cca": [[1.0000000539594576, 0.6582892675123783, 0.5610892475346687, 0.5314662716475854, 0.488013181479599, 0.3978812245360256, 0.4551527490555765, 0.37716042016068163, 0.3775762282248717, 0.3390662520582323, 0.3136660420249626], [0.6582892675123783, 0.9999997664158452, 0.6203241170301846, 0.5392080157075777, 0.4908016418013972, 0.381885140941041, 0.4121160281463548, 0.3457457851608723, 0.3475313723931983, 0.39815251897785875, 0.2916167218563766], [0.5610892475346687, 0.6203240037945648, 0.9999999101876462, 0.5891490769227155, 0.5218356156590289, 0.5127870765642797, 0.45454634027177315, 0.4710743877312418, 0.4830796411543371, 0.44712549875976554, 0.4107145051348663], [0.5314662716475854, 0.5392080157075777, 0.5891490769227155, 0.9999997664158452, 0.593265920742898, 0.5344748527426966, 0.4827083835516584, 0.40485020661123433, 0.3964990701392294, 0.4457442199428566, 0.4065964968164208], [0.488013181479599, 0.4908016418013972, 0.5218356156590289, 0.593265920742898, 1.0000000539594576, 0.5768770133318991, 0.5048406267810244, 0.49948371145725123, 0.40208924839284194, 0.3634307458494897, 0.3994514941462264], [0.3978812245360256, 0.381885140941041, 0.5127870765642797, 0.5344749578510924, 0.5768769041337329, 0.9999997664158452, 0.6098374492376231, 0.5458199141903658, 0.5329019084725143, 0.5548722924891133, 0.6877616892881107], [0.4551527490555765, 0.4121160281463548, 0.45454634027177315, 0.4827083835516584, 0.5048407289339759, 0.6098374492376231, 0.9999999101876462, 0.6543792904065785, 0.6003361385513596, 0.5222033382888391, 0.42819191371201915], [0.37716042016068163, 0.3457457851608723, 0.4710743877312418, 0.40485020661123433, 0.49948371145725123, 0.5458199141903658, 0.6543792904065785, 0.9999997664158452, 0.6543599843574736, 0.49269220834735383, 0.4904485720290278], [0.3775763165686757, 0.34753133001516995, 0.4830796411543371, 0.3964990701392294, 0.40208933955928344, 0.5329018035189083, 0.6003360271550068, 0.6543601006581216, 0.9999997664158452, 0.6246582813239715, 0.5743572930488096], [0.3390662101995048, 0.39815251897785875, 0.44712549875976554, 0.4457442199428566, 0.3634307458494897, 0.5548722924891133, 0.5222033382888391, 0.49269220834735383, 0.624658394954498, 0.9999996226440544, 0.663985976048955], [0.31366608228531007, 0.2916167218563766, 0.41071459727392967, 0.4065964968164208, 0.3994514941462264, 0.6877616892881107, 0.42819191371201915, 0.4904485720290278, 0.5743574020082437, 0.663985976048955, 0.999999478872274]], "logs": {"loss": 0.013544188812375069, "val_loss": 0.014076168648898602}}