{"sparsity": {"nnz_weights": [88, 121, 121, 11], "total_weights": [88, 121, 121, 11], "nnz_biases": [10, 10, 8, 1], "total_biases": [11, 11, 11, 1]}, "basic_statistics": {"weight_avg": [0.07124575227499008, 0.06527163088321686, -0.0037382254377007484, 0.28329023718833923], "bias_avg": [0.11750420928001404, 0.07123596221208572, 0.03515404835343361, -0.08933714032173157]}, "layerwise_pca": {"explained_variance": [[0.1096237450838089, 0.051351577043533325, 0.02753850631415844, 0.006772697903215885, 0.001235864358022809, 0.0009394807275384665, 0.0007162285037338734, 0.00020282409968785942, 0.00017228808428626508, 1.7588770788279362e-05, 0.0], [0.22319573163986206, 0.08267240226268768, 0.0382344089448452, 0.0028345973696559668, 0.0007841079495847225, 0.0007512333104386926, 0.00025279269902966917, 0.0001040250135702081, 3.822197686531581e-05, 8.013107973893732e-20, 0.0], [0.5173134803771973, 0.2488943636417389, 0.007839095778763294, 0.0023005034308880568, 0.0006800458650104702, 0.00043674936750903726, 8.929949399316683e-05, 1.52262113202841e-17, 0.0, 0.0, 0.0], [0.03811386600136757]]}, "linear_probes": {"mse": [0.019634285355226343, 0.019226754026205835, 0.018948824658440895, 0.01773482025409412], "mae": [0.10111949984629581, 0.1005108065958046, 0.09903797964656691, 0.09539104618302226]}, "cca": [[0.9999997664158452, 0.8713279552208788, 0.5831408247631823], [0.8713279552208788, 0.9999999101876462, 0.5717105648760863], [0.5831408247631823, 0.5717105648760863, 0.9999997664158452]], "logs": {"loss": 0.017316695302724838, "val_loss": 0.017777152359485626}}