{"basic_statistics": {"weight_avg": [0.07733511179685593, 0.12034537643194199, 0.05316229909658432, -0.05927063524723053, -0.013510667718946934, 0.03658116236329079, 0.09413541853427887, -0.008534610271453857], "bias_avg": [-0.0008287014788948, 0.043882500380277634, 0.019138991832733154, 0.004554339684545994, -0.02532004937529564, 0.07031029462814331, 0.03389648348093033, 0.1868293136358261]}, "sparsity": {"nnz_weights": [56, 49, 49, 49, 49, 49, 49, 7], "total_weights": [56, 49, 49, 49, 49, 49, 49, 7], "nnz_biases": [7, 7, 7, 4, 6, 6, 6, 1], "total_biases": [7, 7, 7, 7, 7, 7, 7, 1]}, "layerwise_pca": {"explained_variance": [[0.06059964373707771, 0.048442162573337555, 0.008140996098518372, 0.003273781854659319, 0.0022629157174378633, 0.0007416121661663055, 6.813174695707858e-05], [0.04366297274827957, 0.024198075756430626, 0.009548632428050041, 0.004638139624148607, 0.0010589553276076913, 0.00024351658066734672, 0.0001561379322083667], [0.05224625766277313, 0.019283736124634743, 0.008519635535776615, 0.001259291428141296, 0.0008914658683352172, 0.0003299394156783819, 1.6778260558680813e-08], [0.09709557890892029, 0.02305743470788002, 0.00560994865372777, 0.0003301354590803385, 4.5903871105747425e-19, 1.1646760580038275e-21, 0.0], [0.11753791570663452, 0.012742960825562477, 0.0017722048796713352, 0.0008112444775179029, 0.00032916857162490487, 5.106182288727723e-05, 0.0], [0.25014781951904297, 0.011922534555196762, 0.003726174356415868, 0.0013066012179479003, 0.0002502873248886317, 8.635810081614181e-05, 5.062781169609768e-19], [0.6158467531204224, 0.022541537880897522, 0.0004378620069473982, 0.00012868466728832573, 3.1319588646944157e-19, 0.0, 0.0], [0.04197775200009346]]}, "linear_probes": {"mse": [0.01957154755912841, 0.019435553637307937, 0.018695363015723127, 0.018608698294867266, 0.015668967798048036, 0.015254098618715697, 0.015288575941386448, 0.014998395070402178], "mae": [0.10305942169400142, 0.10272928163117723, 0.10080917330109193, 0.10025774565749963, 0.08978970432949415, 0.08771988022340363, 0.08784120196601851, 0.08736541554613408]}}