{"loss": 0.015188619494438171, "val_loss": 0.016712736338377}