{"sparsity": {"nnz_weights": [88, 121, 121, 11], "total_weights": [88, 121, 121, 11], "nnz_biases": [10, 10, 8, 1], "total_biases": [11, 11, 11, 1]}, "basic_statistics": {"weight_avg": [0.009517228230834007, 0.036873143166303635, -0.01208756398409605, 0.1982032209634781], "bias_avg": [0.02341601438820362, 0.019397461786866188, 0.009043123573064804, -0.051632873713970184]}, "layerwise_pca": {"explained_variance": [[0.07994894683361053, 0.025540122762322426, 0.017329605296254158, 0.0046546123921871185, 0.0007264387677423656, 0.0004387510707601905, 0.0003207099507562816, 0.00017315616423729807, 1.6646117728669196e-05, 8.817737011668214e-07, 0.0], [0.09753848612308502, 0.019652700051665306, 0.010267706587910652, 0.0010462749050930142, 0.00046303452108986676, 0.00034006303758360445, 0.00020840027718804777, 8.616361446911469e-05, 5.680479807779193e-05, 2.055661951771981e-07, 0.0], [0.11295714229345322, 0.017234275117516518, 0.0026096415240317583, 0.0002854362828657031, 9.983358177123591e-05, 6.547714292537421e-05, 2.66290608124109e-05, 4.8621672269963904e-18, 0.0, 0.0, 0.0], [0.0008901339024305344]]}, "linear_probes": {"mse": [0.021025826664606704, 0.0214896897542752, 0.02204110123384769, 0.03091991337177074], "mae": [0.10625323521646057, 0.10800676746844474, 0.10856917712358967, 0.13143803106223934]}, "cca": [[0.9999997664158452, 0.7319074497103099, 0.548917473106671], [0.7319074497103099, 0.9999997664158452, 0.5959818926821392], [0.548917473106671, 0.5959818926821392, 0.9999997664158452]], "logs": {"loss": 0.056845758110284805, "val_loss": 0.047282248735427856}}