{"basic_statistics": {"weight_avg": [0.0002845451235771179, 0.04522903636097908, 0.03891875594854355, -0.09019641578197479, -0.025635994970798492, 0.0839727520942688, -0.019598184153437614, 0.012588302604854107, 0.11191677302122116, 0.03219117596745491, -0.019161881878972054, -0.11143656075000763], "bias_avg": [0.0035844086669385433, 0.0009710579761303961, 0.00572645990177989, 0.0005956430686637759, 0.016611231490969658, -0.0019308982882648706, 0.003243947634473443, 0.002555592218413949, 0.0014210034860298038, 0.0008069947361946106, 0.015825634822249413, -0.05628912150859833]}, "sparsity": {"nnz_weights": [56, 49, 49, 49, 49, 49, 49, 49, 49, 49, 49, 7], "total_weights": [56, 49, 49, 49, 49, 49, 49, 49, 49, 49, 49, 7], "nnz_biases": [6, 5, 5, 5, 7, 6, 6, 7, 7, 7, 6, 1], "total_biases": [7, 7, 7, 7, 7, 7, 7, 7, 7, 7, 7, 1]}, "layerwise_pca": {"explained_variance": [[0.039611946791410446, 0.03246104717254639, 0.008800799027085304, 0.002789007034152746, 0.001905343378894031, 8.827166311675683e-06, 0.0], [0.04402570426464081, 0.01802748814225197, 0.002220842521637678, 0.001026718644425273, 0.00017387798288837075, 3.8956998941434546e-19, 0.0], [0.0200584065169096, 0.004086576867848635, 0.0010029679397121072, 0.0001663114526309073, 4.514711690717377e-05, 1.9147872794940414e-19, 4.881603415709246e-25], [0.0036015615332871675, 0.0018975838320329785, 0.0002690836554393172, 5.9513640735531226e-05, 1.639312017687189e-06, 3.111063051619567e-08, 0.0], [0.0020607674960047007, 0.0005770123098045588, 6.923533510416746e-05, 7.158820608310634e-06, 1.1210454431420658e-06, 4.150449486201281e-20, 0.0], [0.0005540322163142264, 7.82519273343496e-05, 3.949030542571563e-06, 1.2617811080417596e-06, 1.5721621227093863e-10, 3.46329492861841e-11, 2.5114312904828172e-26], [0.00017193589883390814, 4.527319106273353e-05, 1.3884177860745694e-06, 4.666224073801573e-10, 1.082462785686332e-23, 0.0, 0.0], [0.00011982179421465844, 1.8730279407463968e-05, 2.2561640378171433e-07, 6.636231830725592e-08, 8.486112143254e-21, 3.3644438532602487e-28, 8.407790785948902e-45], [6.4188199758064e-05, 6.098424364608945e-06, 2.0792799659830052e-07, 1.4923847047043637e-08, 2.5470528861964706e-22, 1.2678454601799505e-27, 0.0], [3.802335777436383e-05, 2.3790178147464758e-06, 2.3733510090551135e-07, 2.5431980077428307e-08, 1.9754494492008637e-22, 0.0, 0.0], [8.277153938252013e-06, 2.5795372948778095e-06, 8.146010088694311e-08, 7.25465110207324e-09, 0.0, 0.0, 0.0], [7.042537930601611e-08]]}, "linear_probes": {"mse": [0.0353915240248767, 0.036728513525577204, 0.04605386751467723, 0.045067902344793125, 0.04551198846981541, 0.047122105355252894, 0.048156214639735684, 0.04814307023867852, 0.047190588391726004, 0.04602177956541025, 0.04673830390111581, 0.05331650138872917], "mae": [0.14575842784828072, 0.14907012938466957, 0.1692739370982025, 0.167111800042197, 0.16791395286044147, 0.17226667651757552, 0.17433887275290325, 0.17437615912330362, 0.17262999003080334, 0.1686429656386325, 0.17106447093365718, 0.18254203516215692]}}