{"loss": 0.0631294846534729, "val_loss": 0.05629005283117294}