{"basic_statistics": {"weight_avg": [-0.06864079087972641, -0.031550269573926926, -0.20860669016838074, -0.13242673873901367], "bias_avg": [0.028690993785858154, 0.016387425363063812, 0.02152385376393795, -0.06133627891540527]}, "sparsity": {"nnz_weights": [24, 9, 9, 3], "total_weights": [24, 9, 9, 3], "nnz_biases": [3, 2, 1, 1], "total_biases": [3, 3, 3, 1]}, "layerwise_pca": {"explained_variance": [[0.011454686522483826, 1.193134994537104e-05, 7.0476562541443855e-06], [0.012809905223548412, 5.64198853680864e-06, 0.0], [0.007999908179044724, 0.0, 0.0], [3.481523526716046e-05]]}, "linear_probes": {"mse": [0.049459453948835296, 0.049849609048546475, 0.04985920216355976, 0.04985763899498902], "mae": [0.17579526331883374, 0.17649697479201187, 0.1765282091180648, 0.1765253556220999]}}