{"loss": 0.06402592360973358, "val_loss": 0.060584306716918945}