{"basic_statistics": {"weight_avg": [0.13377736508846283, -0.17099347710609436, 0.4069083333015442, 0.07528845220804214, -0.5335094332695007, 0.0146032040938735, 0.4792189598083496, -0.01490067970007658], "bias_avg": [0.1430688351392746, 0.10910246521234512, -0.04091287776827812, -0.07390295714139938, -0.011347993277013302, -0.011291238479316235, -0.12900285422801971, 1.1504528522491455]}, "sparsity": {"nnz_weights": [24, 9, 9, 9, 9, 9, 9, 3], "total_weights": [24, 9, 9, 9, 9, 9, 9, 3], "nnz_biases": [3, 2, 3, 3, 1, 1, 3, 1], "total_biases": [3, 3, 3, 3, 3, 3, 3, 1]}, "layerwise_pca": {"explained_variance": [[0.051986198872327805, 0.015997737646102905, 0.004515019245445728], [0.018065735697746277, 0.0011312519200146198, 0.0], [0.11550233513116837, 3.5775057767750695e-05, 0.0], [0.1962871253490448, 0.002619453240185976, 0.00031456182477995753], [0.21487341821193695, 0.0, 0.0], [0.4087655544281006, 0.0, 0.0], [0.7261562347412109, 0.000823371228761971, 0.0002913686912506819], [0.03293934091925621]]}, "linear_probes": {"mse": [0.01891931914852404, 0.01912409128052779, 0.018918623340529538, 0.016605840288856297, 0.018184157415739685, 0.01831845523478421, 0.016829330444782197, 0.017577914560887566], "mae": [0.10130360496276164, 0.10377379758581785, 0.10216624728412303, 0.09312267185128692, 0.09987080697881989, 0.10025834566425378, 0.09406173204546324, 0.09704152127183381]}}