{"loss": 0.018959641456604004, "val_loss": 0.018925275653600693}