{"basic_statistics": {"weight_avg": [0.13694241642951965, -0.6266518831253052, -0.23997460305690765, 0.056682005524635315, -0.036411866545677185, -0.15264470875263214, -0.11407335847616196, -0.17571984231472015], "bias_avg": [0.0, 0.0, 0.0, 0.0, 0.0, 0.0, 0.0, -0.4220111072063446]}, "sparsity": {"nnz_weights": [24, 9, 9, 9, 9, 9, 9, 3], "total_weights": [24, 9, 9, 9, 9, 9, 9, 3], "nnz_biases": [0, 0, 0, 0, 0, 0, 0, 1], "total_biases": [3, 3, 3, 3, 3, 3, 3, 1]}, "layerwise_pca": {"explained_variance": [[0.0390346497297287, 0.0012065002229064703, 0.0007664842996746302], [0.0, 0.0, 0.0], [0.0, 0.0, 0.0], [0.0, 0.0, 0.0], [0.0, 0.0, 0.0], [0.0, 0.0, 0.0], [0.0, 0.0, 0.0], [0.0]]}, "linear_probes": {"mse": [0.04047969024055724, 0.05636231677660174, 0.05636231677660174, 0.05636231677660174, 0.05636231677660174, 0.05636231677660174, 0.05636231677660174, 0.05636231677660174], "mae": [0.15390483839730135, 0.18630308761109934, 0.18630308761109934, 0.18630308761109934, 0.18630308761109934, 0.18630308761109934, 0.18630308761109934, 0.18630308761109934]}}