{"loss": 0.05649944022297859, "val_loss": 0.05704346299171448}