{"basic_statistics": {"weight_avg": [0.02831120602786541, 0.03702878579497337, 0.027410415932536125, 0.27141380310058594], "bias_avg": [0.02757951430976391, 0.024392811581492424, 0.027077995240688324, 0.13456358015537262]}, "sparsity": {"nnz_weights": [88, 121, 121, 11], "total_weights": [88, 121, 121, 11], "nnz_biases": [11, 9, 9, 1], "total_biases": [11, 11, 11, 1]}, "layerwise_pca": {"explained_variance": [[0.08646635711193085, 0.043792180716991425, 0.015279085375368595, 0.005238876212388277, 0.0017616961849853396, 0.0014942268608137965, 0.0004949593567289412, 0.00014878583897370845, 0.0001017265094560571, 3.55012002728472e-06, 2.158786173822591e-06], [0.09976466000080109, 0.06752680242061615, 0.017042379826307297, 0.0027360606472939253, 0.0010723111918196082, 0.0006891972152516246, 0.0002994428505189717, 0.00017768275574781, 9.069791849469766e-05, 2.781052951472024e-20, 0.0], [0.3241499066352844, 0.06974875181913376, 0.01739785075187683, 0.0027149750385433435, 0.0008347697439603508, 0.0004131840541958809, 0.00019536349282134324, 6.579044566024095e-05, 2.79994648561565e-17, 1.941581288046465e-18, 6.739312550683833e-23], [0.03841448575258255]]}, "linear_probes": {"mse": [0.01932166012287754, 0.01739784956744072, 0.01684432696462574, 0.015622367636962183], "mae": [0.1016613390396706, 0.0959768920992202, 0.09299967231823046, 0.08882015891455478]}}