{"loss": 0.01644841581583023, "val_loss": 0.015262067317962646}