{"sparsity": {"nnz_weights": [56, 49, 49, 49, 49, 49, 49, 49, 49, 49, 49, 7], "total_weights": [56, 49, 49, 49, 49, 49, 49, 49, 49, 49, 49, 7], "nnz_biases": [7, 5, 6, 7, 5, 7, 6, 5, 5, 7, 6, 1], "total_biases": [7, 7, 7, 7, 7, 7, 7, 7, 7, 7, 7, 1]}, "basic_statistics": {"weight_avg": [0.07424388080835342, 0.1019725501537323, 0.02077426388859749, 0.11774034053087234, -0.06064212694764137, -0.038907960057258606, -0.060894060879945755, -0.022250832989811897, -0.07415799051523209, 0.0621221698820591, 0.022201435640454292, -0.23565806448459625], "bias_avg": [0.004806547425687313, 0.017330525442957878, 0.022060459479689598, -0.024534236639738083, 0.037306349724531174, -0.0027992783579975367, 0.018781166523694992, 0.005407473538070917, 0.02425936795771122, 0.011036239564418793, 0.0014304252108559012, 1.5095821619033813]}, "layerwise_pca": {"explained_variance": [[0.06881174445152283, 0.028715450316667557, 0.013248590752482414, 0.002981322817504406, 0.0017288776580244303, 0.00046866716002114117, 6.791871101086144e-07], [0.07054506242275238, 0.023190438747406006, 0.015052170492708683, 0.0025963587686419487, 0.0006099352613091469, 2.0323159702083253e-18, 1.485912743449079e-19], [0.03824210166931152, 0.01171886920928955, 0.001778336358256638, 0.00038948041037656367, 0.0003260806552134454, 5.088260195407202e-07, 5.868613155281597e-20], [0.05469512566924095, 0.00627321470528841, 0.001058001653291285, 0.0002379448269493878, 5.813478855998255e-05, 4.343923137639649e-05, 1.8212188574993333e-18], [0.04149486869573593, 0.0032043736428022385, 0.0006788524333387613, 0.00022318080300465226, 6.22349907644093e-05, 3.079967428956418e-21, 0.0], [0.07137282937765121, 0.0015471949009224772, 0.00038276787381619215, 0.00016577212954871356, 3.7270496250130236e-05, 2.0074447236027357e-20, 0.0], [0.10077067464590073, 0.0032770177349448204, 0.0008276709704659879, 0.0002501900016795844, 7.197106606326997e-05, 6.380521426763153e-06, 2.661525999192965e-20], [0.1559968888759613, 0.00045180044253356755, 0.00011517143138917163, 6.306097202468663e-05, 2.1967203792883083e-05, 6.733997543865087e-18, 1.2445161729233314e-20], [0.17650967836380005, 0.00026946014259010553, 3.399723209440708e-05, 2.665283318492584e-05, 1.7725109216652135e-19, 1.2955456234583239e-20, 1.2804254631760659e-36], [0.31651630997657776, 0.00016603204130660743, 6.795651279389858e-05, 1.0000010661315173e-05, 1.1075687922357247e-07, 0.0, 0.0], [0.6861142516136169, 1.9426821381784976e-05, 7.771201126161031e-06, 9.643001778091837e-21, 8.698465490423587e-25, 0.0, 0.0], [0.03701648488640785]]}, "linear_probes": {"mse": [0.02096758629609579, 0.020423184802474834, 0.02074255090849664, 0.016892521821117955, 0.016546919055451026, 0.01590251183194679, 0.015863800310010723, 0.01615738483303476, 0.016225000186632175, 0.016181142493352008, 0.01636080471912776, 0.016195862269067884], "mae": [0.10796407205656978, 0.10675070322927903, 0.1079113977190552, 0.09459653846662958, 0.09284397699198955, 0.08993410984323083, 0.08998539273210161, 0.09188560940636334, 0.09255446668050242, 0.09205250052382603, 0.09352814656536695, 0.09202307848494555]}, "cca": [[0.9999999446695337, 0.6419119461413386, 0.4410434897035965, 0.45597158606500443, 0.3807489800146949, 0.33517715097559836, 0.2970736727356861, 0.2808408078023429, 0.301252963608381, 0.32072371611220013, 0.22020513779206802], [0.6419119461413386, 0.9999997644420416, 0.4364122960851416, 0.5877668064986535, 0.36649132679212926, 0.46612264595878067, 0.432615104473535, 0.2768380485363845, 0.5822704771763126, 0.31604134538432455, 0.5063332125062081], [0.4410434897035965, 0.43641235561564834, 0.9999992237596628, 0.5631202688278064, 0.49190455383984705, 0.3119529869987758, 0.2808348384269997, 0.39769756033722914, 0.25468930382253874, 0.2705444523456911, 0.22240456849824244], [0.45597158606500443, 0.5877668064986535, 0.5631202688278064, 1.000000124897042, 0.5030160367029778, 0.5629667760609262, 0.4371076510226755, 0.3985592651900528, 0.4926107113263437, 0.4115713044810901, 0.4071931579233531], [0.3807489800146949, 0.36649132679212926, 0.49190455383984705, 0.5030160367029778, 0.9999999446695337, 0.5892947494817966, 0.5338835448606025, 0.6001732163313461, 0.40049068956649997, 0.43270282993165055, 0.43503644162008676], [0.3351770988047065, 0.46612258443526244, 0.31195303732978835, 0.5629667760609262, 0.5892946111291947, 0.9999995842145657, 0.5611590990785251, 0.4534067282502292, 0.546508840486583, 0.5722306202889952, 0.45118401323637564], [0.2970736236196692, 0.432615104473535, 0.2808348384269997, 0.4371076510226755, 0.5338835448606025, 0.5611591665832378, 0.9999997644420416, 0.5051531523178535, 0.6272031137754652, 0.4857719483807017, 0.5085276709889014], [0.2808408078023429, 0.2768380485363845, 0.39769756033722914, 0.3985592651900528, 0.6001732163313461, 0.4534067282502292, 0.5051531523178535, 0.9999992237596628, 0.5916009874917043, 0.5194711143381048, 0.5418170759498305], [0.301252963608381, 0.5822704771763126, 0.25468930382253874, 0.4926107113263437, 0.40049068956649997, 0.5465087738688794, 0.6272031137754652, 0.5916009874917043, 0.9999990435322356, 0.5430654164552574, 0.819598547608913], [0.32072371611220013, 0.31604134538432455, 0.2705444054740269, 0.4115712466696745, 0.43270282993165055, 0.5722306202889952, 0.4857719483807017, 0.5194711143381048, 0.5430653500477567, 0.9999997644420416, 0.4032302450129675], [0.22020513779206802, 0.5063332766285384, 0.22240456849824244, 0.4071932154264622, 0.43503644162008676, 0.45118395270676054, 0.5085276709889014, 0.5418170096186989, 0.819598547608913, 0.4032302450129675, 0.9999988633048247]], "logs": {"loss": 0.016648469492793083, "val_loss": 0.016437986865639687}}