{"sparsity": {"nnz_weights": [56, 49, 49, 49, 49, 49, 49, 49, 49, 49, 49, 7], "total_weights": [56, 49, 49, 49, 49, 49, 49, 49, 49, 49, 49, 7], "nnz_biases": [7, 7, 7, 6, 7, 7, 6, 7, 4, 6, 6, 1], "total_biases": [7, 7, 7, 7, 7, 7, 7, 7, 7, 7, 7, 1]}, "basic_statistics": {"weight_avg": [0.061136312782764435, 0.01624637469649315, 0.04891786724328995, -0.10729493200778961, 0.048631951212882996, 0.12995582818984985, 0.03962169215083122, 0.010968747548758984, -0.09558703005313873, 0.062317341566085815, 0.04926471412181854, 0.17844973504543304], "bias_avg": [0.043077729642391205, -0.001779399812221527, 0.03883030638098717, 0.017889482900500298, 0.0388166680932045, 0.037120699882507324, 0.030203059315681458, -0.012376406230032444, 0.040199488401412964, 0.1333475112915039, 0.006243535317480564, 0.11407202482223511]}, "layerwise_pca": {"explained_variance": [[0.09617925435304642, 0.013589921407401562, 0.01044643484055996, 0.003634583204984665, 0.001233032438904047, 0.0005143791204318404, 0.0002194376429542899], [0.04530935361981392, 0.013308308087289333, 0.005433111917227507, 0.0016118698986247182, 0.0007789339288137853, 0.0001081551963579841, 2.522090835554991e-05], [0.022375062108039856, 0.013972757384181023, 0.003486674278974533, 0.0006482844473794103, 0.00023100757971405983, 0.0, 0.0], [0.02605566754937172, 0.0044979131780564785, 0.0016366940690204501, 5.933097781962715e-05, 2.8102988824940667e-09, 0.0, 0.0], [0.022833053022623062, 0.004320872016251087, 0.0018630470149219036, 1.0045212547993287e-05, 8.694470921000175e-07, 1.2260391139878621e-25, 0.0], [0.05173396319150925, 0.004965372383594513, 0.0013383249752223492, 0.001034882036037743, 2.9495900889742188e-05, 2.4468483843520517e-06, 0.0], [0.1372418850660324, 0.0026832777075469494, 0.001363340183161199, 0.0002026781003223732, 3.2398264011135325e-05, 2.0981641740090978e-19, 0.0], [0.45284244418144226, 0.0028861691243946552, 0.00045091143692843616, 6.077123180148192e-05, 2.4941376977949403e-05, 0.0, 0.0], [0.44886350631713867, 0.0007612630724906921, 2.9629523851326667e-05, 2.993557331047516e-18, 5.8110311458644455e-22, 0.0, 0.0], [0.6416060924530029, 0.0004426166706252843, 3.358723552082665e-05, 1.248592251812397e-08, 1.0980701764529144e-10, 7.271233853738124e-13, 1.3604688648508517e-19], [1.104034423828125, 0.000272661738563329, 2.6822990548680536e-05, 7.603964036206889e-07, 1.4860606967204149e-08, 1.702846812529699e-21, 2.2607264568675594e-25], [0.041643716394901276]]}, "linear_probes": {"mse": [0.020942784718267615, 0.019235642870392658, 0.018264031714848757, 0.01769378832053998, 0.017329223852854306, 0.016809313708454118, 0.01622841001409655, 0.016202923469865682, 0.016280042899911484, 0.016270964539148242, 0.016068774548629292, 0.016077047689159938], "mae": [0.1071432645598052, 0.1011060876484733, 0.0968486656518802, 0.09529211161114347, 0.0940157402005102, 0.0912792294162543, 0.0888214671406795, 0.08847812040469726, 0.08862842157761118, 0.08862410325419791, 0.0875775740334659, 0.0882960730816022]}, "cca": [[0.9999999446695337, 0.7936189492790829, 0.5451599990697125, 0.4471455358848309, 0.5629355391262659, 0.5897497406540505, 0.5082890973946113, 0.4197896987092418, 0.3542533668956643, 0.3938894811296661, 0.3834650853088744], [0.7936189492790829, 0.9999999446695337, 0.5755119807233525, 0.4482538261530148, 0.5636157807134643, 0.5769419186049244, 0.50725590392651, 0.4176439683567606, 0.3657682493224184, 0.4060183554869923, 0.3962091917460465], [0.5451599990697125, 0.5755121174484624, 0.9999995842145657, 0.6068857237770706, 0.6820126090630977, 0.570322572426481, 0.6485377276863622, 0.41795063903948304, 0.6428185028785346, 0.39910907098159903, 0.3916597039032175], [0.4471455358848309, 0.4482538261530148, 0.6068857237770706, 0.9999999446695337, 0.6694610907743807, 0.623908458074376, 0.4368904569421131, 0.5059879085379363, 0.43325327292093824, 0.3299396251126723, 0.31343840860506794], [0.5629356067377428, 0.5636157807134643, 0.6820126090630977, 0.6694610907743807, 0.9999995842145657, 0.7793158073936297, 0.7132900617055579, 0.644865659955948, 0.5270294289304209, 0.41128351176037575, 0.40088992720172556], [0.5897497406540505, 0.5769419186049244, 0.570322572426481, 0.623908458074376, 0.7793158073936297, 0.9999999446695337, 0.65219533155336, 0.7322752502750843, 0.39966797198839693, 0.4790956242296878, 0.46635941852491875], [0.5082890973946113, 0.50725590392651, 0.6485377276863622, 0.4368905165052236, 0.7132900617055579, 0.65219533155336, 0.9999999446695337, 0.5485993675529974, 0.5085452144291805, 0.4568366123595545, 0.5695675631773887], [0.4197896987092418, 0.4176439683567606, 0.41795063903948304, 0.5059879085379363, 0.644865659955948, 0.7322752502750843, 0.5485993008080011, 0.9999997644420416, 0.39446514805443655, 0.46087514568358146, 0.4350990900425781], [0.3542533668956643, 0.3657682493224184, 0.6428185028785346, 0.43325327292093824, 0.5270294289304209, 0.39966797198839693, 0.5085452144291805, 0.39446514805443655, 0.9999995842145657, 0.5715291203721335, 0.571224367132418], [0.3938894811296661, 0.4060183554869923, 0.3991090140521659, 0.3299396251126723, 0.4112834539691761, 0.4790956242296878, 0.4568366123595545, 0.4608750845073522, 0.5715291203721335, 0.9999999446695337, 0.5901723698935127], [0.3834650853088744, 0.3962091917460465, 0.3916597039032175, 0.3134384590557683, 0.40088992720172556, 0.4663594800640648, 0.5695675631773887, 0.4350990900425781, 0.571224367132418, 0.5901723698935127, 0.9999999446695337]], "logs": {"loss": 0.01554134488105774, "val_loss": 0.01646527834236622}}