{"sparsity": {"nnz_weights": [88, 121, 121, 121, 121, 121, 121, 121, 121, 121, 121, 11], "total_weights": [88, 121, 121, 121, 121, 121, 121, 121, 121, 121, 121, 11], "nnz_biases": [10, 9, 11, 11, 11, 10, 11, 9, 11, 9, 10, 1], "total_biases": [11, 11, 11, 11, 11, 11, 11, 11, 11, 11, 11, 1]}, "basic_statistics": {"weight_avg": [0.006221375893801451, 0.0352453887462616, 0.006589261349290609, 0.016804521903395653, 0.030298834666609764, 0.06056147441267967, 0.028998231515288353, -0.011552826501429081, -0.005627808161079884, 0.0066563826985657215, 0.05130754038691521, -0.03044561855494976], "bias_avg": [0.01461259089410305, -0.006976923439651728, 0.018930545076727867, 0.003342453157529235, 0.02681072987616062, 0.00907150935381651, 0.04706207662820816, 0.0217258520424366, 0.03313760459423065, 0.02733532339334488, 0.027860164642333984, -0.047479987144470215]}, "layerwise_pca": {"explained_variance": [[0.04321734979748726, 0.02332727424800396, 0.00995063129812479, 0.007689759135246277, 0.0015072100795805454, 0.001243163482286036, 0.0003552628040779382, 0.00024489284260198474, 9.070888609130634e-07, 1.091493025122608e-17, 0.0], [0.025183184072375298, 0.017413394525647163, 0.0032897188793867826, 0.0012355082435533404, 0.0007704667514190078, 0.0003896901325788349, 0.00012363240239210427, 8.938380778999999e-05, 5.897039242881376e-18, 5.227199433982045e-24, 0.0], [0.020816300064325333, 0.005301991477608681, 0.0019190956372767687, 0.0010584081755951047, 0.00031013169791549444, 0.00019242269627284259, 0.0001360354362986982, 4.29145475209225e-05, 2.8380965886753984e-05, 4.444980845619284e-07, 0.0], [0.017007235437631607, 0.0026142438873648643, 0.0017640709411352873, 0.00038509044679813087, 0.00029458451899699867, 0.00011590012582018971, 7.018165342742577e-05, 2.9212184017524123e-05, 2.3020127628115006e-05, 8.256674988160739e-08, 1.0653212580160987e-19], [0.026752641424536705, 0.0034170399885624647, 0.0008105405140668154, 0.00039964515599422157, 6.518975715152919e-05, 5.5545420764246956e-05, 3.689249206217937e-05, 2.8460668545449153e-05, 3.0378816973097855e-06, 0.0, 0.0], [0.034253962337970734, 0.002836591796949506, 0.0007797317230142653, 0.0001786796492524445, 7.13966364855878e-05, 3.2163206924451515e-05, 2.23323586396873e-05, 1.0616407053021248e-05, 2.9662614906555973e-06, 7.986957434309692e-20, 3.028371066371788e-23], [0.07878350466489792, 0.004935946315526962, 0.0018244637176394463, 0.00010419400496175513, 5.0724112952593714e-05, 2.8389917133608833e-05, 1.654892366786953e-05, 8.064474059210625e-06, 2.559386302891653e-06, 7.969491463976846e-18, 0.0], [0.10121551156044006, 0.006223506294190884, 0.004320735111832619, 0.0004197555244900286, 9.042621240951121e-05, 7.673477739444934e-06, 7.046168775559636e-06, 8.31469693470925e-22, 3.9810851658109887e-25, 0.0, 0.0], [0.15562957525253296, 0.007218436803668737, 0.002533014863729477, 8.305531810037792e-05, 6.950069655431435e-05, 1.2099138075427618e-05, 2.5505760277155787e-06, 9.209287554767798e-07, 3.408753173061996e-07, 5.161109825390437e-21, 0.0], [0.2331998348236084, 0.004850032273679972, 0.0023825112730264664, 8.406577399000525e-05, 1.4837558410363272e-05, 7.876832569309045e-06, 4.3972490857413504e-06, 1.855955480142885e-20, 1.1920181536836305e-20, 8.396073806207932e-23, 7.55279370714024e-36], [0.517521858215332, 0.03966178372502327, 0.005424428265541792, 0.0025899531319737434, 0.00018059277499560267, 5.416633212007582e-05, 7.115937933122041e-06, 1.7268482679355657e-06, 1.1744448329409352e-06, 3.1403948241859325e-07, 1.815340144662643e-21], [0.037853874266147614]]}, "linear_probes": {"mse": [0.020352305771428953, 0.019015842475959156, 0.01862456071903798, 0.018331632844273547, 0.01711368305670655, 0.01675773167559596, 0.016001231274307335, 0.015608523668425713, 0.015598033600659474, 0.015628442377279096, 0.015549875462421396, 0.015724932842868487], "mae": [0.10333673114537875, 0.10071451379030194, 0.09988678862105965, 0.09845337566588727, 0.0935045660595403, 0.09241921478714805, 0.08965156629721298, 0.08782728616387732, 0.08809728106231644, 0.08817598327206196, 0.08791559791563691, 0.08859196977837865]}, "cca": [[0.9999997664158452, 0.5456579436399394, 0.519959964099247, 0.47103343742510745, 0.5485435484306901, 0.4152615527264526, 0.4743265726083543, 0.26674535433084207, 0.41704832843317324, 0.29566022292752725, 0.327422740992998], [0.5456579436399394, 0.9999996226440544, 0.604618807368881, 0.45860474965777276, 0.44201858718493914, 0.41389029634462365, 0.36840448489967703, 0.35087235328263683, 0.31632319207313936, 0.37141739584349537, 0.3074704381116995], [0.5199598604279149, 0.604618807368881, 1.0000000539594576, 0.5881033895837763, 0.5075922803517198, 0.4588937679479841, 0.41409926801283475, 0.29568711588198937, 0.3497968101321592, 0.30608679741817985, 0.3263630486425109], [0.47103353609840454, 0.45860474965777276, 0.5881033895837763, 1.0000000539594576, 0.6085267890665281, 0.540541907004829, 0.495024414200109, 0.33438987363339057, 0.38508558212364813, 0.41731864925809636, 0.35603694972679084], [0.5485435484306901, 0.44201858718493914, 0.5075922803517198, 0.6085266769128349, 0.9999997664158452, 0.6522233115038499, 0.6820165025478725, 0.5123695810571472, 0.5750906060025666, 0.3952771272901869, 0.4621908866047358], [0.4152614600787646, 0.41389029634462365, 0.4588937679479841, 0.5405418013015616, 0.6522233115038499, 0.9999997664158452, 0.6293549035822873, 0.5345930011024197, 0.5875729593759099, 0.48926662343014143, 0.5391078318023946], [0.4743265726083543, 0.36840448489967703, 0.41409926801283475, 0.495024414200109, 0.6820165025478725, 0.6293549035822873, 1.0000000539594576, 0.6158074730609232, 0.5679963003243426, 0.46672725597198905, 0.5264913214905598], [0.2667453172036444, 0.35087235328263683, 0.29568711588198937, 0.33438991520246214, 0.5123696839690101, 0.5345930011024197, 0.6158074730609232, 0.999999478872274, 0.5604854645856573, 0.46771745764152683, 0.6120008715496087], [0.41704832843317324, 0.316323151642626, 0.3497968526480897, 0.38508558212364813, 0.5750906060025666, 0.5875729593759099, 0.5679963003243426, 0.5604853569500651, 0.9999999101876462, 0.652167579601615, 0.6475368279279998], [0.29566022292752725, 0.37141739584349537, 0.30608679741817985, 0.41731864925809636, 0.3952771272901869, 0.48926662343014143, 0.46672725597198905, 0.4677175559668905, 0.6521674634959709, 0.999999478872274, 0.6047812534942213], [0.327422740992998, 0.3074704381116995, 0.3263630486425109, 0.3560369926202727, 0.4621908866047358, 0.5391078318023946, 0.5264913214905598, 0.6120009840229996, 0.6475368279279998, 0.6047813653022341, 0.9999999101876462]], "logs": {"loss": 0.01632840745151043, "val_loss": 0.016196276992559433}}