{"basic_statistics": {"weight_avg": [0.01493187714368105, -0.06491060554981232, 0.07637553662061691, -0.2547154724597931], "bias_avg": [0.03334668651223183, 0.03843420743942261, 0.03721475601196289, -0.044871870428323746]}, "sparsity": {"nnz_weights": [56, 49, 49, 7], "total_weights": [56, 49, 49, 7], "nnz_biases": [6, 7, 7, 1], "total_biases": [7, 7, 7, 1]}, "layerwise_pca": {"explained_variance": [[0.07567505538463593, 0.01523511204868555, 0.006450962275266647, 0.0022845561616122723, 0.0011018238728865981, 0.0003821509308181703, 7.088449296030158e-19], [0.03516976162791252, 0.005742559675127268, 0.003037687623873353, 0.0006461370503529906, 0.00040529551915824413, 0.0003522090846672654, 1.850632358468829e-08], [0.02542128786444664, 0.0038693994283676147, 0.0013131106970831752, 0.00024627347011119127, 9.260911610908806e-05, 4.465762322070077e-05, 8.491519254897198e-19], [0.00036214612191542983]]}, "linear_probes": {"mse": [0.023459405698823668, 0.02567605762378346, 0.02640169868671196, 0.03781205379537437], "mae": [0.11474128168073547, 0.12094765817222826, 0.12275562530306589, 0.15037651478506225]}}