{"loss": 0.0570807121694088, "val_loss": 0.0504528246819973}