{"sparsity": {"nnz_weights": [56, 49, 49, 49, 49, 49, 49, 7], "total_weights": [56, 49, 49, 49, 49, 49, 49, 7], "nnz_biases": [6, 6, 7, 7, 4, 4, 3, 1], "total_biases": [7, 7, 7, 7, 7, 7, 7, 1]}, "basic_statistics": {"weight_avg": [-0.07895384728908539, -0.02344171330332756, 0.002078019781038165, 0.01864914782345295, -0.02505006641149521, -0.11229008436203003, -0.09909296780824661, 0.12017364054918289], "bias_avg": [0.001073642517440021, -0.0013160287635400891, -0.0037875722628086805, -0.0029261508025228977, -0.00010950869909720495, -0.00176797597669065, -0.0030321518424898386, -0.061593424528837204]}, "layerwise_pca": {"explained_variance": [[0.0438167043030262, 0.02073494903743267, 0.007052091881632805, 0.0020958581008017063, 0.0003100609465036541, 2.8137685603724094e-06, 0.0], [0.015807878226041794, 0.005438718944787979, 0.001937738386914134, 0.000619557045865804, 0.0003200436185579747, 0.00021716496848966926, 1.6327075513800082e-07], [0.004821202717721462, 0.001999185886234045, 0.00014820981596130878, 2.335189674340654e-05, 4.4333687583275605e-06, 1.98388170247199e-06, 5.622996468446217e-07], [0.0025588672142475843, 0.00046760833356529474, 0.00010331960947951302, 5.2400930144358426e-05, 1.0684305379982106e-05, 2.725377044043853e-06, 9.532904243769735e-08], [0.00020708280499093235, 6.086849680286832e-05, 2.975499774038326e-05, 4.116617219551699e-06, 1.9432382813988625e-08, 2.1835093455546684e-10, 1.0771719208385636e-21], [2.9976606583659304e-06, 4.087347349468473e-07, 6.622956760793386e-08, 1.7839944632669358e-08, 1.8488492645986506e-22, 0.0, 0.0], [0.0, 0.0, 0.0, 0.0, 0.0, 0.0, 0.0], [7.99554209461855e-15]]}, "linear_probes": {"mse": [0.04699095381279204, 0.045390985026501844, 0.04967367908040623, 0.047084415541727376, 0.05084287817272512, 0.054921045694059784, 0.05536188121671925, 0.055361881216719304], "mae": [0.16880949014759472, 0.16725307099751846, 0.17487343913234896, 0.1689899072939844, 0.177287237399599, 0.18467118657486908, 0.18553941809162303, 0.18553942378063223]}, "cca": [[0.9999997644420416, 0.5723488286353781, 0.4996933914974956, 0.49644981908068886, 0.35863783196781185, 0.33083130397090443, 0.14416892220918953], [0.5723488286353781, 0.9999995842145657, 0.5360112273958931, 0.5556912364123312, 0.4822396644483433, 0.1381242413162929, 0.0014363568368323293], [0.4996933914974956, 0.5360112273958931, 0.9999999446695337, 0.6283976456813889, 0.35294304480375566, 0.16236630418450407, 0.013373045818379456], [0.49644988257411576, 0.5556912364123312, 0.6283975028122849, 0.9999999446695337, 0.49223098361244616, 0.1874262281174899, 0.002448330875548553], [0.358637778001951, 0.4822396644483433, 0.35294304480375566, 0.49223098361244616, 0.9999999446695337, 0.3054644851263402, 0.14346886313002877], [0.33083125213933534, 0.1381242413162929, 0.16236626787343766, 0.1874262281174899, 0.3054644851263402, 0.9999999446695337, 0.42872681561870657], [0.14416892220918953, 0.0014363568368323293, 0.013373045818379456, 0.002448330875548553, 0.14346886313002877, 0.42872681561870657, 0.9999999446695337]], "logs": {"loss": 0.06606023013591766, "val_loss": 0.06427858769893646}}