{"basic_statistics": {"weight_avg": [0.02812192216515541, 0.1268945336341858, 0.0775245875120163, -0.06370935589075089, -0.005835765972733498, -0.040005337446928024, 0.07400698959827423, -0.1399693638086319], "bias_avg": [-0.0027456595562398434, 0.007519274950027466, 0.005297116935253143, 0.0007483839872293174, 0.005151941906660795, -0.00020329546532593668, -0.0018280951771885157, -0.0011706703808158636]}, "sparsity": {"nnz_weights": [56, 49, 49, 49, 49, 49, 49, 7], "total_weights": [56, 49, 49, 49, 49, 49, 49, 7], "nnz_biases": [7, 6, 7, 4, 6, 4, 3, 1], "total_biases": [7, 7, 7, 7, 7, 7, 7, 1]}, "layerwise_pca": {"explained_variance": [[0.048323165625333786, 0.0322502963244915, 0.007353699300438166, 0.0032383291982114315, 0.00227905809879303, 0.0006532456609420478, 0.0003263135440647602], [0.05179818719625473, 0.013724780641496181, 0.0021549775265157223, 0.0006809087935835123, 0.0001965992705663666, 6.505702185677364e-05, 5.2885708402559764e-23], [0.03214048221707344, 0.003952029626816511, 0.0016891296254470944, 0.00019029350369237363, 2.923466126958374e-05, 3.635959274106426e-06, 7.05784870547177e-08], [0.03360152617096901, 0.0021112451795488596, 0.0005789975402876735, 8.70760231919121e-06, 3.8720624326579276e-19, 1.4612759568105706e-25, 0.0], [0.030408034101128578, 0.0004893807345069945, 0.00017590141214895993, 3.133379141218029e-05, 1.1002302926499397e-06, 3.784757751645884e-08, 0.0], [0.024464726448059082, 0.00010911113349720836, 6.168340769363567e-05, 1.976855628527119e-06, 9.240098176809239e-22, 8.146399708358717e-22, 3.0912644123005465e-42], [0.020504649728536606, 9.876812328002416e-06, 5.564966709670216e-09, 0.0, 0.0, 0.0, 0.0], [0.0006664211978204548]]}, "linear_probes": {"mse": [0.023821623275453587, 0.029040038823322442, 0.03805841034276306, 0.03864038144344039, 0.03914109312261698, 0.03924841203547603, 0.04821153338997763, 0.04952585623158567], "mae": [0.11664142564365759, 0.12716312968531385, 0.14946064128306075, 0.15132048158011613, 0.15208281666156076, 0.15222614106834825, 0.17053419584100274, 0.17322248748674163]}}