{"loss": 0.05434514954686165, "val_loss": 0.05355186387896538}