{"basic_statistics": {"weight_avg": [0.08692175894975662, 0.04329976439476013, 0.02565789222717285, 0.21082420647144318, 0.026665344834327698, 0.07327002286911011, 0.04149852320551872, -0.14139793813228607], "bias_avg": [0.10958676785230637, 0.0405857190489769, 0.051605839282274246, 0.019709022715687752, 0.08632685244083405, 0.082356296479702, 0.04974139481782913, 0.12221453338861465]}, "sparsity": {"nnz_weights": [56, 49, 49, 49, 49, 49, 49, 7], "total_weights": [56, 49, 49, 49, 49, 49, 49, 7], "nnz_biases": [7, 7, 7, 7, 5, 5, 6, 1], "total_biases": [7, 7, 7, 7, 7, 7, 7, 1]}, "layerwise_pca": {"explained_variance": [[0.050365932285785675, 0.027356011793017387, 0.014982576481997967, 0.006657644174993038, 0.0002673248527571559, 0.00014492978516500443, 2.5066265152418055e-07], [0.02632344700396061, 0.014708049595355988, 0.01011670846492052, 0.004454025067389011, 0.001214889227412641, 0.00015997292939573526, 1.9795947866866456e-18], [0.04236792027950287, 0.03299891576170921, 0.01738126575946808, 0.0003705157432705164, 0.00027044457965530455, 0.00011735139560187235, 7.426586671499535e-05], [0.162229523062706, 0.026729421690106392, 0.023136982694268227, 0.0011057641822844744, 0.0002877056540455669, 0.00022572999296244234, 4.520473157754168e-05], [0.3073732852935791, 0.02367859147489071, 0.010794000700116158, 0.006087687332183123, 0.0007085028919391334, 1.0948337181034954e-18, 2.3396638189939877e-19], [0.4772399365901947, 0.061308715492486954, 0.007261000107973814, 0.003217503195628524, 4.413370697875507e-05, 5.87960690261031e-20, 7.863270208845695e-23], [0.8907817006111145, 0.10569756478071213, 0.0017651014495640993, 0.00029698500293307006, 7.192165085712077e-09, 0.0, 0.0], [0.041040342301130295]]}, "linear_probes": {"mse": [0.02069342196499702, 0.019476780626048365, 0.019300428924625745, 0.01903658975428989, 0.017292389489353844, 0.017109830220765992, 0.017139573121949626, 0.016699228901851517], "mae": [0.10590572023528194, 0.10097552137945455, 0.1017874243565917, 0.10083758709961298, 0.09460306996015069, 0.09306101274224524, 0.09351890462970172, 0.09189416451657209]}}