{"loss": 0.01643954962491989, "val_loss": 0.0164012648165226}