{"basic_statistics": {"weight_avg": [0.14714671671390533, 0.35052385926246643, 0.26020628213882446, 0.17129690945148468], "bias_avg": [-0.05794152244925499, 0.007894034497439861, -0.06711441278457642, 1.0819774866104126]}, "sparsity": {"nnz_weights": [24, 9, 9, 3], "total_weights": [24, 9, 9, 3], "nnz_biases": [3, 3, 3, 1], "total_biases": [3, 3, 3, 1]}, "layerwise_pca": {"explained_variance": [[0.03038635663688183, 0.006175558548420668, 0.00018155298312194645], [0.053968511521816254, 0.00543099595233798, 0.00011565948807401583], [0.22361096739768982, 0.0018417349783703685, 0.0], [0.03049493208527565]]}, "linear_probes": {"mse": [0.020008094398755165, 0.017641816307497206, 0.0183949590632268, 0.018573827840714], "mae": [0.10356868545028114, 0.09503754448727256, 0.09896330215471981, 0.09983018099178734]}}