{"loss": 0.01940551958978176, "val_loss": 0.019469164311885834}