{"sparsity": {"nnz_weights": [88, 121, 121, 121, 121, 121, 121, 11], "total_weights": [88, 121, 121, 121, 121, 121, 121, 11], "nnz_biases": [11, 10, 11, 9, 9, 10, 11, 1], "total_biases": [11, 11, 11, 11, 11, 11, 11, 1]}, "basic_statistics": {"weight_avg": [0.03632934391498566, 0.009356897324323654, -0.04534801468253136, 0.006564917974174023, 0.05578101798892021, 0.06362196803092957, 0.10253439098596573, -0.0149594871327281], "bias_avg": [0.024826018139719963, 0.006805102806538343, -0.0047165765427052975, 0.016324026510119438, 0.02207723632454872, 0.027911854907870293, 0.04117785766720772, 0.08546693623065948]}, "layerwise_pca": {"explained_variance": [[0.1930243968963623, 0.062026336789131165, 0.01655353233218193, 0.0031875844579190016, 0.0029051145538687706, 0.001367387012578547, 0.0010716075776144862, 0.0006622896762564778, 0.00018355016072746366, 7.62689087423496e-05, 5.865716502739815e-06], [0.08415575325489044, 0.04166122525930405, 0.014565497636795044, 0.005031965207308531, 0.0022078983020037413, 0.0007709254277870059, 0.00047293215175159276, 0.0002460345858708024, 2.4161710825865157e-05, 1.1881230420840438e-05, 9.079437151486226e-18], [0.030186761170625687, 0.02387700229883194, 0.013951711356639862, 0.001321671181358397, 0.0007324256584979594, 0.00056064547970891, 0.0003284002305008471, 9.845221939031035e-05, 1.1705965552552379e-17, 1.0221647639173696e-18, 0.0], [0.03394811600446701, 0.013294869102537632, 0.0034811170771718025, 0.0008934948709793389, 0.0005311942077241838, 0.0002458649396430701, 0.00011040751269320026, 3.562669371603988e-05, 4.169650222299712e-19, 4.934015708487743e-20, 0.0], [0.06850691139698029, 0.008578784763813019, 0.0030475312378257513, 0.001556089730001986, 0.0002913560892920941, 0.00016326981130987406, 6.196834874572232e-05, 3.214762909919955e-05, 2.1785774257344923e-18, 9.974201987301228e-20, 3.3459101421451344e-24], [0.15832149982452393, 0.022557314485311508, 0.006470938678830862, 0.001316708861850202, 0.00038245500763878226, 0.0002074220683425665, 0.00011138394620502368, 6.714831397403032e-05, 2.8085931262467057e-05, 6.019044576532906e-06, 0.0], [0.6767415404319763, 0.05083848163485527, 0.002329206094145775, 0.0011330877896398306, 0.0003198914637323469, 0.00017531926278024912, 8.079843246378005e-05, 4.8265017539961264e-05, 1.159647581516765e-05, 5.0664853006310295e-06, 1.2464162972632452e-19], [0.04936814680695534]]}, "linear_probes": {"mse": [0.02003470956991941, 0.018800474598774045, 0.01622616216628503, 0.01543735939304058, 0.01490796997314246, 0.013927007952313677, 0.01383712246569528, 0.014002378562773006], "mae": [0.10391721987204669, 0.0999843036390729, 0.0913654513561324, 0.08842973865585345, 0.08564153268025068, 0.0819404187264331, 0.08179478140086527, 0.08212363470716043]}, "cca": [[1.0000000539594576, 0.556014622435958, 0.4928468243458042, 0.45608244180700486, 0.4150378386859963, 0.3938582717951714, 0.37172237716237594], [0.556014622435958, 0.9999999101876462, 0.5406257329495981, 0.4606031513099021, 0.41865612468179525, 0.37942752767202137, 0.3673618054499095], [0.4928468243458042, 0.5406257329495981, 1.0000000539594576, 0.5631325434690304, 0.5199879557370547, 0.38766364286131894, 0.4585178088047428], [0.4560823447123322, 0.4606031513099021, 0.5631325434690304, 0.9999997664158452, 0.5377785588825852, 0.5713900296649089, 0.552528529669463], [0.4150378386859963, 0.41865612468179525, 0.5199879557370547, 0.5377785588825852, 0.9999997664158452, 0.6241037738623784, 0.5666962506534271], [0.3938582717951714, 0.37942752767202137, 0.38766364286131894, 0.5713900296649089, 0.6241037738623784, 0.9999999101876462, 0.7102949953978633], [0.37172237716237594, 0.3673618054499095, 0.4585178088047428, 0.552528529669463, 0.5666963588837461, 0.7102949953978633, 1.0000000539594576]], "logs": {"loss": 0.01407321635633707, "val_loss": 0.014636670239269733}}