{"basic_statistics": {"weight_avg": [0.03446130082011223, 0.047400884330272675, 0.008533190004527569, 0.0057710930705070496, -0.002785349264740944, 0.014909028075635433, 0.0602216012775898, 0.07160336524248123, 0.013621143065392971, -0.025746552273631096, 0.022822463884949684, 0.05976848304271698], "bias_avg": [0.029974915087223053, 0.004593308549374342, 0.007015664596110582, 0.018484756350517273, 0.010224505327641964, 0.005853651091456413, 0.018929481506347656, 0.01652386412024498, 0.012295885942876339, 0.015534290112555027, 0.010960341431200504, -0.04493049904704094]}, "sparsity": {"nnz_weights": [88, 121, 121, 121, 121, 121, 121, 121, 121, 121, 121, 11], "total_weights": [88, 121, 121, 121, 121, 121, 121, 121, 121, 121, 121, 11], "nnz_biases": [10, 11, 11, 9, 9, 9, 10, 11, 10, 8, 11, 1], "total_biases": [11, 11, 11, 11, 11, 11, 11, 11, 11, 11, 11, 1]}, "layerwise_pca": {"explained_variance": [[0.04045798256993294, 0.027190739288926125, 0.008607040159404278, 0.007010799832642078, 0.002083440776914358, 0.0016216549556702375, 0.0011243656044825912, 0.0005126281757839024, 0.00024050565843936056, 0.00015309348236769438, 2.6818853455265315e-21], [0.03534791246056557, 0.017452605068683624, 0.010895011946558952, 0.0023985838051885366, 0.0007857665186747909, 0.0004362722975201905, 0.00026541290571913123, 0.00016431401309091598, 5.374800821300596e-05, 1.91503841051599e-06, 1.6273657976739742e-09], [0.03942865505814552, 0.014447263441979885, 0.00656720157712698, 0.0009355436195619404, 0.0004971541929990053, 0.00024735077749937773, 7.44126591598615e-05, 5.6012369896052405e-05, 1.0783528523461428e-05, 1.5497406691267201e-09, 1.2937456661532565e-09], [0.05512748286128044, 0.012941370718181133, 0.003477102844044566, 0.0005322726210579276, 0.0001636559027247131, 0.00011658653238555416, 3.8259084249148145e-05, 1.1476594409032259e-05, 5.650812440194386e-08, 1.8094656757840266e-24, 0.0], [0.0237700454890728, 0.011947630904614925, 0.000744580989703536, 0.0004640809784177691, 0.00012943286856170744, 6.535477587021887e-05, 5.082955613033846e-05, 3.029925437658676e-06, 1.0099789330036945e-19, 2.1215631748336623e-20, 0.0], [0.019386673346161842, 0.006690551992505789, 0.0003769162285607308, 0.00026159535627812147, 2.8052489142282866e-05, 7.064649253152311e-06, 3.482910187813104e-06, 5.228573627391597e-07, 9.168265699324035e-20, 6.414777067542081e-22, 8.034865441759904e-24], [0.020883193239569664, 0.0027735389303416014, 0.000296031212201342, 7.306707993848249e-05, 1.8585260477266274e-05, 7.106637440301711e-06, 1.398055360368744e-06, 2.710480941914284e-07, 4.1911279669046513e-19, 1.4735163200808711e-35, 0.0], [0.02083897590637207, 0.002261687535792589, 0.00047600787365809083, 1.6178788428078406e-05, 1.2804175639757887e-05, 3.4243198570038658e-06, 1.9704091300809523e-06, 8.115977720990486e-07, 2.5789969981815375e-07, 8.2517021631329e-22, 0.0], [0.05318881571292877, 0.001437996863387525, 0.00028602906968444586, 4.989614899386652e-05, 1.1102525604655966e-05, 7.695361091464292e-06, 2.444936626488925e-06, 1.03143588603416e-06, 2.4439052813466337e-20, 6.447067100767822e-22, 0.0], [0.05994663015007973, 0.0024033808149397373, 0.00048400802188552916, 7.321098382817581e-05, 2.3116179363569245e-05, 4.608979452314088e-06, 1.1719542953869677e-06, 1.288362194706849e-09, 0.0, 0.0, 0.0], [0.0963488295674324, 0.006163070444017649, 0.00043413450475782156, 0.00015207359683699906, 4.047300899401307e-05, 1.1009781701432075e-05, 2.803410097840242e-06, 2.4088412828859873e-06, 1.0935403906842112e-06, 4.999185421183938e-07, 2.803275167551078e-09], [0.006242644973099232]]}, "linear_probes": {"mse": [0.02212408646682963, 0.022315177817823027, 0.022808800173331863, 0.02270630201125055, 0.0225120384702147, 0.022590768194950255, 0.02246348559378269, 0.02256660469953666, 0.02286242471657035, 0.023077791904045134, 0.02317242807585368, 0.02561604115269383], "mae": [0.10928516250910572, 0.1090561694907241, 0.10994999836556003, 0.1102952262527751, 0.10884302943960794, 0.10946578587152647, 0.10954216465008387, 0.11024350601244966, 0.11029637404697727, 0.11122013131339481, 0.11177937587302182, 0.12003769693014608]}}