{"loss": 0.055086649954319, "val_loss": 0.035035938024520874}