{"basic_statistics": {"weight_avg": [0.01710009016096592, 0.01633559912443161, 0.02344098687171936, -0.04724455624818802, -0.03365981578826904, 0.04370388761162758, 0.004297894425690174, -0.046581510454416275], "bias_avg": [0.027499107643961906, 0.029776681214571, 0.014193727634847164, 0.01650119200348854, 0.0075671374797821045, 0.017828263342380524, 0.007337647955864668, -0.04520660266280174]}, "sparsity": {"nnz_weights": [88, 121, 121, 121, 121, 121, 121, 11], "total_weights": [88, 121, 121, 121, 121, 121, 121, 11], "nnz_biases": [10, 8, 9, 9, 6, 8, 6, 1], "total_biases": [11, 11, 11, 11, 11, 11, 11, 1]}, "layerwise_pca": {"explained_variance": [[0.09756773710250854, 0.05781814828515053, 0.00829523429274559, 0.004448810126632452, 0.00197410280816257, 0.0015345673309639096, 0.0005500976694747806, 0.00039282464422285557, 0.00022573604655917734, 7.999012450454757e-05, 0.0], [0.08587472885847092, 0.021752936765551567, 0.007407309953123331, 0.003184405155479908, 0.0013669588370248675, 0.0007601116667501628, 0.0006010030629113317, 4.802066905540414e-05, 1.3187658110989092e-21, 0.0, 0.0], [0.02902134880423546, 0.019478032365441322, 0.005686359480023384, 0.00038658789708279073, 0.00021035870304331183, 6.467218918260187e-05, 1.9944582163589075e-07, 1.5732619651487312e-09, 1.0950936596109901e-18, 1.4792831860864374e-25, 0.0], [0.012886944226920605, 0.010114646516740322, 2.5364020984852687e-05, 4.517923571256688e-06, 4.507030465886549e-18, 6.030823192623889e-21, 5.244518875156172e-24, 3.807896285259348e-35, 2.210842600149907e-40, 0.0, 0.0], [0.008550286293029785, 5.754427911597304e-05, 2.1704821847379208e-05, 4.331030595494667e-06, 2.4356234585808732e-20, 2.2505863867270287e-21, 3.755397188423141e-24, 0.0, 0.0, 0.0, 0.0], [0.005390652921050787, 3.858507989207283e-05, 4.359116701380117e-06, 9.884114433589275e-07, 1.2184157288240745e-14, 1.2106795439827405e-16, 2.2691597822634336e-22, 9.826053328699096e-23, 6.404180610494135e-36, 0.0, 0.0], [0.003447404131293297, 7.167799140006537e-06, 6.249430839488923e-07, 2.8577537136698083e-07, 6.438412602439951e-23, 5.951258497327061e-26, 5.204146720964591e-38, 1.3966842687414883e-38, 0.0, 0.0, 0.0], [5.474199497257359e-05]]}, "linear_probes": {"mse": [0.02060910271018279, 0.02520779614701317, 0.030293145153605202, 0.04105793795852423, 0.04109429854447267, 0.04107243451122946, 0.0410943291603651, 0.04721956197952006], "mae": [0.10589912020883742, 0.11854815040655235, 0.13065718362772197, 0.15652429633793782, 0.15681460662406654, 0.15651447281063474, 0.15683331800640202, 0.16917281638776846]}}