{"loss": 0.06017596274614334, "val_loss": 0.05509627237915993}